date, pm25, pm10, o3, no2, co
2020/5/1, 64, 57, 48, 36, 59
2020/5/2, 59, 62, 38, 14, 53
2020/5/3, 60, , 30, 17, 60
2020/4/1, 48, 47, 43, 19, 53
2020/4/2, 51, 60, 45, 19, 53
2020/4/3, 61, 63, 44, 17, 66
2020/4/4, 65, 71, 45, 17, 58
2020/4/5, 72, 61, 41, 16, 59
2020/4/6, 63, 61, 37, 16, 57
2020/4/7, 66, 58, 30, 16, 46
2020/4/8, 62, 60, 33, 17, 50
2020/4/9, 62, 68, 40, 17, 58
2020/4/10, 72, 78, 44, 17, 57
2020/4/11, 82, 57, 41, 17, 56
2020/4/12, 60, 58, 41, 17, 60
2020/4/13, 62, 63, 36, 17, 59
2020/4/14, 68, 64, 42, 17, 69
2020/4/15, 73, 53, 39, 16, 57
2020/4/16, 60, 53, 44, 16, 67
2020/4/17, 61, 52, 46, 16, 65
2020/4/18, 59, 53, 44, 18, 62
2020/4/19, 58, 54, 44, 27, 62
2020/4/20, 59, 54, 44, 27, 62
2020/4/21, 59, 54, 44, 27, 62
2020/4/22, 59, 54, 44, 27, 62
2020/4/23, 59, 54, 44, 27, 62
2020/4/24, 59, 54, 44, 27, 62
2020/4/25, 59, 54, 44, 27, 62
2020/4/26, 59, 54, , , 
2020/4/27, 59, , , , 
2020/3/1, 106, 98, 47, 35, 39
2020/3/2, 95, 85, 34, 31, 39
2020/3/3, 83, 84, 42, 27, 37
2020/3/4, 82, 100, 47, 27, 46
2020/3/5, 99, 85, 36, 23, 52
2020/3/6, 84, 70, 30, 21, 51
2020/3/7, 71, 90, 41, 28, 57
2020/3/8, 90, 96, 37, 31, 55
2020/3/9, 96, 83, 35, 28, 55
2020/3/10, 83, 52, 35, 18, 74
2020/3/11, 55, 48, 44, 22, 66
2020/3/12, 51, 55, 44, 24, 57
2020/3/13, 58, 86, 46, 32, 57
2020/3/14, 87, 117, 54, 37, 56
2020/3/15, 144, 106, 51, 42, 60
2020/3/16, 115, 96, 65, 42, 53
2020/3/17, 96, 98, 52, 40, 59
2020/3/18, 97, 82, 44, 24, 63
2020/3/19, 83, 74, 38, 26, 58
2020/3/20, 75, 80, 38, 22, 58
2020/3/21, 81, 71, 41, 23, 56
2020/3/22, 72, 57, 48, 19, 60
2020/3/23, 59, 72, 51, 20, 68
2020/3/24, 73, 68, 50, 19, 64
2020/3/25, 69, 36, 42, 19, 65
2020/3/26, 39, 41, 44, 20, 64
2020/3/27, 44, 53, 43, 21, 58
2020/3/28, 55, 55, 47, 22, 62
2020/3/29, 57, 66, 47, 21, 56
2020/3/30, 65, 56, 54, 18, 62
2020/3/31, 56, 45, 49, 20, 57
2020/2/1, 184, 106, 43, 43, 48
2020/2/2, 119, 89, 39, 32, 35
2020/2/3, 86, 86, 37, 27, 32
2020/2/4, 84, 105, 48, 34, 34
2020/2/5, 117, 114, 43, 38, 35
2020/2/6, 129, 107, 43, 36, 32
2020/2/7, 112, 108, 39, 36, 34
2020/2/8, 113, 104, 30, 43, 36
2020/2/9, 109, 82, 20, 44, 33
2020/2/10, 80, 75, 18, 44, 34
2020/2/11, 73, 100, 22, 35, 53
2020/2/12, 103, 115, 25, 33, 33
2020/2/13, 134, 124, 42, 43, 35
2020/2/14, 159, 112, 47, 50, 35
2020/2/15, 126, 118, 42, 52, 37
2020/2/16, 143, 124, 33, 63, 34
2020/2/17, 162, 141, 41, 63, 35
2020/2/18, 208, 127, 38, 62, 36
2020/2/19, 168, 127, 49, 58, 38
2020/2/20, 169, 119, 53, 43, 36
2020/2/21, 144, 108, 46, 49, 38
2020/2/22, 114, 112, 55, 51, 38
2020/2/23, 126, 109, 49, 45, 36
2020/2/24, 117, 110, 39, 47, 35
2020/2/25, 120, 102, 29, 46, 37
2020/2/26, 102, 126, 36, 36, 38
2020/2/27, 169, 124, 47, 52, 39
2020/2/28, 163, 115, 51, 47, 42
2020/2/29, 137, 104, 54, 40, 37
2020/1/1, 133, 108, 38, 33, 36
2020/1/2, 113, 101, 42, 29, 36
2020/1/3, 99, 118, 40, 33, 34
2020/1/4, 144, 115, 31, 30, 36
2020/1/5, 135, 95, 33, 26, 39
2020/1/6, 92, 123, 39, 24, 35
2020/1/7, 161, 102, 41, 24, 36
2020/1/8, 117, 84, 42, 25, 45
2020/1/9, 82, 91, 30, 38, 51
2020/1/10, 90, 110, 34, 28, 32
2020/1/11, 121, 134, 39, 28, 33
2020/1/12, 187, 119, 45, 34, 34
2020/1/13, 146, 94, 42, 26, 33
2020/1/14, 92, 90, 49, 27, 32
2020/1/15, 87, 85, 46, 28, 32
2020/1/16, 83, 78, 38, 31, 30
2020/1/17, 77, 121, 45, 33, 33
2020/1/18, 151, 128, 50, 40, 35
2020/1/19, 170, 123, 47, 42, 35
2020/1/20, 155, 121, 52, 35, 35
2020/1/21, 155, 89, 48, 34, 35
2020/1/22, 87, 113, 31, 44, 35
2020/1/23, 128, 101, 35, 33, 33
2020/1/24, 118, 84, 47, 37, 34
2020/1/25, 84, 84, 54, 49, 39
2020/1/26, 84, 81, 48, 36, 38
2020/1/27, 80, 75, 36, 26, 35
2020/1/28, 74, 66, 33, 22, 34
2020/1/29, 65, 96, 51, 29, 33
2020/1/30, 96, 123, 54, 36, 35
2020/1/31, 158, 132, 52, 39, 31
2019/10/1, 31, 33, 40, 19, 31
2019/10/2, 34, 45, 48, 29, 32
2019/10/3, 45, 45, 39, 33, 33
2019/10/4, 46, 37, 43, 27, 32
2019/10/5, 38, 51, 51, 36, 30
2019/10/6, 51, 52, 53, 42, 32
2019/10/7, 52, 63, 43, 44, 36
2019/10/8, 63, 50, 43, 40, 30
2019/10/9, 50, 47, 46, 41, 30
2019/10/10, 48, 55, 42, 43, 32
2019/10/11, 54, 73, 45, 42, 33
2019/10/12, 75, 105, 45, 36, 33
2019/10/13, 125, 58, 35, 37, 33
2019/10/14, 57, 85, 36, 50, 49
2019/10/15, 83, 86, 37, 48, 32
2019/10/16, 84, 98, 41, 41, 41
2019/10/17, 94, 86, 28, 46, 39
2019/10/18, 83, 43, 22, 38, 32
2019/10/19, 44, 17, 22, 30, 32
2019/10/20, 19, 20, 29, 30, 33
2019/10/21, 22, 24, 39, 35, 32
2019/10/22, 26, 24, 29, 25, 34
2019/10/23, 26, 28, 28, 24, 32
2019/10/24, 37, 57, 23, 19, 32
2019/10/25, 70, 33, 24, 31, 33
2019/10/26, 34, 40, 32, 28, 32
2019/10/27, 41, 74, 27, 29, 34
2019/10/28, 72, 48, 33, 33, 34
2019/10/29, 48, 56, 34, 37, 35
2019/10/30, 56, 34, 27, 39, 34
2019/10/31, 35, 28, 19, 37, 31
2019/11/1, 30, 39, 33, 45, 32
2019/11/2, 40, 53, 43, 29, 34
2019/11/3, 52, 36, 41, 36, 47
2019/11/4, 37, 46, 44, 38, 39
2019/11/5, 47, 50, 52, 43, 32
2019/11/6, 50, 55, 43, 36, 32
2019/11/7, 55, 40, 32, 33, 33
2019/11/8, 39, 35, 39, 31, 36
2019/11/9, 36, 52, 30, 31, 34
2019/11/10, 52, 59, 29, 40, 35
2019/11/11, 58, 59, 29, 45, 35
2019/11/12, 58, 59, 34, 54, 36
2019/11/13, 58, 106, 21, 43, 35
2019/11/14, 107, 107, 21, 42, 35
2019/11/15, 109, 100, 41, 54, 32
2019/11/16, 104, 96, 48, 64, 31
2019/11/17, 101, 103, 48, 55, 36
2019/11/18, 106, 135, 63, 36, 36
2019/11/19, 195, 138, 53, 49, 35
2019/11/20, 199, 134, 46, 48, 33
2019/11/21, 188, 119, 47, 42, 33
2019/11/22, 146, 123, 44, 40, 34
2019/11/23, 157, 128, 49, 37, 34
2019/11/24, 171, 121, 38, 50, 37
2019/11/25, 150, 120, 41, 46, 36
2019/11/26, 144, 109, 38, 44, 37
2019/11/27, 118, 115, 44, 36, 34
2019/11/28, 133, 114, 44, 48, 35
2019/11/29, 131, 117, 24, 50, 33
2019/11/30, 138, , , , 
2019/12/2, 105, 70, 26, 35, 35
2019/12/3, 70, 64, 30, 43, 36
2019/12/4, 63, 97, 37, 57, 37
2019/12/5, 96, 111, 47, 59, 34
2019/12/6, 123, 107, 52, 54, 35
2019/12/7, 111, 114, 58, 50, 37
2019/12/8, 132, 102, 48, 51, 35
2019/12/9, 104, 104, 48, 49, 35
2019/12/10, 105, 107, 48, 48, 38
2019/12/11, 111, 106, 53, 49, 38
2019/12/12, 108, 95, 49, 43, 37
2019/12/13, 93, 95, 54, 44, 35
2019/12/14, 94, 109, 59, 48, 36
2019/12/15, 118, 114, 56, 47, 44
2019/12/16, 131, 113, 45, 40, 40
2019/12/17, 129, 97, 49, 34, 40
2019/12/18, 94, 114, 40, 29, 37
2019/12/19, 130, 129, 44, 34, 35
2019/12/20, 175, 136, 37, 39, 36
2019/12/21, 195, 127, 30, 41, 35
2019/12/22, 167, 119, 37, 45, 36
2019/12/23, 145, 142, 46, 42, 39
2019/12/24, 210, 127, 53, 40, 37
2019/12/25, 167, 114, 43, 40, 37
2019/12/26, 132, 102, 40, 32, 38
2019/12/27, 101, 110, 33, 35, 36
2019/12/28, 121, 97, 50, 40, 37
2019/12/29, 94, , , , 
2019/7/1, 13, 10, 46, 28, 35
2019/7/2, 11, 26, 49, 27, 33
2019/7/3, 19, 69, 34, 25, 33
2019/7/4, 21, 77, 58, 25, 32
2019/7/5, 25, 54, 57, 25, 32
2019/7/6, 28, 54, 57, 27, 32
2019/7/7, 28, 54, 57, 27, 32
2019/7/8, 28, 54, 57, 27, 32
2019/7/9, 28, 54, 57, 27, 32
2019/7/10, 28, 54, 57, 27, 32
2019/7/11, 28, 54, 57, 27, 32
2019/7/12, 28, 54, 57, 27, 32
2019/7/13, 28, 54, 57, 27, 32
2019/7/14, 28, 54, 57, 27, 32
2019/7/15, 28, 54, 57, 24, 32
2019/7/16, 28, 54, 57, 21, 32
2019/7/17, 28, 54, 57, 21, 32
2019/7/18, 28, 54, 57, 21, 32
2019/7/19, 28, 54, 57, 21, 32
2019/7/20, 28, 54, 57, 21, 32
2019/7/21, 28, 54, 57, 21, 32
2019/7/22, 28, 54, 57, 21, 32
2019/7/23, 28, 54, 57, 21, 32
2019/7/24, 28, 54, 57, 21, 32
2019/7/25, 28, 54, 57, 21, 32
2019/7/26, 28, 28, 53, 41, 28
2019/7/27, 21, 18, 51, 23, 27
2019/7/28, 15, 28, 52, 21, 26
2019/7/29, 20, 21, 46, 20, 29
2019/7/30, 16, 11, 43, 20, 29
2019/7/31, 11, 14, 46, 20, 31
2019/8/1, 13, 11, 42, 19, 29
2019/8/2, 11, 8, 44, 18, 31
2019/8/3, 9, 5, 48, 18, 29
2019/8/4, 8, 11, 47, 18, 28
2019/8/5, 11, 11, 44, 17, 29
2019/8/6, 11, 19, 47, 16, 29
2019/8/7, 15, 29, 50, 18, 29
2019/8/8, 20, 32, 50, 20, 29
2019/8/9, 29, 28, 50, 18, 29
2019/8/10, 69, 25, 46, 16, 32
2019/8/11, 21, 30, 47, 15, 31
2019/8/12, 21, 47, 50, 15, 43
2019/8/13, 37, 35, 48, 17, 29
2019/8/14, 41, 45, 40, 22, 28
2019/8/15, 53, 34, 46, 20, 30
2019/8/16, 39, 33, 43, 14, 29
2019/8/17, 38, 33, 42, 12, 29
2019/8/18, 37, 39, 44, 16, 29
2019/8/19, 44, 47, 46, 19, 29
2019/8/20, 53, 47, 39, 17, 30
2019/8/21, 54, 36, 41, 19, 29
2019/8/22, 42, 36, 31, 18, 30
2019/8/23, 41, 40, 34, 18, 30
2019/8/24, 31, 29, 38, 20, 30
2019/8/25, 20, 27, 36, 22, 29
2019/8/26, 19, 38, 33, 21, 29
2019/8/27, 24, 48, 33, 15, 29
2019/8/28, 29, 61, 36, 13, 29
2019/8/29, 43, 37, 36, 13, 31
2019/8/30, 44, 23, 35, 14, 31
2019/8/31, 25, 22, 34, 14, 31
2019/9/1, 24, 22, 32, 14, 29
2019/9/2, 24, 27, 33, 15, 29
2019/9/3, 30, 31, 31, 17, 30
2019/9/4, 34, 22, 35, 19, 34
2019/9/5, 23, 27, 33, 24, 33
2019/9/6, 27, 25, 35, 26, 51
2019/9/7, 21, 39, 37, 17, 47
2019/9/8, 26, 23, 32, 19, 31
2019/9/9, 18, 23, 33, 19, 31
2019/9/10, 18, 30, 33, 20, 39
2019/9/11, 22, 49, 30, 17, 42
2019/9/12, 33, 44, 31, 17, 30
2019/9/13, 33, 31, 34, 16, 32
2019/9/14, 22, 53, 39, 15, 32
2019/9/15, 32, 29, 37, 18, 33
2019/9/16, 18, 39, 32, 17, 31
2019/9/17, 24, 48, 43, 16, 31
2019/9/18, 29, 48, 45, 25, 31
2019/9/19, 29, 57, 34, 23, 30
2019/9/20, 35, 83, 37, 29, 29
2019/9/21, 52, 58, 36, 31, 30
2019/9/22, 51, 45, 36, 24, 32
2019/9/23, 45, 48, 37, 27, 29
2019/9/24, 49, 49, 37, 28, 47
2019/9/25, 49, 44, 37, 33, 35
2019/9/26, 45, 40, 29, 36, 33
2019/9/27, 41, 17, 25, 27, 33
2019/9/28, 22, 25, 26, 17, 33
2019/9/29, 28, 27, 24, 14, 32
2019/9/30, 29, 30, 26, 15, 31
2019/4/1, 72, 67, 56, 41, 68
2019/4/2, 68, 65, 67, 42, 72
2019/4/3, 66, 75, 69, 46, 79
2019/4/4, 75, 76, 59, 43, 49
2019/4/5, 76, 69, 58, 39, 48
2019/4/6, 69, 65, 63, 38, 63
2019/4/7, 66, 59, 69, 37, 56
2019/4/8, 60, 65, 88, 39, 53
2019/4/9, 65, 63, 71, 38, 57
2019/4/10, 64, 65, 70, 39, 61
2019/4/11, 65, 65, 77, 40, 66
2019/4/12, 66, 72, 64, 42, 52
2019/4/13, 73, 63, 83, 50, 54
2019/4/14, 61, 45, 68, 51, 73
2019/4/15, 47, 51, 81, 48, 65
2019/4/16, 53, 56, 53, 41, 44
2019/4/17, 57, 56, 65, 39, 39
2019/4/18, 57, 62, 65, 42, 49
2019/4/19, 63, 65, 66, 42, 56
2019/4/20, 65, 64, 58, 40, 45
2019/4/21, 64, 51, 58, 37, 46
2019/4/22, 53, 44, 61, 41, 42
2019/4/23, 46, 38, 62, 40, 43
2019/4/24, 41, 56, 73, 37, 46
2019/4/25, 58, 98, 64, 37, 56
2019/4/26, 96, 92, 57, 38, 52
2019/4/27, 91, 76, 69, 35, 51
2019/4/28, 75, 72, 68, 32, 50
2019/4/29, 72, 66, 57, 31, 41
2019/4/30, 66, 71, 49, 33, 44
2019/5/1, 71, 64, 54, 30, 30
2019/5/2, 65, 71, 50, 28, 30
2019/5/3, 71, 79, 44, 27, 30
2019/5/4, 79, 63, 56, 26, 32
2019/5/5, 64, 51, 59, 27, 32
2019/5/6, 52, 58, 63, 29, 32
2019/5/7, 59, 51, 77, 26, 32
2019/5/8, 52, 39, 54, 24, 32
2019/5/9, 42, 32, 56, 25, 32
2019/5/10, 35, 32, 51, 26, 31
2019/5/11, 35, 20, 74, 27, 31
2019/5/12, 24, 18, 56, 27, 32
2019/5/13, 22, 18, 57, 27, 30
2019/5/14, 23, 19, 59, 30, 30
2019/5/15, 23, 20, 61, 27, 30
2019/5/16, 24, 24, 56, 28, 32
2019/5/17, 28, 32, 46, 28, 32
2019/5/18, 32, 46, 48, 28, 32
2019/5/19, 30, 39, 56, 28, 32
2019/5/20, 25, 34, 69, 28, 32
2019/5/21, 22, 39, 67, 26, 35
2019/5/22, 25, 41, 66, 27, 32
2019/5/23, 26, 36, 75, 25, 32
2019/5/24, 24, 43, 120, 26, 31
2019/5/25, 27, 30, 64, 26, 30
2019/5/26, 20, 23, 67, 24, 32
2019/5/27, 17, 40, 92, 25, 32
2019/5/28, 25, 115, 60, 24, 32
2019/5/29, 66, 111, 67, 25, 32
2019/5/30, 63, 100, 64, 27, 32
2019/5/31, 55, 89, 49, 27, 31
2019/6/1, 49, 84, 39, 28, 31
2019/6/2, 46, 84, 39, 29, 31
2019/6/3, 46, 84, 39, 29, 31
2019/6/4, 46, 89, 39, 29, 31
2019/6/5, 49, 89, 39, 29, 31
2019/6/6, 49, 89, 51, 29, 31
2019/6/7, 49, 89, 61, 30, 32
2019/6/8, 49, 89, 61, 32, 32
2019/6/9, 49, 89, 111, 29, 34
2019/6/10, 49, 44, 54, 34, 35
2019/6/11, 28, 44, 37, 32, 36
2019/6/12, 28, 27, 38, 31, 34
2019/6/13, 19, 28, 39, 30, 35
2019/6/14, 20, 68, 36, 27, 38
2019/6/15, 42, 57, 69, 27, 34
2019/6/16, 34, 66, 42, 28, 33
2019/6/17, 38, 52, 53, 28, 35
2019/6/18, 31, 45, 61, 28, 34
2019/6/19, 28, 62, 38, 28, 35
2019/6/20, 36, 80, 45, 28, 34
2019/6/21, 45, 77, 46, 28, 35
2019/6/22, 44, 77, 46, 29, 35
2019/6/23, 44, 77, 42, 27, 34
2019/6/24, 43, 63, 48, 27, 33
2019/6/25, 37, 57, 43, 28, 35
2019/6/26, 34, 30, 43, 27, 36
2019/6/27, 21, 23, 48, 28, 35
2019/6/28, 17, 12, 43, 28, 33
2019/6/29, 11, 19, 40, 26, 33
2019/6/30, 15, 15, 46, 26, 34
2019/1/1, 224, 177, 32, 104, 85
2019/1/2, 310, 160, 30, 113, 101
2019/1/3, 264, 150, 34, 110, 75
2019/1/4, 237, 167, 48, 114, 64
2019/1/5, 283, 161, 47, 105, 80
2019/1/6, 267, 143, 29, 103, 112
2019/1/7, 219, 177, 30, 111, 104
2019/1/8, 298, 179, 33, 115, 95
2019/1/9, 304, 166, 36, 114, 96
2019/1/10, 283, 171, 47, 112, 96
2019/1/11, 294, 171, 41, 108, 87
2019/1/12, 292, 148, 72, 101, 81
2019/1/13, 232, 143, 32, 101, 90
2019/1/14, 216, 169, 61, 109, 84
2019/1/15, 290, 147, 29, 111, 103
2019/1/16, 226, 124, 36, 108, 99
2019/1/17, 160, 120, 33, 109, 95
2019/1/18, 150, 139, 46, 109, 93
2019/1/19, 200, 134, 31, 103, 86
2019/1/20, 187, 118, 18, 101, 77
2019/1/21, 144, 104, 31, 103, 78
2019/1/22, 120, 72, 29, 86, 94
2019/1/23, 72, 84, 42, 88, 104
2019/1/24, 83, 104, 43, 88, 108
2019/1/25, 106, 101, 27, 86, 112
2019/1/26, 100, 77, 26, 88, 92
2019/1/27, 76, 64, 27, 89, 100
2019/1/28, 65, 74, 28, 95, 106
2019/1/29, 74, 109, 35, 101, 75
2019/1/30, 123, 85, 32, 98, 104
2019/1/31, 86, 78, 62, 93, 91
2019/2/1, 83, 78, 49, 84, 76
2019/2/2, 83, 78, 38, 81, 88
2019/2/3, 83, 115, 24, 87, 95
2019/2/4, 112, 109, 41, 92, 112
2019/2/5, 106, 88, 40, 86, 100
2019/2/6, 86, 70, 41, 84, 97
2019/2/7, 69, 71, 35, 64, 53
2019/2/8, 71, 112, 27, 65, 41
2019/2/9, 134, 132, 30, 84, 59
2019/2/10, 183, 135, 40, 89, 65
2019/2/11, 191, 113, 47, 85, 70
2019/2/12, 131, 107, 49, 82, 91
2019/2/13, 114, 92, 54, 76, 63
2019/2/14, 90, 74, 71, 70, 81
2019/2/15, 73, 72, 69, 65, 81
2019/2/16, 72, 92, 79, 65, 84
2019/2/17, 90, 90, 84, 63, 84
2019/2/18, 88, 100, 94, 68, 80
2019/2/19, 102, 114, 80, 74, 83
2019/2/20, 133, 81, 89, 70, 94
2019/2/21, 80, 78, 75, 69, 92
2019/2/22, 77, 90, 70, 66, 83
2019/2/23, 89, 83, 66, 60, 96
2019/2/24, 82, 78, 56, 52, 90
2019/2/25, 78, 73, 47, 49, 92
2019/2/26, 72, 81, 45, 47, 93
2019/2/27, 80, 77, 58, 47, 89
2019/2/28, 77, 71, 61, 48, 110
2019/3/1, 71, 109, 66, 65, 99
2019/3/2, 117, 76, 62, 51, 95
2019/3/3, 77, 47, 64, 43, 90
2019/3/4, 49, 69, 52, 41, 96
2019/3/5, 69, 75, 60, 40, 88
2019/3/6, 75, 71, 64, 43, 95
2019/3/7, 71, 74, 76, 47, 86
2019/3/8, 74, 90, 70, 48, 80
2019/3/9, 88, 102, 70, 46, 75
2019/3/10, 102, 89, 53, 42, 72
2019/3/11, 87, 92, 56, 43, 82
2019/3/12, 91, 86, 58, 44, 60
2019/3/13, 85, 76, 60, 42, 89
2019/3/14, 76, 81, 69, 43, 57
2019/3/15, 80, 94, 72, 49, 47
2019/3/16, 92, 79, 76, 47, 55
2019/3/17, 79, 71, 98, 43, 74
2019/3/18, 71, 82, 70, 45, 73
2019/3/19, 81, 80, 75, 43, 72
2019/3/20, 79, 72, 60, 40, 54
2019/3/21, 72, 57, 51, 37, 51
2019/3/22, 59, 62, 70, 41, 57
2019/3/23, 62, 87, 72, 45, 235
2019/3/24, 86, 105, 73, 48, 142
2019/3/25, 111, 101, 69, 48, 92
2019/3/26, 102, 89, 69, 47, 76
2019/3/27, 88, 78, 75, 44, 78
2019/3/28, 78, 83, 84, 46, 64
2019/3/29, 129, 87, 79, 47, 58
2019/3/30, 87, 85, 68, 43, 82
2019/3/31, 83, 72, 62, 39, 83
2018/10/1, 57, 55, 60, 28, 88
2018/10/2, 57, 49, 63, 28, 85
2018/10/3, 51, 48, 62, 27, 65
2018/10/4, 51, 48, 41, 27, 55
2018/10/5, 51, 63, 41, 27, 68
2018/10/6, 64, 78, 44, 28, 81
2018/10/7, 78, 75, 51, 29, 65
2018/10/8, 75, 79, 52, 27, 48
2018/10/9, 79, 88, 72, 26, 57
2018/10/10, 88, 97, 104, 28, 71
2018/10/11, 96, 90, 58, 33, 58
2018/10/12, 89, 86, 56, 30, 62
2018/10/13, 86, 88, 55, 28, 57
2018/10/14, 88, 89, 54, 28, 46
2018/10/15, 89, 96, 57, 43, 64
2018/10/16, 95, 91, 67, 92, 93
2018/10/17, 90, 70, 48, 97, 98
2018/10/18, 71, 42, 61, 21, 48
2018/10/19, 45, 44, 66, 21, 50
2018/10/20, 46, 60, 64, 21, 67
2018/10/21, 61, 73, 70, 26, 97
2018/10/22, 73, 74, 62, 41, 47
2018/10/23, 74, 74, 66, 45, 73
2018/10/24, 74, 83, 47, 28, 95
2018/10/25, 77, 97, 47, 30, 95
2018/10/26, 77, 100, 25, 28, 31
2018/10/27, 99, 101, 25, 28, 31
2018/10/28, 100, 80, 45, 27, 41
2018/10/29, 80, 74, 45, 27, 49
2018/10/30, 74, 93, 36, 27, 56
2018/10/31, 92, 94, 50, 26, 48
2018/11/1, 94, 82, 56, 15, 50
2018/11/2, 82, 81, 56, 10, 73
2018/11/3, 81, 62, 67, 10, 97
2018/11/4, 59, 46, 74, 10, 50
2018/11/5, 36, 42, 75, 89, 107
2018/11/6, 41, 76, 72, 90, 47
2018/11/7, 77, 118, 88, 89, 23
2018/11/8, 156, 87, 128, 87, 23
2018/11/9, 99, 71, 86, 87, 28
2018/11/10, 72, 71, 82, 88, 53
2018/11/11, 72, 79, 83, 90, 41
2018/11/12, 79, 82, 76, 94, 23
2018/11/13, 82, 78, 71, 96, 26
2018/11/14, 78, 89, 58, 99, 58
2018/11/15, 89, 95, 28, 98, 73
2018/11/16, 97, 100, 55, 97, 71
2018/11/17, 105, 95, 70, 95, 68
2018/11/18, 96, 86, 64, 92, 61
2018/11/19, 88, 68, 49, 93, 81
2018/11/20, 71, 58, 49, 97, 106
2018/11/21, 61, 69, 44, 98, 67
2018/11/22, 72, 76, 39, 101, 122
2018/11/23, 78, 91, 51, 103, 114
2018/11/24, 94, 94, 60, 102, 62
2018/11/25, 97, 98, 60, 99, 90
2018/11/26, 100, 98, 49, 102, 561
2018/11/27, 100, 127, 36, 102, 45
2018/11/28, 174, 130, 18, 87, 61
2018/11/29, 182, 123, 41, 82, 58
2018/11/30, 161, 119, 44, 72, 60
2018/12/1, 150, 113, 51, 66, 55
2018/12/2, 141, 112, 45, 65, 62
2018/12/3, 137, 103, 30, 68, 51
2018/12/4, 111, 104, 37, 86, 96
2018/12/5, 113, 117, 43, 95, 92
2018/12/6, 133, 113, 50, 97, 100
2018/12/7, 121, 108, 43, 104, 133
2018/12/8, 105, 102, 36, 109, 125
2018/12/9, 89, 88, 39, 95, 92
2018/12/10, 77, 117, 46, 98, 81
2018/12/11, 130, 118, 60, 99, 74
2018/12/12, 100, 115, 38, 89, 71
2018/12/13, 116, 125, 20, 94, 83
2018/12/14, 241, 112, 80, 107, 82
2018/12/15, 152, 119, 26, 108, 67
2018/12/16, 296, 128, 22, 106, 73
2018/12/17, 275, 148, 41, 109, 89
2018/12/18, 235, 101, 12, 106, 84
2018/12/19, 121, 59, 18, 104, 85
2018/12/20, 61, 1, 35, 105, 93
2018/12/21, 7, 1, 32, 94, 85
2018/12/22, 7, 1, 33, 100, 99
2018/12/23, 7, 52, 46, 99, 97
2018/12/24, 87, 121, 44, 95, 81
2018/12/25, 194, 98, 47, 90, 82
2018/12/26, 134, 88, 32, 90, 91
2018/12/27, 103, 105, 23, 101, 87
2018/12/28, 139, 132, 13, 105, 106
2018/12/29, 209, 133, 13, 105, 105
2018/12/30, 210, , , , 
2018/7/1, 24, 29, 41, 36, 34
2018/7/2, 22, 23, 93, 37, 47
2018/7/3, 17, 24, 127, 37, 61
2018/7/4, 18, 19, 85, 38, 65
2018/7/5, 14, 20, 93, 38, 45
2018/7/6, 15, 29, 44, 36, 48
2018/7/7, 22, 4, 45, 37, 50
2018/7/8, 3, 4, 40, 37, 41
2018/7/9, 3, 18, 43, 37, 46
2018/7/10, 13, 24, 47, 37, 71
2018/7/11, 18, 27, 47, 28, 61
2018/7/12, 20, 26, 38, 24, 52
2018/7/13, 19, 26, 38, 24, 53
2018/7/14, 19, 22, 42, 21, 66
2018/7/15, 16, 15, 39, 21, 92
2018/7/16, 11, 16, 34, 21, 105
2018/7/17, 9, 19, 40, 21, 32
2018/7/18, 14, 20, 46, 32, 31
2018/7/19, 15, 22, 46, 27, 48
2018/7/20, 16, 19, 45, 22, 53
2018/7/21, 14, 16, 36, 24, 29
2018/7/22, 12, 16, 36, 24, 29
2018/7/23, 12, 28, 41, 23, 37
2018/7/24, 21, 31, 41, 23, 39
2018/7/25, 23, 34, 42, 24, 44
2018/7/26, 26, 29, 43, 25, 52
2018/7/27, 23, 26, 44, 30, 53
2018/7/28, 20, 32, 45, 24, 50
2018/7/29, 24, 37, 46, 22, 71
2018/7/30, 28, 40, 42, 22, 76
2018/7/31, 30, 48, 44, 22, 48
2018/8/1, 36, 52, 45, 23, 45
2018/8/2, 39, 39, 42, 23, 52
2018/8/3, 29, 26, 40, 23, 76
2018/8/4, 20, 25, 41, 23, 64
2018/8/5, 18, 32, 42, 24, 43
2018/8/6, 24, 30, 42, 25, 49
2018/8/7, 23, 26, 43, 24, 55
2018/8/8, 20, 26, 44, 24, 63
2018/8/9, 19, 25, 44, 24, 68
2018/8/10, 18, 24, 43, 24, 80
2018/8/11, 18, 28, 43, 24, 66
2018/8/12, 21, 24, 43, 24, 66
2018/8/13, 18, 28, 40, 33, 78
2018/8/14, 21, 37, 40, 33, 78
2018/8/15, 28, 20, 42, 27, 44
2018/8/16, 15, 39, 54, 32, 52
2018/8/17, 33, 35, 44, 75, 56
2018/8/18, 26, 16, 43, 58, 50
2018/8/19, 12, 17, 42, 22, 49
2018/8/20, 15, 19, 36, 22, 56
2018/8/21, 16, 28, 36, 22, 87
2018/8/22, 18, 27, 36, 22, 85
2018/8/23, 19, 33, 37, 25, 58
2018/8/24, 31, 25, 33, 28, 84
2018/8/25, 28, 18, 33, 28, 80
2018/8/26, 22, 23, 36, 27, 51
2018/8/27, 27, 24, 35, 28, 50
2018/8/28, 28, 29, 32, 27, 61
2018/8/29, 32, 30, 32, 26, 71
2018/8/30, 33, 31, 38, 28, 54
2018/8/31, 34, 32, 50, 28, 50
2018/9/1, 35, 27, 44, 27, 70
2018/9/2, 31, 15, 37, 27, 83
2018/9/3, 20, 19, 30, 27, 63
2018/9/4, 23, 24, 32, 27, 44
2018/9/5, 28, 29, 44, 28, 70
2018/9/6, 32, 33, 45, 28, 75
2018/9/7, 36, 30, 42, 27, 68
2018/9/8, 33, 30, 42, 28, 94
2018/9/9, 33, 30, 42, 28, 94
2018/9/10, 33, 37, 40, 30, 121
2018/9/11, 40, 39, 40, 31, 128
2018/9/12, 42, 39, 40, 31, 128
2018/9/13, 42, 26, 36, 29, 128
2018/9/14, 30, 26, 36, 28, 128
2018/9/15, 30, 26, 36, 28, 128
2018/9/16, 30, 25, 47, 30, 73
2018/9/17, 28, 26, 47, 30, 83
2018/9/18, 29, 41, 36, 30, 71
2018/9/19, 44, 44, 41, 29, 64
2018/9/20, 48, 42, 61, 28, 54
2018/9/21, 53, 53, 62, 27, 43
2018/9/22, 57, 56, 51, 28, 38
2018/9/23, 58, 39, 50, 28, 73
2018/9/24, 42, 44, 52, 28, 43
2018/9/25, 46, 50, 62, 27, 59
2018/9/26, 52, 66, 66, 27, 82
2018/9/27, 67, 61, 52, 27, 76
2018/9/28, 63, 51, 58, 28, 87
2018/9/29, 53, 53, 44, 26, 52
2018/9/30, 55, 56, 47, 26, 42
2018/4/1, 73, 88, 56, 26, 39
2018/4/2, 81, 92, 72, 19, 36
2018/4/3, 86, 96, 72, 32, 31
2018/4/4, 185, 91, 20, 27, 38
2018/4/5, 119, 96, 82, 37, 36
2018/4/6, 81, 110, 80, 63, 28
2018/4/7, 95, 125, 79, 71, 28
2018/4/8, 130, 135, 76, 73, 31
2018/4/9, 151, 104, 17, 58, 33
2018/4/10, 88, 102, 32, 53, 31
2018/4/11, 86, 98, 31, 50, 31
2018/4/12, 82, 99, , 53, 
2018/4/13, 82, 101, , 53, 
2018/4/14, 84, , , , 
2018/4/19, 71, 91, 40, 28, 34
2018/4/20, 76, , , , 
2018/4/23, 70, 92, 69, 42, 32
2018/4/24, 76, 89, 87, 39, 31
2018/4/25, 74, 80, 94, 36, 31
2018/4/26, 66, 73, 114, 38, 34
2018/4/27, 60, 69, 69, 38, 39
2018/4/28, 57, 68, 64, 39, 38
2018/4/29, 57, 62, 57, 37, 35
2018/4/30, 53, 75, 72, 34, 33
2018/5/1, 62, 83, 83, 36, 33
2018/5/2, 69, 72, 93, , 32
2018/5/3, 59, 72, 90, 41, 34
2018/5/4, 59, 70, 71, 38, 40
2018/5/5, 58, 76, 66, 37, 37
2018/5/6, 63, 68, 60, 36, 50
2018/5/7, 57, 59, 71, 36, 45
2018/5/8, 49, 71, 182, 37, 29
2018/5/9, 57, 88, 194, 40, 36
2018/5/10, 68, 83, 110, 39, 36
2018/5/11, 62, 74, 75, 37, 32
2018/5/12, 58, 78, 72, 37, 32
2018/5/13, 61, 93, 81, 40, 31
2018/5/14, 74, 78, 89, 40, 33
2018/5/15, 61, 72, 84, 39, 30
2018/5/16, 56, 82, 130, 40, 27
2018/5/17, 64, 81, 124, 38, 31
2018/5/18, 63, 79, 93, 38, 40
2018/5/19, 62, 91, 164, 39, 42
2018/5/20, 72, 93, 142, 38, 37
2018/5/21, 73, 82, 84, 38, 34
2018/5/22, 65, 81, 147, 39, 34
2018/5/23, 63, 84, 147, 39, 33
2018/5/24, 67, 90, 78, 39, 30
2018/5/25, 71, 72, 78, 39, 29
2018/5/26, 56, 69, 103, 40, 30
2018/5/27, 54, 69, 104, 39, 34
2018/5/28, 54, 59, 137, 38, 39
2018/5/29, 46, 53, 72, 37, 39
2018/5/30, 41, 57, 63, 38, 41
2018/5/31, 44, 73, 87, 38, 43
2018/6/1, 57, 78, 90, 38, 26
2018/6/2, 61, 54, 80, 38, 28
2018/6/3, 42, 34, 80, 38, 29
2018/6/4, 26, 45, 67, 41, 27
2018/6/5, 35, 54, 96, 41, 40
2018/6/6, 42, 45, 71, 39, 29
2018/6/7, 36, 37, 70, 39, 28
2018/6/8, 28, 29, 72, 39, 31
2018/6/9, 22, 25, 66, 38, 30
2018/6/10, 19, 40, 58, 38, 31
2018/6/11, 30, 53, 66, 37, 38
2018/6/12, 40, 63, 122, 37, 37
2018/6/13, 47, 65, 128, 39, 32
2018/6/14, 48, 57, 51, 42, 31
2018/6/15, 43, 46, 49, 40, 26
2018/6/16, 34, 39, 49, 54, 27
2018/6/17, 29, 28, 52, 49, 39
2018/6/18, 20, 19, 55, 45, 40
2018/6/19, 14, 27, 58, 47, 32
2018/6/20, 20, 53, 60, 42, 27
2018/6/21, 39, 39, 51, 38, 46
2018/6/22, 29, 26, 45, 36, 76
2018/6/23, 19, 22, 45, 36, 55
2018/6/24, 16, 15, 45, 37, 49
2018/6/25, 11, 22, 44, 37, 66
2018/6/26, 17, 32, 47, 36, 60
2018/6/27, 24, 38, 48, 36, 52
2018/6/28, 29, 28, 37, 37, 62
2018/6/29, 21, 30, 48, 38, 64
2018/6/30, 22, 32, 45, 36, 46
2018/1/1, 94, 106, 70, 27, 53
2018/1/2, 89, 111, 72, 27, 61
2018/1/3, 90, 120, 71, 29, 56
2018/1/4, 99, 129, 86, 28, 54
2018/1/5, 119, 120, 69, 28, 43
2018/1/6, 99, 111, 61, 27, 21
2018/1/7, 87, 102, 65, 27, 34
2018/1/8, 78, 103, 63, 28, 55
2018/1/9, 83, 140, 51, 28, 41
2018/1/10, 123, 137, 52, 28, 44
2018/1/11, 137, 124, 56, 29, 40
2018/1/12, 110, 114, 58, 29, 35
2018/1/13, 93, , 46, 29, 37
2018/1/15, 170, 143, 66, 29, 74
2018/1/16, 177, 122, 67, 27, 83
2018/1/17, 136, 97, 68, 28, 94
2018/1/18, 88, 100, 61, 28, 101
2018/1/19, 92, 113, 65, 28, 102
2018/1/20, 114, 124, 66, , 93
2018/1/21, 143, 123, 91, 27, 49
2018/1/22, 142, 104, 98, 27, 33
2018/1/23, 106, 81, 100, 27, 25
2018/1/24, 169, 101, 63, 25, 26
2018/1/25, 201, 135, 79, 28, 19
2018/1/26, 203, 117, 95, 28, 39
2018/1/27, 142, 118, 98, 28, 70
2018/1/28, 145, 124, 76, 28, 92
2018/1/29, 163, 144, 70, 28, 73
2018/1/30, 221, 154, 56, , 53
2018/1/31, 246, 148, 46, 14, 47
2018/2/1, 227, 134, 41, 14, 33
2018/2/2, 189, 124, 26, , 43
2018/2/3, 163, 132, 21, 15, 51
2018/2/4, 183, 141, 29, 14, 49
2018/2/5, 209, 137, 33, 14, 55
2018/2/6, 198, 128, 32, , 55
2018/2/7, 175, 102, 34, , 48
2018/2/8, 114, 95, 35, , 27
2018/2/9, 95, 102, 33, , 24
2018/2/10, 101, 101, 33, , 32
2018/2/11, 99, 64, 28, , 36
2018/2/12, 64, 76, 30, , 43
2018/2/13, 75, 82, 32, , 43
2018/2/14, 101, 81, 29, , 51
2018/2/15, 101, 98, 32, , 44
2018/2/16, 109, 104, 38, , 44
2018/2/17, 113, 95, 38, , 47
2018/2/18, 93, 88, 30, 12, 58
2018/2/19, 80, 104, 30, 14, 44
2018/2/20, 113, 120, 42, , 35
2018/2/21, 141, 121, 46, , 36
2018/2/22, 150, 123, 52, , 39
2018/2/23, 139, 114, 50, , 43
2018/2/24, 134, 119, 39, , 47
2018/2/25, 146, 123, 46, , 44
2018/2/26, 161, 125, 32, , 43
2018/2/27, 138, 121, 44, , 42
2018/2/28, 119, 114, 42, , 43
2018/3/1, 132, 118, 35, , 45
2018/3/2, 140, 125, 37, , 44
2018/3/3, 156, 123, 27, , 36
2018/3/4, 150, 123, 45, , 32
2018/3/5, 148, , 59, , 45
2018/3/7, 156, 110, 58, 13, 51
2018/3/8, 119, 102, 55, 14, 45
2018/3/9, 101, 110, 43, , 45
2018/3/10, 114, 116, 43, 7, 38
2018/3/11, 128, 109, 52, 9, 34
2018/3/12, 112, 116, 40, 14, 37
2018/3/13, 129, 125, 42, , 43
2018/3/14, 154, , 53, 13, 40
2018/3/16, 76, 96, 53, 14, 40
2018/3/17, 93, 114, 59, 13, 36
2018/3/18, 122, 96, 61, 13, 37
2018/3/19, 98, 83, 52, 14, 44
2018/3/20, 78, 72, 44, , 47
2018/3/21, 67, 67, 46, , 48
2018/3/22, 62, 83, 58, , 42
2018/3/23, 78, 100, 54, 25, 42
2018/3/24, 96, 109, 62, 25, 45
2018/3/25, 111, 116, 55, 26, 44
2018/3/26, 131, 117, 50, 28, 41
2018/3/27, 134, 98, 54, 26, 44
2018/3/28, 100, 77, 50, 27, 48
2018/3/29, 72, 76, 54, 28, 47
2018/3/30, 71, 82, 46, 22, 53
2018/3/31, 76, 81, 64, 17, 45
2017/10/1, 54, 67, 52, 26, 
2017/10/2, 53, 77, 61, 30, 17
2017/10/3, 60, 86, 71, 28, 24
2017/10/4, 67, 118, 74, 27, 28
2017/10/5, 119, 102, 55, 28, 28
2017/10/6, 120, 59, 55, 28, 25
2017/10/7, 58, 47, 38, 29, 24
2017/10/8, 36, 39, 55, 29, 24
2017/10/9, 29, 41, 56, 29, 22
2017/10/10, 31, 48, 61, 28, 29
2017/10/11, 36, 43, 104, 28, 53
2017/10/12, 33, 34, 110, 28, 51
2017/10/13, 27, 33, 79, 27, 33
2017/10/14, 26, 43, 71, 27, 28
2017/10/15, 33, 50, 96, 27, 15
2017/10/16, 39, 64, 96, 29, 24
2017/10/17, 51, 80, 73, 28, 27
2017/10/18, 67, 95, 102, 30, 29
2017/10/19, 72, 139, 113, 30, 34
2017/10/20, 132, 134, 169, 29, 44
2017/10/21, 134, 99, 169, 30, 57
2017/10/22, 79, 87, 146, 29, 59
2017/10/23, 66, 91, 158, 29, 63
2017/10/24, 68, 94, 158, 30, 62
2017/10/25, 71, 113, 31, 30, 61
2017/10/26, 92, 113, 49, 29, 58
2017/10/27, 93, 105, 49, 29, 55
2017/10/28, 84, 100, 50, 30, 57
2017/10/29, 78, 109, 42, 29, 58
2017/10/30, 87, 118, 43, 29, 60
2017/10/31, 97, 125, 45, 29, 58
2017/11/1, 108, 132, 42, 29, 55
2017/11/2, 125, 132, 38, 28, 59
2017/11/3, 125, , , , 
2017/11/6, 82, 116, 42, 30, 59
2017/11/7, 97, 121, 42, 29, 65
2017/11/8, 105, 115, 47, 28, 60
2017/11/9, 94, 113, 50, 29, 60
2017/11/10, 91, 121, 51, 29, 61
2017/11/11, 105, 137, 62, 31, 72
2017/11/12, 137, 131, 64, 31, 77
2017/11/13, 122, 123, 65, 30, 71
2017/11/14, 104, 123, 68, 32, 68
2017/11/15, 100, 125, 66, 31, 71
2017/11/16, 108, 120, 76, 31, 73
2017/11/17, 105, 109, 79, 26, 69
2017/11/18, 87, , 52, 28, 68
2017/11/20, 71, 79, 41, 30, 67
2017/11/21, 62, 86, 38, 30, 68
2017/11/22, 66, 103, 53, 28, 89
2017/11/23, 78, 96, 68, 30, 71
2017/11/24, 73, 97, 73, 29, 69
2017/11/25, 75, 134, 53, 28, 66
2017/11/26, 174, 150, 48, 30, 66
2017/11/27, 209, 123, 32, 30, 68
2017/11/28, 108, 119, 48, 29, 71
2017/11/29, 99, 126, 48, 30, 71
2017/11/30, 112, 134, 28, 31, 73
2017/12/1, 131, 123, 41, 30, 67
2017/12/2, 112, 110, 68, 28, 30
2017/12/3, 88, 102, 70, 28, 36
2017/12/4, 79, 93, 47, 27, 63
2017/12/5, 72, 89, 56, 27, 54
2017/12/6, 69, , 70, 29, 53
2017/12/12, 51, 63, 71, 29, 108
2017/12/13, 48, 74, 46, 29, 69
2017/12/14, 57, 80, 70, 28, 77
2017/12/15, 61, 102, 80, 28, 80
2017/12/16, 81, 113, 51, 28, 76
2017/12/17, 91, 98, 48, 28, 61
2017/12/18, 77, 101, 47, 29, 53
2017/12/19, 80, 107, 43, 29, 55
2017/12/20, 86, 111, 47, 28, 73
2017/12/21, 89, 133, 52, 28, 42
2017/12/22, 134, 144, 52, 29, 55
2017/12/23, 155, 135, 71, 29, 62
2017/12/24, 133, 126, 75, 28, 58
2017/12/25, 112, 131, 41, 28, 56
2017/12/26, 113, 136, 40, 29, 56
2017/12/27, 126, 139, 54, 29, 46
2017/12/28, 127, 135, 56, 28, 60
2017/12/29, 121, 129, 60, 28, 65
2017/12/30, 118, , , , 
2017/7/1, 26, 35, 32, 27, 26
2017/7/2, 27, 32, 27, 27, 9
2017/7/3, 25, 42, 26, 28, 18
2017/7/4, 33, 43, 26, 27, 11
2017/7/5, 34, 50, 27, 28, 22
2017/7/6, 39, 54, 26, 29, 17
2017/7/7, 42, 54, 27, 27, 12
2017/7/8, 42, 55, 27, 28, 17
2017/7/9, 43, 47, 25, 29, 20
2017/7/10, 38, 46, 25, 29, 21
2017/7/11, 36, 47, 42, 28, 22
2017/7/12, 37, 50, 85, 29, 13
2017/7/13, 40, 45, 75, 29, 19
2017/7/14, 35, 39, 22, 27, 40
2017/7/15, 31, 41, 16, 27, 61
2017/7/16, 32, 32, 23, 28, 3
2017/7/17, 23, 29, 19, 29, 12
2017/7/18, 21, 23, 20, 28, 32
2017/7/19, 17, 21, 16, 28, 26
2017/7/20, 16, 23, 80, 27, 30
2017/7/21, 18, 25, 80, 29, 38
2017/7/22, 20, , , , 
2017/7/24, 29, 44, 76, 28, 42
2017/7/25, 34, 50, 80, 29, 43
2017/7/26, 39, 43, 62, 27, 27
2017/7/27, 34, 34, 62, 27, 25
2017/7/28, 26, 31, 46, 29, 25
2017/7/29, 25, , , , 
2017/7/31, 24, 30, 33, 27, 61
2017/8/1, 23, 31, 27, 28, 43
2017/8/2, 24, 35, 21, 28, 40
2017/8/3, 27, 37, 20, 29, 46
2017/8/4, 29, 47, 24, 28, 37
2017/8/5, 37, 51, 92, 27, 51
2017/8/6, 40, 54, 93, 27, 62
2017/8/7, 42, 52, 56, 28, 65
2017/8/8, 40, 54, 26, 28, 35
2017/8/9, 42, 48, 177, 29, 31
2017/8/10, 37, 42, 176, 27, 42
2017/8/11, 33, 39, 66, 26, 28
2017/8/12, 31, 42, 60, 27, 22
2017/8/13, 33, 42, 27, 26, 32
2017/8/14, 32, 47, 27, 26, 84
2017/8/15, 36, 48, 25, 29, 106
2017/8/16, 37, 56, 28, 28, 50
2017/8/17, 42, 63, 24, 27, 12
2017/8/18, 48, 54, 24, 27, 12
2017/8/19, 44, 31, 24, 28, 12
2017/8/20, 25, 24, 24, 28, 
2017/8/21, 19, 30, 29, , 
2017/8/22, 24, 41, 29, 27, 14
2017/8/23, 34, 40, 25, 27, 15
2017/8/24, 32, 35, 25, 29, 14
2017/8/25, 27, 24, 24, 26, 13
2017/8/26, 19, 22, 32, 27, 12
2017/8/27, 17, 23, 32, 26, 12
2017/8/28, 18, 20, 31, 26, 83
2017/8/29, 16, 21, 32, 28, 51
2017/8/30, 17, 43, 58, 29, 27
2017/8/31, 34, 61, 44, 35, 20
2017/9/1, 47, 47, 25, 32, 26
2017/9/2, 36, 42, 26, 28, 31
2017/9/3, 32, 44, 26, 29, 30
2017/9/4, 34, 54, 25, 27, 27
2017/9/5, 42, 63, 23, 27, 25
2017/9/6, 49, , , , 
2017/9/11, 36, 45, 11, 29, 35
2017/9/12, 34, 45, 48, 27, 32
2017/9/13, 34, 32, 48, 27, 48
2017/9/14, 24, 37, , 26, 46
2017/9/15, 29, 38, , 27, 44
2017/9/16, 30, 36, , 27, 42
2017/9/17, 28, 34, , 27, 43
2017/9/18, 26, 32, 19, 28, 44
2017/9/19, 25, 26, 34, 27, 42
2017/9/20, 20, 43, 36, 29, 65
2017/9/21, 36, 53, 29, 29, 69
2017/9/22, 43, 83, 64, 27, 31
2017/9/23, 66, 75, 64, 28, 23
2017/9/24, 59, 55, 62, 28, 24
2017/9/25, 43, 66, 66, 27, 32
2017/9/26, 51, 73, 89, 26, 21
2017/9/27, 56, 85, 77, 26, 14
2017/9/28, 65, 81, 56, 27, 16
2017/9/29, 64, 86, 60, 28, 15
2017/9/30, 87, 68, 52, 25, 12
2017/4/1, 90, 110, 65, , 
2017/4/2, 89, 98, 90, , 36
2017/4/3, 75, 102, 92, , 35
2017/4/4, 79, 94, 74, 28, 35
2017/4/5, 73, 99, 130, 27, 41
2017/4/6, 76, 102, 142, 28, 48
2017/4/7, 79, 115, 93, 28, 53
2017/4/8, 97, 128, 120, 28, 52
2017/4/9, 118, 129, 131, 28, 51
2017/4/10, 118, 137, 104, 28, 51
2017/4/11, 137, 134, 100, 29, 53
2017/4/12, 131, 114, 116, , 51
2017/4/13, 96, 105, 104, , 48
2017/4/14, 82, 103, 92, 26, 45
2017/4/15, 80, 105, 126, 29, 43
2017/4/16, 83, 102, 142, 28, 55
2017/4/17, 80, 110, 196, 26, 40
2017/4/18, 88, 107, 151, 27, 45
2017/4/19, 85, 95, 82, 28, 50
2017/4/20, 74, 88, 86, 26, 44
2017/4/21, 68, 79, 228, 27, 51
2017/4/22, 61, 84, 179, 28, 52
2017/4/23, 65, 88, 68, 28, 53
2017/4/24, 67, 92, 75, , 55
2017/4/25, 71, 105, 144, 28, 52
2017/4/26, 82, 103, 69, 27, 53
2017/4/27, 81, 98, 45, 28, 53
2017/4/28, 76, 90, 49, 28, 57
2017/4/29, 69, 92, 72, 27, 54
2017/4/30, 71, 104, 62, 27, 54
2017/5/1, 81, 111, 46, 27, 55
2017/5/2, 90, 110, 48, 27, 45
2017/5/3, 88, 105, 45, 29, 50
2017/5/4, 83, 107, 50, 27, 51
2017/5/5, 85, 101, 51, , 51
2017/5/6, 79, 90, 39, 28, 47
2017/5/7, 69, 84, 44, 28, 51
2017/5/8, 65, 87, 55, 27, 51
2017/5/9, 61, 85, 71, 28, 48
2017/5/10, 54, 77, 62, 28, 47
2017/5/11, 58, 80, 36, 28, 52
2017/5/12, 61, 75, 45, 28, 49
2017/5/13, 57, 74, 48, 27, 47
2017/5/14, 57, 67, 49, 28, 44
2017/5/15, 52, 58, 44, 28, 48
2017/5/16, 45, 64, 46, 27, 52
2017/5/17, 49, 65, 44, 27, 52
2017/5/18, 52, 64, 40, 27, 51
2017/5/19, 50, 64, 37, 27, 55
2017/5/20, 50, 55, 36, 29, 53
2017/5/21, 43, 51, 26, 29, 56
2017/5/22, 40, 50, 27, 27, 68
2017/5/23, 39, 67, 37, 26, 71
2017/5/24, 53, 79, 37, 26, 53
2017/5/25, 61, 71, 37, 27, 46
2017/5/26, 54, 69, 37, 28, 43
2017/5/27, 52, 74, 34, 28, 46
2017/5/28, 57, 49, 33, 28, 56
2017/5/29, 39, 52, 33, 27, 112
2017/5/30, 45, 41, 28, 27, 87
2017/5/31, 33, 49, 39, 28, 55
2017/6/1, 38, 57, 36, 27, 63
2017/6/2, 45, 42, 37, 27, 62
2017/6/3, 34, 35, 42, 28, 55
2017/6/4, 27, 52, 32, 28, 52
2017/6/5, 40, 113, 31, 27, 52
2017/6/6, 231, 90, 33, 27, 55
2017/6/7, 173, 40, 36, 27, 90
2017/6/8, 31, 36, 32, 29, 99
2017/6/9, 28, 40, 50, 28, 85
2017/6/10, 31, 33, 68, 28, 54
2017/6/11, 26, 27, 34, 28, 62
2017/6/12, 21, 26, 42, 27, 53
2017/6/13, 21, 28, 38, 28, 51
2017/6/14, 21, 32, 58, 28, 59
2017/6/15, 25, 28, 68, 28, 49
2017/6/16, 22, 29, 48, 29, 57
2017/6/17, 23, 31, 48, 28, 59
2017/6/18, 24, 32, 31, 28, 61
2017/6/19, 25, 31, 30, 29, 50
2017/6/20, 24, 34, 26, 28, 52
2017/6/21, 26, 39, 27, 28, 61
2017/6/22, 30, 44, 27, 29, 68
2017/6/23, 34, 41, 24, 28, 52
2017/6/24, 32, 40, 24, 28, 56
2017/6/25, 31, 26, 22, 29, 46
2017/6/26, 20, 27, 22, 28, 49
2017/6/27, 21, 32, 24, 28, 68
2017/6/28, 25, 32, 49, 29, 59
2017/6/29, 25, 31, 41, 29, 51
2017/6/30, 24, 34, 35, 28, 52
2017/1/2, 136, 138, 35, 26, 71
2017/1/3, 144, 146, 39, 26, 95
2017/1/4, 163, 146, 49, 26, 101
2017/1/5, 161, 135, 52, 25, 93
2017/1/6, 136, 119, 46, 26, 83
2017/1/7, 105, 107, 46, 24, 57
2017/1/8, 88, 103, 46, 24, 44
2017/1/9, 83, 107, 84, 24, 52
2017/1/10, 87, 116, 83, 25, 54
2017/1/11, 99, 126, 88, 26, 69
2017/1/12, 117, 140, 90, 26, 100
2017/1/13, 149, 154, 74, 25, 86
2017/1/14, 182, 136, 86, 24, 40
2017/1/15, 142, 123, 87, 24, 3
2017/1/16, 110, 124, 90, 24, 55
2017/1/17, 112, 127, 90, 24, 89
2017/1/18, 119, 134, 85, 25, 80
2017/1/19, 135, 138, 89, 27, 94
2017/1/20, 144, 148, 85, 25, 109
2017/1/21, 166, 127, 85, 24, 106
2017/1/22, 125, 120, 85, 25, 111
2017/1/23, 105, 129, 66, 26, 111
2017/1/24, 124, 143, 83, 27, 115
2017/1/25, 156, 150, 85, 25, 120
2017/1/26, 172, 126, 85, 26, 91
2017/1/27, 122, 57, 76, 28, 36
2017/1/28, 49, 85, 76, 26, 37
2017/1/29, 90, 136, 64, 26, 61
2017/1/30, 140, 126, 62, 26, 57
2017/1/31, 116, 125, 85, 26, 54
2017/2/1, 112, 134, 85, 26, 57
2017/2/2, 134, 138, 47, 25, 57
2017/2/3, 143, 128, 96, 27, 51
2017/2/4, 120, 119, 96, 29, 49
2017/2/5, 100, , , , 
2017/2/7, 132, 130, 64, 25, 48
2017/2/8, 126, 126, 28, 26, 46
2017/2/9, 115, 127, 88, 25, 48
2017/2/10, 120, 121, 88, 25, 50
2017/2/11, 136, 116, 74, 26, 50
2017/2/12, 143, 132, 40, 25, 54
2017/2/13, 187, 127, 53, 25, 51
2017/2/14, 174, 131, 54, 26, 56
2017/2/15, 184, 136, 38, 26, 59
2017/2/16, 198, 139, 46, 27, 51
2017/2/17, 208, 146, 42, , 50
2017/2/18, 224, 127, 44, 24, 64
2017/2/19, 173, 116, 44, 24, 57
2017/2/20, 141, 102, 45, 25, 50
2017/2/21, 106, 98, 46, 26, 49
2017/2/22, 98, 124, 39, 24, 54
2017/2/23, 164, 122, 40, 24, 52
2017/2/24, 161, 126, 35, 25, 62
2017/2/25, 172, 131, 40, 24, 64
2017/2/26, 185, 126, 45, 24, 64
2017/2/27, 171, 125, 78, 25, 70
2017/2/28, 169, 130, 46, 24, 67
2017/3/1, 183, 124, 71, 23, 84
2017/3/2, 164, 124, 55, 22, 69
2017/3/3, 140, 128, 26, , 46
2017/3/4, 137, 109, 19, 21, 47
2017/3/5, 94, 121, 33, 20, 47
2017/3/6, 120, 109, 32, 22, 41
2017/3/7, 102, 105, 53, 21, 40
2017/3/8, 90, 104, 47, 21, 38
2017/3/9, 89, 94, 38, , 35
2017/3/10, 78, 90, 21, 22, 30
2017/3/11, 74, 99, 16, 22, 32
2017/3/12, 84, 143, 22, 22, 43
2017/3/13, 179, 146, 25, 22, 46
2017/3/14, 184, 132, 64, 20, 48
2017/3/15, 148, 118, 34, 21, 41
2017/3/16, 118, 92, 21, 21, 35
2017/3/17, 76, 101, 30, 22, 35
2017/3/18, 87, 112, 30, 22, 36
2017/3/19, 99, , , 26, 
2017/3/21, 140, 108, 38, 28, 103
2017/3/22, 124, 116, 36, 27, 68
2017/3/23, 149, 126, 40, 27, 35
2017/3/24, 168, 121, 58, 28, 35
2017/3/25, 122, 119, 61, 27, 34
2017/3/26, 99, 122, 45, 27, 34
2017/3/27, 105, 121, 45, 28, 35
2017/3/28, 103, 115, 42, 28, 34
2017/3/29, 93, 113, 52, 28, 32
2017/3/30, 91, 114, 74, 28, 32
2017/3/31, 93, 111, 75, 29, 35
2016/10/1, 45, 30, 34, 19, 
2016/10/2, 28, 26, 33, 21, 
2016/10/3, 24, 23, 28, 20, 
2016/10/4, 22, 26, 27, 20, 
2016/10/5, 25, 32, 20, 19, 
2016/10/6, 30, 35, 26, 19, 
2016/10/7, 33, 33, 20, 20, 
2016/10/8, 32, 33, 30, 19, 
2016/10/9, 30, 34, 32, 18, 
2016/10/10, 31, 37, 22, 14, 
2016/10/11, 35, 75, 16, 17, 
2016/10/12, 73, 85, 20, 21, 
2016/10/13, 84, 96, 27, , 
2016/10/14, 94, 94, 26, , 
2016/10/15, 92, 87, 22, , 
2016/10/16, 85, 88, 22, 19, 
2016/10/17, 87, 95, 26, 19, 54
2016/10/18, 93, 102, 26, 19, 53
2016/10/19, 103, 99, 24, 18, 52
2016/10/20, 99, 96, 23, 19, 52
2016/10/21, 94, 100, 22, 19, 53
2016/10/22, 98, 102, 22, 18, 56
2016/10/23, 100, 108, 17, 18, 
2016/10/24, 117, 108, 17, 20, 
2016/10/25, 118, 92, 19, 20, 
2016/10/26, 90, 101, 19, 19, 
2016/10/27, 106, 113, 47, 19, 44
2016/10/28, 129, 127, 47, , 43
2016/10/29, 168, 122, 45, 21, 41
2016/10/30, 153, 120, 45, 21, 43
2016/10/31, 148, 116, 38, 40, 70
2016/11/1, 137, 101, 35, 41, 83
2016/11/2, 100, 107, 40, 43, 95
2016/11/3, 116, 112, 34, 42, 98
2016/11/4, 126, 103, 48, 40, 94
2016/11/5, 106, 96, 39, 39, 91
2016/11/6, 94, 100, 29, 39, 84
2016/11/7, 99, 118, 31, 38, 87
2016/11/8, 142, 125, 48, 38, 95
2016/11/9, 162, 115, 44, 40, 101
2016/11/10, 136, 125, 44, 42, 102
2016/11/11, 162, 135, 44, 41, 108
2016/11/12, 192, 144, 38, 39, 111
2016/11/13, 216, 153, 29, 40, 111
2016/11/14, 239, 146, 36, 40, 95
2016/11/15, 221, 140, 36, 39, 64
2016/11/16, 203, 138, 47, 40, 54
2016/11/17, 200, 131, 43, 39, 65
2016/11/18, 180, 143, 44, 41, 89
2016/11/19, 214, 150, 47, 40, 99
2016/11/20, 231, 143, 47, 41, 99
2016/11/21, 212, 147, 47, 38, 68
2016/11/22, 192, 147, 32, 33, 42
2016/11/23, 166, 145, 46, 33, 40
2016/11/24, 160, 145, 46, 32, 39
2016/11/25, 161, 150, 44, 32, 39
2016/11/26, 171, 136, 36, 33, 39
2016/11/27, 140, 129, 34, 33, 42
2016/11/28, 123, 136, 33, 32, 39
2016/11/29, 141, 135, 40, 33, 30
2016/11/30, 139, 142, 38, 33, 18
2016/12/1, 153, 156, 41, 32, 20
2016/12/2, 186, 148, 38, 31, 17
2016/12/3, 168, 116, 54, 32, 8
2016/12/4, 103, 107, 43, 33, 7
2016/12/5, 88, 115, 53, 34, 20
2016/12/6, 97, 116, 57, 34, 30
2016/12/7, 98, 131, 50, 44, 41
2016/12/8, 131, 135, 51, 63, 47
2016/12/9, 138, 135, 42, 35, 50
2016/12/10, 137, 139, 35, 40, 52
2016/12/11, 145, , , , 
2016/12/13, 175, 136, 50, 31, 
2016/12/14, 138, 103, 46, 27, 52
2016/12/15, 92, 105, 50, 24, 62
2016/12/16, 91, 134, 58, 23, 71
2016/12/17, 135, 140, 51, 25, 77
2016/12/18, 149, 118, 47, 25, 96
2016/12/19, 109, 131, 55, 24, 107
2016/12/20, 138, 101, 68, 25, 118
2016/12/21, 107, 103, 68, 25, 107
2016/12/22, 104, 139, 49, 25, 53
2016/12/23, 145, 135, 65, 24, 59
2016/12/24, 137, 136, 66, 25, 87
2016/12/25, 139, 136, 64, 27, 75
2016/12/26, 139, 152, 67, 25, 72
2016/12/27, 175, 150, 55, 25, 92
2016/12/28, 173, 153, 51, 25, 94
2016/12/29, 176, 172, 52, 27, 100
2016/12/30, 220, 161, 66, 25, 105
2016/12/31, 196, 145, 63, 25, 94
2017/1/1, 159, 135, 29, 26, 76
2016/7/1, 15, 33, 26, 248, 
2016/7/2, 15, 30, 24, 15, 
2016/7/3, 17, 27, 37, 14, 
2016/7/4, 20, 33, 35, 12, 
2016/7/5, 22, 43, 24, 9, 
2016/7/6, 27, 49, 24, 7, 
2016/7/7, 30, 48, 28, , 
2016/7/8, 30, 47, 28, , 
2016/7/9, 30, , , , 
2016/7/12, 513, 337, 60, 17, 
2016/7/13, 512, , , 16, 
2016/7/18, 25, 34, 43, 17, 
2016/7/19, 23, 36, 48, 15, 
2016/7/20, 24, 40, 48, 15, 
2016/7/21, 27, 46, 52, 17, 
2016/7/22, 29, 45, 52, 14, 
2016/7/23, 29, 46, 36, 16, 
2016/7/24, 28, 49, 45, 14, 
2016/7/25, 30, 45, 46, 14, 
2016/7/26, 28, 44, 38, , 
2016/7/27, 28, 42, 49, , 
2016/7/28, 25, 38, 48, 14, 
2016/7/29, 25, 37, 24, 14, 
2016/7/30, 25, 38, 24, 16, 
2016/8/1, 22, 33, 22, 15, 
2016/8/2, 22, 36, 20, 15, 
2016/8/3, 23, 33, 25, 14, 
2016/8/4, 22, 38, 26, 12, 
2016/8/5, 25, 41, 22, 13, 
2016/8/6, 26, 40, 22, 16, 
2016/8/7, 27, 40, 22, 13, 
2016/8/8, 27, 42, 22, 13, 
2016/8/9, 28, 42, 26, 14, 
2016/8/10, 27, 38, 26, 16, 
2016/8/11, 25, 40, 23, 16, 
2016/8/12, 25, 48, 22, 15, 
2016/8/13, 30, 50, 22, 16, 
2016/8/14, 30, 53, 20, 16, 
2016/8/15, 32, 46, 21, 16, 
2016/8/16, 29, 43, 22, 19, 
2016/8/17, 27, 41, 22, 16, 
2016/8/18, 26, 43, 24, 14, 
2016/8/19, 27, 49, 22, , 
2016/8/20, 31, 49, 22, 16, 
2016/8/21, 31, 49, 20, 13, 
2016/8/22, 30, 42, 24, 14, 
2016/8/23, 27, 41, 24, 15, 
2016/8/24, 26, 46, 22, 18, 
2016/8/25, 29, 47, 22, 21, 
2016/8/26, 29, 37, 28, 19, 
2016/8/27, 24, 30, 28, 20, 
2016/8/28, 20, 28, 24, 19, 
2016/8/29, 20, 32, 24, 20, 
2016/8/30, 23, 36, 24, 18, 
2016/8/31, 24, 39, 24, 20, 
2016/9/1, 25, 36, 22, 21, 
2016/9/2, 23, 36, 20, 21, 
2016/9/3, 23, , , , 
2016/9/5, 35, 66, 34, 20, 
2016/9/6, 39, 77, 26, 19, 
2016/9/7, 45, 44, 23, 19, 
2016/9/8, 27, 54, 28, 21, 
2016/9/9, 33, 57, 24, 19, 
2016/9/10, 34, 52, 24, 19, 
2016/9/11, 32, 46, 22, 20, 
2016/9/12, 28, 44, 23, 19, 
2016/9/13, 28, 44, 24, , 
2016/9/14, 27, 40, 24, 18, 
2016/9/15, 25, 32, 22, 19, 
2016/9/16, 22, 31, 22, 20, 
2016/9/17, 22, 29, 17, 19, 
2016/9/18, 20, 27, 20, , 
2016/9/19, 19, 30, 18, , 
2016/9/20, 21, 30, 22, , 
2016/9/21, 21, 28, 18, , 
2016/9/22, 19, 24, 22, , 
2016/9/23, 14, 47, 22, 16, 
2016/9/24, 40, 90, 20, 17, 
2016/9/25, 153, 52, 16, 17, 
2016/9/26, 183, 62, 23, 19, 
2016/9/27, 61, 86, 24, 21, 
2016/9/28, 85, 75, 22, 20, 
2016/9/29, 73, 47, 19, 19, 
2016/9/30, 45, 47, 36, 19, 
2016/4/1, 132, 105, 29, 19, 
2016/4/2, 95, 110, 40, , 
2016/4/3, 102, 105, 42, 18, 
2016/4/4, 94, 118, 42, 19, 104
2016/4/5, 112, 109, 33, 17, 89
2016/4/6, 96, 104, 46, 19, 59
2016/4/7, 103, 99, 37, , 
2016/4/8, 99, 102, 46, , 
2016/4/9, 110, 112, 48, , 
2016/4/10, 129, 108, 30, , 
2016/4/11, 117, 108, 38, , 
2016/4/12, 119, 110, 42, 17, 
2016/4/13, 124, 104, 40, 15, 
2016/4/14, 105, 111, 43, 12, 
2016/4/15, 125, 109, 44, 14, 
2016/4/16, 123, 94, 48, 14, 
2016/4/17, 94, 83, 50, 15, 
2016/4/18, 83, 102, 56, 13, 
2016/4/19, 114, 119, 61, 12, 
2016/4/20, 150, 119, 68, 12, 
2016/4/21, 150, 109, 73, 14, 
2016/4/22, 122, 87, 63, 12, 
2016/4/23, 86, 76, 94, 12, 
2016/4/24, 77, 80, 97, 14, 
2016/4/25, 80, 82, 93, 13, 
2016/4/26, 82, 98, 98, 14, 
2016/4/27, 99, 115, 98, 15, 
2016/4/28, 140, 114, 100, 10, 
2016/4/29, 140, 95, 115, 7, 
2016/4/30, 103, 86, 116, 2, 
2016/5/1, 92, 78, 112, 4, 
2016/5/2, 85, 86, 110, 7, 
2016/5/3, 92, 91, 102, 6, 
2016/5/4, 96, 88, 127, 6, 
2016/5/5, 94, 80, 125, 6, 
2016/5/6, 86, 65, 114, 7, 
2016/5/7, 71, 75, 119, , 
2016/5/8, 81, 87, 104, 6, 
2016/5/9, 92, 84, 121, 7, 
2016/5/10, 90, 89, 119, 7, 
2016/5/11, 95, 83, 125, 9, 
2016/5/12, 90, 66, 125, 9, 115
2016/5/13, 72, 77, 42, , 112
2016/5/14, 92, 91, , , 113
2016/5/15, 114, 108, 113, 6, 104
2016/5/16, 140, 94, 135, 3, 118
2016/5/17, 102, 89, 137, 10, 111
2016/5/18, 96, 86, 131, 15, 79
2016/5/19, 87, 77, 123, 14, 59
2016/5/20, 74, 64, 125, , 
2016/5/21, 61, 56, 90, , 
2016/5/22, 53, 49, 99, , 
2016/5/23, 48, 43, 110, , 
2016/5/24, 39, 44, 120, 13, 
2016/5/25, 40, 44, 85, 13, 
2016/5/26, 43, 46, 88, 13, 
2016/5/27, 45, , , 17, 
2016/5/31, 47, 48, , 26, 
2016/6/1, 47, , , , 
2016/6/3, 54, 60, 158, 14, 
2016/6/4, 58, 60, 161, , 
2016/6/5, 58, 52, 63, , 
2016/6/6, 51, 66, 58, 37, 
2016/6/7, 64, 59, 93, 27, 
2016/6/8, 58, 44, 103, 14, 
2016/6/9, 44, 51, 163, , 
2016/6/10, 51, 44, 162, , 
2016/6/11, 44, 36, 149, , 
2016/6/12, 38, 37, 173, , 
2016/6/13, 38, 37, 188, 21, 
2016/6/14, 38, 48, 115, 21, 
2016/6/15, 48, 61, 76, 25, 
2016/6/16, 59, 71, 26, 31, 
2016/6/17, 52, 74, 26, 23, 104
2016/6/18, 37, 73, 24, 25, 104
2016/6/19, 37, 62, 24, 28, 
2016/6/20, 31, 38, 24, 22, 
2016/6/21, 19, 30, 22, 26, 
2016/6/22, 15, 37, 37, 25, 59
2016/6/23, 12, 33, 44, 28, 59
2016/6/24, 12, 28, 30, 33, 
2016/6/25, 12, 27, 18, 33, 
2016/6/26, 12, 30, 46, 30, 
2016/6/27, 13, 41, 59, 30, 
2016/6/28, 18, 51, 56, 33, 
2016/6/29, 23, 39, 42, 35, 
2016/6/30, 18, 33, 34, 256, 
2016/3/30, 99, 120, 30, 17, 59
2016/3/31, 124, 124, 30, 18, 
2020/4/30, , 57, 46, 30, 56
2019/12/31, , 114, 34, 31, 34
2019/12/1, , 99, 27, 37, 38
2018/12/31, , 142, 21, 110, 81
2018/4/18, , 86, 68, 28, 32
2018/4/22, , 84, 78, , 32
2017/12/31, , 113, 74, 28, 25
2018/3/6, , 125, 32, , 45
2018/3/15, , 82, 53, 13, 40
2017/11/5, , 105, 42, 31, 55
2017/11/19, , 83, 47, 29, 70
2017/12/11, , 66, 74, 28, 105
2017/7/23, , 38, 15, 28, 44
2017/7/30, , 30, 33, 26, 54
2017/9/10, , 46, 11, 31, 56
2017/2/6, , 133, 80, 25, 47
2017/3/20, , 113, 37, 30, 61
2016/12/12, , 151, 40, 32, 
2016/7/10, , 49, 46, , 
2016/7/11, , 169, 56, 16, 
2016/7/17, , 39, 43, 18, 
2016/7/31, , 33, 23, 14, 
2016/9/4, , 58, 34, 19, 
2016/5/30, , 48, , 26, 
2016/6/2, , 54, 49, 15, 
2016/3/29, , 109, 26, 16, 59
2020/4/29, , , 43, 36, 71
2018/4/15, , , 27, 138, 51
2018/4/16, , , 82, 87, 43
2018/4/17, , , 107, 36, 34
2018/1/14, , , 56, 30, 64
2017/12/7, , , 74, 28, 56
2017/12/8, , , 58, 30, 55
2017/12/9, , , 61, 30, 56
2017/12/10, , , 59, 27, 75
2016/5/28, , , , 19, 