date,state,pm2_5, pm10, o3,no2, co,AQI
5/1/2020,maharashtra,64,57,48,36,59,204.0833333
5/2/2020,maharashtra,59,62,38,14,53,162.4166667
5/3/2020,maharashtra,60, ,30,17,60,176.25
4/1/2020,maharashtra,48,47,43,19,53,154
4/2/2020,maharashtra,51,60,45,19,53,158
4/3/2020,maharashtra,61,63,44,17,66,185.0833333
4/4/2020,maharashtra,65,71,45,17,58,180.4166667
4/5/2020,maharashtra,72,61,41,16,59,189.75
4/6/2020,maharashtra,63,61,37,16,57,175.25
4/7/2020,maharashtra,66,58,30,16,46,165.5
4/8/2020,maharashtra,62,60,33,17,50,166.4166667
4/9/2020,maharashtra,62,68,40,17,58,176.4166667
4/10/2020,maharashtra,72,78,44,17,57,188.5
4/11/2020,maharashtra,82,57,41,17,56,200.5833333
4/12/2020,maharashtra,60,58,41,17,60,176.25
4/13/2020,maharashtra,62,63,36,17,59,177.6666667
4/14/2020,maharashtra,68,64,42,17,69,198.1666667
4/15/2020,maharashtra,73,53,39,16,57,188.5833333
4/16/2020,maharashtra,60,53,44,16,67,183.75
4/17/2020,maharashtra,61,52,46,16,65,182.5833333
4/18/2020,maharashtra,59,53,44,18,62,178.6666667
4/19/2020,maharashtra,58,54,44,27,62,188.5833333
4/20/2020,maharashtra,59,54,44,27,62,189.9166667
4/21/2020,maharashtra,59,54,44,27,62,189.9166667
4/22/2020,maharashtra,59,54,44,27,62,189.9166667
4/23/2020,maharashtra,59,54,44,27,62,189.9166667
4/24/2020,maharashtra,59,54,44,27,62,189.9166667
4/25/2020,maharashtra,59,54,44,27,62,189.9166667
4/26/2020,maharashtra,59,54, ,0,0,78.66666667
4/27/2020,maharashtra,59, , ,0,0,78.66666667
3/1/2020,maharashtra,106,98,47,35,39,233.8333333
3/2/2020,maharashtra,95,85,34,31,39,214.1666667
3/3/2020,maharashtra,83,84,42,27,37,190.6666667
3/4/2020,maharashtra,82,100,47,27,46,200.5833333
3/5/2020,maharashtra,99,85,36,23,52,225.75
3/6/2020,maharashtra,84,70,30,21,51,202
3/7/2020,maharashtra,71,90,41,28,57,200.9166667
3/8/2020,maharashtra,90,96,37,31,55,227.5
3/9/2020,maharashtra,96,83,35,28,55,231.75
3/10/2020,maharashtra,83,52,35,18,74,225.6666667
3/11/2020,maharashtra,55,48,44,22,66,183.3333333
3/12/2020,maharashtra,51,55,44,24,57,169.25
3/13/2020,maharashtra,58,86,46,32,57,188.5833333
3/14/2020,maharashtra,87,117,54,37,56,232.25
3/15/2020,maharashtra,144,106,51,42,60,319.5
3/16/2020,maharashtra,115,96,65,42,53,272.0833333
3/17/2020,maharashtra,96,98,52,40,59,251.75
3/18/2020,maharashtra,97,82,44,24,63,238.0833333
3/19/2020,maharashtra,83,74,38,26,58,215.6666667
3/20/2020,maharashtra,75,80,38,22,58,200
3/21/2020,maharashtra,81,71,41,23,56,206.75
3/22/2020,maharashtra,72,57,48,19,60,194.75
3/23/2020,maharashtra,59,72,51,20,68,188.6666667
3/24/2020,maharashtra,73,68,50,19,64,201.0833333
3/25/2020,maharashtra,69,36,42,19,65,197
3/26/2020,maharashtra,39,41,44,20,64,157
3/27/2020,maharashtra,44,53,43,21,58,157.4166667
3/28/2020,maharashtra,55,55,47,22,62,178.3333333
3/29/2020,maharashtra,57,66,47,21,56,172.25
3/30/2020,maharashtra,65,56,54,18,62,186.6666667
3/31/2020,maharashtra,56,45,49,20,57,170.9166667
2/1/2020,maharashtra,184,106,43,43,48,359.0833333
2/2/2020,maharashtra,119,89,39,32,35,242.4166667
2/3/2020,maharashtra,86,86,37,27,32,188.4166667
2/4/2020,maharashtra,84,105,48,34,34,197
2/5/2020,maharashtra,117,114,43,38,35,247.25
2/6/2020,maharashtra,129,107,43,36,32,257
2/7/2020,maharashtra,112,108,39,36,34,236.8333333
2/8/2020,maharashtra,113,104,30,43,36,249.4166667
2/9/2020,maharashtra,109,82,20,44,33,241.5833333
2/10/2020,maharashtra,80,75,18,44,34,204.1666667
2/11/2020,maharashtra,73,100,22,35,53,207.3333333
2/12/2020,maharashtra,103,115,25,33,33,219.8333333
2/13/2020,maharashtra,134,124,42,43,35,276.1666667
2/14/2020,maharashtra,159,112,47,50,35,318.25
2/15/2020,maharashtra,126,118,42,52,37,279.25
2/16/2020,maharashtra,143,124,33,63,34,311.9166667
2/17/2020,maharashtra,162,141,41,63,35,338.5
2/18/2020,maharashtra,208,127,38,62,36,399.8333333
2/19/2020,maharashtra,168,127,49,58,38,344
2/20/2020,maharashtra,169,119,53,43,36,324.0833333
2/21/2020,maharashtra,144,108,46,49,38,300.75
2/22/2020,maharashtra,114,112,55,51,38,263.25
2/23/2020,maharashtra,126,109,49,45,36,269.25
2/24/2020,maharashtra,117,110,39,47,35,258.5
2/25/2020,maharashtra,120,102,29,46,37,263.75
2/26/2020,maharashtra,102,126,36,36,38,228.5
2/27/2020,maharashtra,169,124,47,52,39,339.0833333
2/28/2020,maharashtra,163,115,51,47,42,328.5833333
2/29/2020,maharashtra,137,104,54,40,37,278.9166667
1/1/2020,maharashtra,133,108,38,33,36,263.5833333
1/2/2020,maharashtra,113,101,42,29,36,231.9166667
1/3/2020,maharashtra,99,118,40,33,34,215.75
1/4/2020,maharashtra,144,115,31,30,36,274.5
1/5/2020,maharashtra,135,95,33,26,39,261.25
1/6/2020,maharashtra,92,123,39,24,35,196.4166667
1/7/2020,maharashtra,161,102,41,24,36,289.6666667
1/8/2020,maharashtra,117,84,42,25,45,243.5
1/9/2020,maharashtra,82,91,30,38,51,220.5833333
1/10/2020,maharashtra,90,110,34,28,32,195
1/11/2020,maharashtra,121,134,39,28,33,237.5833333
1/12/2020,maharashtra,187,119,45,34,34,334.3333333
1/13/2020,maharashtra,146,94,42,26,33,268.4166667
1/14/2020,maharashtra,92,90,49,27,32,196.4166667
1/15/2020,maharashtra,87,85,46,28,32,191
1/16/2020,maharashtra,83,78,38,31,30,186.9166667
1/17/2020,maharashtra,77,121,45,33,33,185.1666667
1/18/2020,maharashtra,151,128,50,40,35,295.0833333
1/19/2020,maharashtra,170,123,47,42,35,322.9166667
1/20/2020,maharashtra,155,121,52,35,35,294.1666667
1/21/2020,maharashtra,155,89,48,34,35,292.9166667
1/22/2020,maharashtra,87,113,31,44,35,214.75
1/23/2020,maharashtra,128,101,35,33,33,253.1666667
1/24/2020,maharashtra,118,84,47,37,34,246.0833333
1/25/2020,maharashtra,84,84,54,49,39,222
1/26/2020,maharashtra,84,81,48,36,38,204.5
1/27/2020,maharashtra,80,75,36,26,35,182.9166667
1/28/2020,maharashtra,74,66,33,22,34,168.6666667
1/29/2020,maharashtra,65,96,51,29,33,164.1666667
1/30/2020,maharashtra,96,123,54,36,35,216.75
1/31/2020,maharashtra,158,132,52,39,31,298.1666667
10/1/2019,maharashtra,31,33,40,19,31,103.8333333
10/2/2019,maharashtra,34,45,48,29,32,121.5833333
10/3/2019,maharashtra,45,45,39,33,33,142.5
10/4/2019,maharashtra,46,37,43,27,32,135.0833333
10/5/2019,maharashtra,38,51,51,36,30,133.1666667
10/6/2019,maharashtra,51,52,53,42,32,160.5
10/7/2019,maharashtra,52,63,43,44,36,169.3333333
10/8/2019,maharashtra,63,50,43,40,30,171.5
10/9/2019,maharashtra,50,47,46,41,30,155.4166667
10/10/2019,maharashtra,48,55,42,43,32,157.75
10/11/2019,maharashtra,54,73,45,42,33,165.75
10/12/2019,maharashtra,75,105,45,36,33,186.25
10/13/2019,maharashtra,125,58,35,37,33,254.1666667
10/14/2019,maharashtra,57,85,36,50,49,199.75
10/15/2019,maharashtra,83,86,37,48,32,210.6666667
10/16/2019,maharashtra,84,98,41,41,41,214.5
10/17/2019,maharashtra,94,86,28,46,39,231.5833333
10/18/2019,maharashtra,83,43,22,38,32,198.1666667
10/19/2019,maharashtra,44,17,22,30,32,136.1666667
10/20/2019,maharashtra,19,20,29,30,33,104.0833333
10/21/2019,maharashtra,22,24,39,35,32,113.0833333
10/22/2019,maharashtra,26,24,29,25,34,108.4166667
10/23/2019,maharashtra,26,28,28,24,32,104.6666667
10/24/2019,maharashtra,37,57,23,19,32,113.0833333
10/25/2019,maharashtra,70,33,24,31,33,173.3333333
10/26/2019,maharashtra,34,40,32,28,32,120.3333333
10/27/2019,maharashtra,41,74,27,29,34,133.4166667
10/28/2019,maharashtra,72,48,33,33,34,179.75
10/29/2019,maharashtra,48,56,34,37,35,154
10/30/2019,maharashtra,56,34,27,39,34,165.9166667
10/31/2019,maharashtra,35,28,19,37,31,131.6666667
11/1/2019,maharashtra,30,39,33,45,32,136.25
11/2/2019,maharashtra,40,53,43,29,34,132.0833333
11/3/2019,maharashtra,52,36,41,36,47,173.0833333
11/4/2019,maharashtra,37,46,44,38,39,145.5833333
11/5/2019,maharashtra,47,50,52,43,32,156.4166667
11/6/2019,maharashtra,50,55,43,36,32,151.6666667
11/7/2019,maharashtra,55,40,32,33,33,155.8333333
11/8/2019,maharashtra,39,35,39,31,36,135.75
11/9/2019,maharashtra,36,52,30,31,34,129.25
11/10/2019,maharashtra,52,59,29,40,35,163.0833333
11/11/2019,maharashtra,58,59,29,45,35,177.3333333
11/12/2019,maharashtra,58,59,34,54,36,189.8333333
11/13/2019,maharashtra,58,106,21,43,35,174.8333333
11/14/2019,maharashtra,107,107,21,42,35,238.9166667
11/15/2019,maharashtra,109,100,41,54,32,252.8333333
11/16/2019,maharashtra,104,96,48,64,31,257.4166667
11/17/2019,maharashtra,101,103,48,55,36,248.4166667
11/18/2019,maharashtra,106,135,63,36,36,231.3333333
11/19/2019,maharashtra,195,138,53,49,35,365
11/20/2019,maharashtra,199,134,46,48,33,366.5833333
11/21/2019,maharashtra,188,119,47,42,33,344.4166667
11/22/2019,maharashtra,146,123,44,40,34,287.1666667
11/23/2019,maharashtra,157,128,49,37,34,298.0833333
11/24/2019,maharashtra,171,121,38,50,37,336.75
11/25/2019,maharashtra,150,120,41,46,36,302.5
11/26/2019,maharashtra,144,109,38,44,37,293.25
11/27/2019,maharashtra,118,115,44,36,34,244.8333333
11/28/2019,maharashtra,133,114,44,48,35,281.0833333
11/29/2019,maharashtra,131,117,24,50,33,278.4166667
11/30/2019,maharashtra,138, , , , ,#VALUE!
12/2/2019,maharashtra,105,70,26,35,35,227.5
12/3/2019,maharashtra,70,64,30,43,36,192.0833333
12/4/2019,maharashtra,63,97,37,57,37,201.5
12/5/2019,maharashtra,96,111,47,59,34,244.25
12/6/2019,maharashtra,123,107,52,54,35,275.25
12/7/2019,maharashtra,111,114,58,50,37,256.75
12/8/2019,maharashtra,132,102,48,51,35,283.5
12/9/2019,maharashtra,104,104,48,49,35,243.6666667
12/10/2019,maharashtra,105,107,48,48,38,247.5
12/11/2019,maharashtra,111,106,53,49,38,256.75
12/12/2019,maharashtra,108,95,49,43,37,244
12/13/2019,maharashtra,93,95,54,44,35,222.75
12/14/2019,maharashtra,94,109,59,48,36,230.3333333
12/15/2019,maharashtra,118,114,56,47,44,271.0833333
12/16/2019,maharashtra,131,113,45,40,40,274.6666667
12/17/2019,maharashtra,129,97,49,34,40,264.5
12/18/2019,maharashtra,94,114,40,29,37,207.8333333
12/19/2019,maharashtra,130,129,44,34,35,259.5833333
12/20/2019,maharashtra,175,136,37,39,36,327.0833333
12/21/2019,maharashtra,195,127,30,41,35,355
12/22/2019,maharashtra,167,119,37,45,36,323.9166667
12/23/2019,maharashtra,145,142,46,42,39,294.5833333
12/24/2019,maharashtra,210,127,53,40,37,376.25
12/25/2019,maharashtra,167,114,43,40,37,318.9166667
12/26/2019,maharashtra,132,102,40,32,38,263.5
12/27/2019,maharashtra,101,110,33,35,36,223.4166667
12/28/2019,maharashtra,121,97,50,40,37,257.5833333
12/29/2019,maharashtra,94, , , , ,#VALUE!
7/1/2019,maharashtra,13,10,46,28,35,96.08333333
7/2/2019,maharashtra,11,26,49,27,33,89.66666667
7/3/2019,maharashtra,19,69,34,25,33,97.83333333
7/4/2019,maharashtra,21,77,58,25,32,99.25
7/5/2019,maharashtra,25,54,57,25,32,104.5833333
7/6/2019,maharashtra,28,54,57,27,32,111.0833333
7/7/2019,maharashtra,28,54,57,27,32,111.0833333
7/8/2019,maharashtra,28,54,57,27,32,111.0833333
7/9/2019,maharashtra,28,54,57,27,32,111.0833333
7/10/2019,maharashtra,28,54,57,27,32,111.0833333
7/11/2019,maharashtra,28,54,57,27,32,111.0833333
7/12/2019,maharashtra,28,54,57,27,32,111.0833333
7/13/2019,maharashtra,28,54,57,27,32,111.0833333
7/14/2019,maharashtra,28,54,57,27,32,111.0833333
7/15/2019,maharashtra,28,54,57,24,32,107.3333333
7/16/2019,maharashtra,28,54,57,21,32,103.5833333
7/17/2019,maharashtra,28,54,57,21,32,103.5833333
7/18/2019,maharashtra,28,54,57,21,32,103.5833333
7/19/2019,maharashtra,28,54,57,21,32,103.5833333
7/20/2019,maharashtra,28,54,57,21,32,103.5833333
7/21/2019,maharashtra,28,54,57,21,32,103.5833333
7/22/2019,maharashtra,28,54,57,21,32,103.5833333
7/23/2019,maharashtra,28,54,57,21,32,103.5833333
7/24/2019,maharashtra,28,54,57,21,32,103.5833333
7/25/2019,maharashtra,28,54,57,21,32,103.5833333
7/26/2019,maharashtra,28,28,53,41,28,123.5833333
7/27/2019,maharashtra,21,18,51,23,27,90.5
7/28/2019,maharashtra,15,28,52,21,26,78.75
7/29/2019,maharashtra,20,21,46,20,29,87.91666667
7/30/2019,maharashtra,16,11,43,20,29,82.58333333
7/31/2019,maharashtra,11,14,46,20,31,78.41666667
8/1/2019,maharashtra,13,11,42,19,29,77.33333333
8/2/2019,maharashtra,11,8,44,18,31,75.91666667
8/3/2019,maharashtra,9,5,48,18,29,70.75
8/4/2019,maharashtra,8,11,47,18,28,68.16666667
8/5/2019,maharashtra,11,11,44,17,29,72.16666667
8/6/2019,maharashtra,11,19,47,16,29,70.91666667
8/7/2019,maharashtra,15,29,50,18,29,78.75
8/8/2019,maharashtra,20,32,50,20,29,87.91666667
8/9/2019,maharashtra,29,28,50,18,29,97.41666667
8/10/2019,maharashtra,69,25,46,16,32,152
8/11/2019,maharashtra,21,30,47,15,31,85.5
8/12/2019,maharashtra,21,47,50,15,43,100.5
8/13/2019,maharashtra,37,35,48,17,29,106.8333333
8/14/2019,maharashtra,41,45,40,22,28,117.1666667
8/15/2019,maharashtra,53,34,46,20,30,133.1666667
8/16/2019,maharashtra,39,33,43,14,29,105.75
8/17/2019,maharashtra,38,33,42,12,29,101.9166667
8/18/2019,maharashtra,37,39,44,16,29,105.5833333
8/19/2019,maharashtra,44,47,46,19,29,118.6666667
8/20/2019,maharashtra,53,47,39,17,30,129.4166667
8/21/2019,maharashtra,54,36,41,19,29,132
8/22/2019,maharashtra,42,36,31,18,30,116
8/23/2019,maharashtra,41,40,34,18,30,114.6666667
8/24/2019,maharashtra,31,29,38,20,30,103.8333333
8/25/2019,maharashtra,20,27,36,22,29,90.41666667
8/26/2019,maharashtra,19,38,33,21,29,87.83333333
8/27/2019,maharashtra,24,48,33,15,29,87
8/28/2019,maharashtra,29,61,36,13,29,91.16666667
8/29/2019,maharashtra,43,37,36,13,31,112.3333333
8/30/2019,maharashtra,44,23,35,14,31,114.9166667
8/31/2019,maharashtra,25,22,34,14,31,89.58333333
9/1/2019,maharashtra,24,22,32,14,29,85.75
9/2/2019,maharashtra,24,27,33,15,29,87
9/3/2019,maharashtra,30,31,31,17,30,98.75
9/4/2019,maharashtra,34,22,35,19,34,111.5833333
9/5/2019,maharashtra,23,27,33,24,33,101.9166667
9/6/2019,maharashtra,27,25,35,26,51,132.25
9/7/2019,maharashtra,21,39,37,17,47,108
9/8/2019,maharashtra,26,23,32,19,31,97.16666667
9/9/2019,maharashtra,18,23,33,19,31,86.5
9/10/2019,maharashtra,18,30,33,20,39,97.75
9/11/2019,maharashtra,22,49,30,17,42,103.0833333
9/12/2019,maharashtra,33,44,31,17,30,102.75
9/13/2019,maharashtra,33,31,34,16,32,104
9/14/2019,maharashtra,22,53,39,15,32,88.08333333
9/15/2019,maharashtra,32,29,37,18,33,106.4166667
9/16/2019,maharashtra,18,39,32,17,31,84
9/17/2019,maharashtra,24,48,43,16,31,90.75
9/18/2019,maharashtra,29,48,45,25,31,108.6666667
9/19/2019,maharashtra,29,57,34,23,30,104.9166667
9/20/2019,maharashtra,35,83,37,29,29,119.1666667
9/21/2019,maharashtra,52,58,36,31,30,145.5833333
9/22/2019,maharashtra,51,45,36,24,32,138
9/23/2019,maharashtra,45,48,37,27,29,130
9/24/2019,maharashtra,49,49,37,28,47,159.0833333
9/25/2019,maharashtra,49,44,37,33,35,150.3333333
9/26/2019,maharashtra,45,40,29,36,33,146.25
9/27/2019,maharashtra,41,17,25,27,33,129.6666667
9/28/2019,maharashtra,22,25,26,17,33,91.83333333
9/29/2019,maharashtra,28,27,24,14,32,94.83333333
9/30/2019,maharashtra,29,30,26,15,31,96.16666667
4/1/2019,maharashtra,72,67,56,41,68,232.25
4/2/2019,maharashtra,68,65,67,42,72,233.1666667
4/3/2019,maharashtra,66,75,69,46,79,244.25
4/4/2019,maharashtra,75,76,59,43,49,215
4/5/2019,maharashtra,76,69,58,39,48,210.0833333
4/6/2019,maharashtra,69,65,63,38,63,218.25
4/7/2019,maharashtra,66,59,69,37,56,204.25
4/8/2019,maharashtra,60,65,88,39,53,195
4/9/2019,maharashtra,65,63,71,38,57,205.4166667
4/10/2019,maharashtra,64,65,70,39,61,210.3333333
4/11/2019,maharashtra,65,65,77,40,66,219.1666667
4/12/2019,maharashtra,66,72,64,42,52,205.5
4/13/2019,maharashtra,73,63,83,50,54,227.3333333
4/14/2019,maharashtra,61,45,68,51,73,236.3333333
4/15/2019,maharashtra,47,51,81,48,65,203.9166667
4/16/2019,maharashtra,53,56,53,41,44,176.9166667
4/17/2019,maharashtra,57,56,65,39,39,173.5
4/18/2019,maharashtra,57,62,65,42,49,189.75
4/19/2019,maharashtra,63,65,66,42,56,206.5
4/20/2019,maharashtra,65,64,58,40,45,192.9166667
4/21/2019,maharashtra,64,51,58,37,46,189.0833333
4/22/2019,maharashtra,53,44,61,41,42,174.4166667
4/23/2019,maharashtra,46,38,62,40,43,165.0833333
4/24/2019,maharashtra,41,56,73,37,46,158.4166667
4/25/2019,maharashtra,58,98,64,37,56,193.5833333
4/26/2019,maharashtra,96,92,57,38,52,240.5
4/27/2019,maharashtra,91,76,69,35,51,228.8333333
4/28/2019,maharashtra,75,72,68,32,50,202.5
4/29/2019,maharashtra,72,66,57,31,41,186
4/30/2019,maharashtra,66,71,49,33,44,184.25
5/1/2019,maharashtra,71,64,54,30,30,169.6666667
5/2/2019,maharashtra,65,71,50,28,30,159.1666667
5/3/2019,maharashtra,71,79,44,27,30,165.9166667
5/4/2019,maharashtra,79,63,56,26,32,177.8333333
5/5/2019,maharashtra,64,51,59,27,32,159.0833333
5/6/2019,maharashtra,52,58,63,29,32,145.5833333
5/7/2019,maharashtra,59,51,77,26,32,151.1666667
5/8/2019,maharashtra,52,39,54,24,32,139.3333333
5/9/2019,maharashtra,42,32,56,25,32,127.25
5/10/2019,maharashtra,35,32,51,26,31,117.9166667
5/11/2019,maharashtra,35,20,74,27,31,119.1666667
5/12/2019,maharashtra,24,18,56,27,32,105.75
5/13/2019,maharashtra,22,18,57,27,30,100.5833333
5/14/2019,maharashtra,23,19,59,30,30,105.6666667
5/15/2019,maharashtra,23,20,61,27,30,101.9166667
5/16/2019,maharashtra,24,24,56,28,32,107
5/17/2019,maharashtra,28,32,46,28,32,112.3333333
5/18/2019,maharashtra,32,46,48,28,32,117.6666667
5/19/2019,maharashtra,30,39,56,28,32,115
5/20/2019,maharashtra,25,34,69,28,32,108.3333333
5/21/2019,maharashtra,22,39,67,26,35,105.5833333
5/22/2019,maharashtra,25,41,66,27,32,107.0833333
5/23/2019,maharashtra,26,36,75,25,32,105.9166667
5/24/2019,maharashtra,24,43,120,26,31,103.25
5/25/2019,maharashtra,27,30,64,26,30,106
5/26/2019,maharashtra,20,23,67,24,32,96.66666667
5/27/2019,maharashtra,17,40,92,25,32,93.91666667
5/28/2019,maharashtra,25,115,60,24,32,103.3333333
5/29/2019,maharashtra,66,111,67,25,32,159.25
5/30/2019,maharashtra,63,100,64,27,32,157.75
5/31/2019,maharashtra,55,89,49,27,31,145.8333333
6/1/2019,maharashtra,49,84,39,28,31,139.0833333
6/2/2019,maharashtra,46,84,39,29,31,136.3333333
6/3/2019,maharashtra,46,84,39,29,31,136.3333333
6/4/2019,maharashtra,46,89,39,29,31,136.3333333
6/5/2019,maharashtra,49,89,39,29,31,140.3333333
6/6/2019,maharashtra,49,89,51,29,31,140.3333333
6/7/2019,maharashtra,49,89,61,30,32,142.8333333
6/8/2019,maharashtra,49,89,61,32,32,145.3333333
6/9/2019,maharashtra,49,89,111,29,34,144.0833333
6/10/2019,maharashtra,49,44,54,34,35,151.5833333
6/11/2019,maharashtra,28,44,37,32,36,122.3333333
6/12/2019,maharashtra,28,27,38,31,34,118.5833333
6/13/2019,maharashtra,19,28,39,30,35,106.5833333
6/14/2019,maharashtra,20,68,36,27,38,107.9166667
6/15/2019,maharashtra,42,57,69,27,34,132.25
6/16/2019,maharashtra,34,66,42,28,33,121.5833333
6/17/2019,maharashtra,38,52,53,28,35,129.4166667
6/18/2019,maharashtra,31,45,61,28,34,118.8333333
6/19/2019,maharashtra,28,62,38,28,35,116.0833333
6/20/2019,maharashtra,36,80,45,28,34,125.5
6/21/2019,maharashtra,45,77,46,28,35,138.75
6/22/2019,maharashtra,44,77,46,29,35,138.6666667
6/23/2019,maharashtra,44,77,42,27,34,134.9166667
6/24/2019,maharashtra,43,63,48,27,33,132.3333333
6/25/2019,maharashtra,37,57,43,28,35,128.0833333
6/26/2019,maharashtra,34,30,43,27,36,124.0833333
6/27/2019,maharashtra,21,23,48,28,35,106.75
6/28/2019,maharashtra,17,12,43,28,33,98.91666667
6/29/2019,maharashtra,11,19,40,26,33,88.41666667
6/30/2019,maharashtra,15,15,46,26,34,95
1/1/2019,maharashtra,224,177,32,104,85,534.9166667
1/2/2019,maharashtra,310,160,30,113,101,680.8333333
1/3/2019,maharashtra,264,150,34,110,75,583.25
1/4/2019,maharashtra,237,167,48,114,64,538.5
1/5/2019,maharashtra,283,161,47,105,80,608.5833333
1/6/2019,maharashtra,267,143,29,103,112,624.75
1/7/2019,maharashtra,219,177,30,111,104,560.75
1/8/2019,maharashtra,298,179,33,115,95,659.8333333
1/9/2019,maharashtra,304,166,36,114,96,667.8333333
1/10/2019,maharashtra,283,171,47,112,96,637.3333333
1/11/2019,maharashtra,294,171,41,108,87,635.75
1/12/2019,maharashtra,292,148,72,101,81,616.8333333
1/13/2019,maharashtra,232,143,32,101,90,548.0833333
1/14/2019,maharashtra,216,169,61,109,84,529.25
1/15/2019,maharashtra,290,147,29,111,103,654.1666667
1/16/2019,maharashtra,226,124,36,108,99,560.0833333
1/17/2019,maharashtra,160,120,33,109,95,468.3333333
1/18/2019,maharashtra,150,139,46,109,93,452.5
1/19/2019,maharashtra,200,134,31,103,86,502.9166667
1/20/2019,maharashtra,187,118,18,101,77,471.8333333
1/21/2019,maharashtra,144,104,31,103,78,418.25
1/22/2019,maharashtra,120,72,29,86,94,385
1/23/2019,maharashtra,72,84,42,88,104,336
1/24/2019,maharashtra,83,104,43,88,108,355.6666667
1/25/2019,maharashtra,106,101,27,86,112,388.8333333
1/26/2019,maharashtra,100,77,26,88,92,358.3333333
1/27/2019,maharashtra,76,64,27,89,100,337.5833333
1/28/2019,maharashtra,65,74,28,95,106,337.9166667
1/29/2019,maharashtra,74,109,35,101,75,318.6666667
1/30/2019,maharashtra,123,85,32,98,104,416.5
1/31/2019,maharashtra,86,78,62,93,91,344.6666667
2/1/2019,maharashtra,83,78,49,84,76,310.6666667
2/2/2019,maharashtra,83,78,38,81,88,321.9166667
2/3/2019,maharashtra,83,115,24,87,95,338.1666667
2/4/2019,maharashtra,112,109,41,92,112,404.3333333
2/5/2019,maharashtra,106,88,40,86,100,373.8333333
2/6/2019,maharashtra,86,70,41,84,97,340.9166667
2/7/2019,maharashtra,69,71,35,64,53,238.25
2/8/2019,maharashtra,71,112,27,65,41,227.1666667
2/9/2019,maharashtra,134,132,30,84,59,357.4166667
2/10/2019,maharashtra,183,135,40,89,65,436.5
2/11/2019,maharashtra,191,113,47,85,70,448.4166667
2/12/2019,maharashtra,131,107,49,82,91,390.9166667
2/13/2019,maharashtra,114,92,54,76,63,325.75
2/14/2019,maharashtra,90,74,71,70,81,308.75
2/15/2019,maharashtra,73,72,69,65,81,279.8333333
2/16/2019,maharashtra,72,92,79,65,84,282.25
2/17/2019,maharashtra,90,90,84,63,84,303.75
2/18/2019,maharashtra,88,100,94,68,80,302.3333333
2/19/2019,maharashtra,102,114,80,74,83,332.25
2/20/2019,maharashtra,133,81,89,70,94,382.3333333
2/21/2019,maharashtra,80,78,75,69,92,307.9166667
2/22/2019,maharashtra,77,90,70,66,83,288.9166667
2/23/2019,maharashtra,89,83,66,60,96,313.6666667
2/24/2019,maharashtra,82,78,56,52,90,286.8333333
2/25/2019,maharashtra,78,73,47,49,92,280.25
2/26/2019,maharashtra,72,81,45,47,93,271
2/27/2019,maharashtra,80,77,58,47,89,276.6666667
2/28/2019,maharashtra,77,71,61,48,110,300.1666667
3/1/2019,maharashtra,71,109,66,65,99,299.6666667
3/2/2019,maharashtra,117,76,62,51,95,338.5
3/3/2019,maharashtra,77,47,64,43,90,268.9166667
3/4/2019,maharashtra,49,69,52,41,96,236.5833333
3/5/2019,maharashtra,69,75,60,40,88,252
3/6/2019,maharashtra,75,71,64,43,95,272.5
3/7/2019,maharashtra,71,74,76,47,86,260.9166667
3/8/2019,maharashtra,74,90,70,48,80,258.6666667
3/9/2019,maharashtra,88,102,70,46,75,268.5833333
3/10/2019,maharashtra,102,89,53,42,72,278.5
3/11/2019,maharashtra,87,92,56,43,82,272.25
3/12/2019,maharashtra,91,86,58,44,60,251.3333333
3/13/2019,maharashtra,85,76,60,42,89,277.0833333
3/14/2019,maharashtra,76,81,69,43,57,226.3333333
3/15/2019,maharashtra,80,94,72,49,47,226.6666667
3/16/2019,maharashtra,92,79,76,47,55,250.1666667
3/17/2019,maharashtra,79,71,98,43,74,251.5833333
3/18/2019,maharashtra,71,82,70,45,73,242.1666667
3/19/2019,maharashtra,81,80,75,43,72,251.75
3/20/2019,maharashtra,79,72,60,40,54,222.8333333
3/21/2019,maharashtra,72,57,51,37,51,206
3/22/2019,maharashtra,59,62,70,41,57,201.1666667
3/23/2019,maharashtra,62,87,72,45,235,432.6666667
3/24/2019,maharashtra,86,105,73,48,142,352.1666667
3/25/2019,maharashtra,111,101,69,48,92,323
3/26/2019,maharashtra,102,89,69,47,76,289.75
3/27/2019,maharashtra,88,78,75,44,78,269.8333333
3/28/2019,maharashtra,78,83,84,46,64,241.5
3/29/2019,maharashtra,129,87,79,47,58,303.25
3/30/2019,maharashtra,87,85,68,43,82,272.25
3/31/2019,maharashtra,83,72,62,39,83,263.1666667
10/1/2018,maharashtra,57,55,60,28,88,221
10/2/2018,maharashtra,57,49,63,28,85,217.25
10/3/2018,maharashtra,51,48,62,27,65,183
10/4/2018,maharashtra,51,48,41,27,55,170.5
10/5/2018,maharashtra,51,63,41,27,68,186.75
10/6/2018,maharashtra,64,78,44,28,81,221.5833333
10/7/2018,maharashtra,78,75,51,29,65,221.5
10/8/2018,maharashtra,75,79,52,27,48,193.75
10/9/2018,maharashtra,79,88,72,26,57,209.0833333
10/10/2018,maharashtra,88,97,104,28,71,241.0833333
10/11/2018,maharashtra,96,90,58,33,58,241.75
10/12/2018,maharashtra,89,86,56,30,62,233.6666667
10/13/2018,maharashtra,86,88,55,28,57,220.9166667
10/14/2018,maharashtra,88,89,54,28,46,209.8333333
10/15/2018,maharashtra,89,96,57,43,64,252.4166667
10/16/2018,maharashtra,95,91,67,92,93,357.9166667
10/17/2018,maharashtra,90,70,48,97,98,363.75
10/18/2018,maharashtra,71,42,61,21,48,180.9166667
10/19/2018,maharashtra,45,44,66,21,50,148.75
10/20/2018,maharashtra,46,60,64,21,67,171.3333333
10/21/2018,maharashtra,61,73,70,26,97,235.0833333
10/22/2018,maharashtra,73,74,62,41,47,207.3333333
10/23/2018,maharashtra,74,74,66,45,73,246.1666667
10/24/2018,maharashtra,74,83,47,28,95,252.4166667
10/25/2018,maharashtra,77,97,47,30,95,258.9166667
10/26/2018,maharashtra,77,100,25,28,31,176.4166667
10/27/2018,maharashtra,99,101,25,28,31,205.75
10/28/2018,maharashtra,100,80,45,27,41,218.3333333
10/29/2018,maharashtra,80,74,45,27,49,201.6666667
10/30/2018,maharashtra,74,93,36,27,56,202.4166667
10/31/2018,maharashtra,92,94,50,26,48,215.1666667
11/1/2018,maharashtra,94,82,56,15,50,206.5833333
11/2/2018,maharashtra,82,81,56,10,73,213.0833333
11/3/2018,maharashtra,81,62,67,10,97,241.75
11/4/2018,maharashtra,59,46,74,10,50,153.6666667
11/5/2018,maharashtra,36,42,75,89,107,293
11/6/2018,maharashtra,41,76,72,90,47,225.9166667
11/7/2018,maharashtra,77,118,88,89,23,242.6666667
11/8/2018,maharashtra,156,87,128,87,23,345.5
11/9/2018,maharashtra,99,71,86,87,28,275.75
11/10/2018,maharashtra,72,71,82,88,53,272.25
11/11/2018,maharashtra,72,79,83,90,41,259.75
11/12/2018,maharashtra,79,82,76,94,23,251.5833333
11/13/2018,maharashtra,82,78,71,96,26,261.8333333
11/14/2018,maharashtra,78,89,58,99,58,300.25
11/15/2018,maharashtra,89,95,28,98,73,332.4166667
11/16/2018,maharashtra,97,100,55,97,71,339.3333333
11/17/2018,maharashtra,105,95,70,95,68,343.75
11/18/2018,maharashtra,96,86,64,92,61,319.25
11/19/2018,maharashtra,88,68,49,93,81,334.8333333
11/20/2018,maharashtra,71,58,49,97,106,348.4166667
11/21/2018,maharashtra,61,69,44,98,67,287.5833333
11/22/2018,maharashtra,72,76,39,101,122,374.75
11/23/2018,maharashtra,78,91,51,103,114,375.25
11/24/2018,maharashtra,94,94,60,102,62,330.3333333
11/25/2018,maharashtra,97,98,60,99,90,365.5833333
11/26/2018,maharashtra,100,98,49,102,561,962.0833333
11/27/2018,maharashtra,100,127,36,102,45,317.0833333
11/28/2018,maharashtra,174,130,18,87,61,417
11/29/2018,maharashtra,182,123,41,82,58,417.6666667
11/30/2018,maharashtra,161,119,44,72,60,379.6666667
12/1/2018,maharashtra,150,113,51,66,55,351.25
12/2/2018,maharashtra,141,112,45,65,62,346.75
12/3/2018,maharashtra,137,103,30,68,51,331.4166667
12/4/2018,maharashtra,111,104,37,86,96,375.5
12/5/2018,maharashtra,113,117,43,95,92,384.4166667
12/6/2018,maharashtra,133,113,50,97,100,423.5833333
12/7/2018,maharashtra,121,108,43,104,133,457.5833333
12/8/2018,maharashtra,105,102,36,109,125,432.5
12/9/2018,maharashtra,89,88,39,95,92,352.4166667
12/10/2018,maharashtra,77,117,46,98,81,326.4166667
12/11/2018,maharashtra,130,118,60,99,74,389.5833333
12/12/2018,maharashtra,100,115,38,89,71,333.3333333
12/13/2018,maharashtra,116,125,20,94,83,375.9166667
12/14/2018,maharashtra,241,112,80,107,82,557.5833333
12/15/2018,maharashtra,152,119,26,108,67,421.4166667
12/16/2018,maharashtra,296,128,22,106,73,618.4166667
12/17/2018,maharashtra,275,148,41,109,89,614.1666667
12/18/2018,maharashtra,235,101,12,106,84,550.8333333
12/19/2018,maharashtra,121,59,18,104,85,397.5833333
12/20/2018,maharashtra,61,1,35,105,93,328.8333333
12/21/2018,maharashtra,7,1,32,94,85,233.0833333
12/22/2018,maharashtra,7,1,33,100,99,258.0833333
12/23/2018,maharashtra,7,52,46,99,97,254.3333333
12/24/2018,maharashtra,87,121,44,95,81,336
12/25/2018,maharashtra,194,98,47,90,82,473.6666667
12/26/2018,maharashtra,134,88,32,90,91,404.9166667
12/27/2018,maharashtra,103,105,23,101,87,372.3333333
12/28/2018,maharashtra,139,132,13,105,106,449.0833333
12/29/2018,maharashtra,209,133,13,105,105,541.1666667
12/30/2018,maharashtra,210, , ,0,0,280
7/1/2018,maharashtra,24,29,41,36,34,119.5
7/2/2018,maharashtra,22,23,93,37,47,134.3333333
7/3/2018,maharashtra,17,24,127,37,61,145.1666667
7/4/2018,maharashtra,18,19,85,38,65,152.75
7/5/2018,maharashtra,14,20,93,38,45,122.4166667
7/6/2018,maharashtra,15,29,44,36,48,125
7/7/2018,maharashtra,22,4,45,37,50,138.0833333
7/8/2018,maharashtra,3,4,40,37,41,101.5
7/9/2018,maharashtra,3,18,43,37,46,107.75
7/10/2018,maharashtra,13,24,47,37,71,152.3333333
7/11/2018,maharashtra,18,27,47,28,61,135.25
7/12/2018,maharashtra,20,26,38,24,52,121.6666667
7/13/2018,maharashtra,19,26,38,24,53,121.5833333
7/14/2018,maharashtra,19,22,42,21,66,134.0833333
7/15/2018,maharashtra,16,15,39,21,92,162.5833333
7/16/2018,maharashtra,11,16,34,21,105,172.1666667
7/17/2018,maharashtra,9,19,40,21,32,78.25
7/18/2018,maharashtra,14,20,46,32,31,97.41666667
7/19/2018,maharashtra,15,22,46,27,48,113.75
7/20/2018,maharashtra,16,19,45,22,53,115.0833333
7/21/2018,maharashtra,14,16,36,24,29,84.91666667
7/22/2018,maharashtra,12,16,36,24,29,82.25
7/23/2018,maharashtra,12,28,41,23,37,91
7/24/2018,maharashtra,21,31,41,23,39,105.5
7/25/2018,maharashtra,23,34,42,24,44,115.6666667
7/26/2018,maharashtra,26,29,43,25,52,130.9166667
7/27/2018,maharashtra,23,26,44,30,53,134.4166667
7/28/2018,maharashtra,20,32,45,24,50,119.1666667
7/29/2018,maharashtra,24,37,46,22,71,148.25
7/30/2018,maharashtra,28,40,42,22,76,159.8333333
7/31/2018,maharashtra,30,48,44,22,48,127.5
8/1/2018,maharashtra,36,52,45,23,45,133
8/2/2018,maharashtra,39,39,42,23,52,145.75
8/3/2018,maharashtra,29,26,40,23,76,162.4166667
8/4/2018,maharashtra,20,25,41,23,64,135.4166667
8/5/2018,maharashtra,18,32,42,24,43,107.75
8/6/2018,maharashtra,24,30,42,25,49,124.5
8/7/2018,maharashtra,23,26,43,24,55,129.4166667
8/8/2018,maharashtra,20,26,44,24,63,135.4166667
8/9/2018,maharashtra,19,25,44,24,68,140.3333333
8/10/2018,maharashtra,18,24,43,24,80,154
8/11/2018,maharashtra,18,28,43,24,66,136.5
8/12/2018,maharashtra,21,24,43,24,66,140.5
8/13/2018,maharashtra,18,28,40,33,78,162.75
8/14/2018,maharashtra,21,37,40,33,78,166.75
8/15/2018,maharashtra,28,20,42,27,44,126.0833333
8/16/2018,maharashtra,15,39,54,32,52,125
8/17/2018,maharashtra,33,35,44,75,56,207.75
8/18/2018,maharashtra,26,16,43,58,50,169.6666667
8/19/2018,maharashtra,12,17,42,22,49,104.75
8/20/2018,maharashtra,15,19,36,22,56,117.5
8/21/2018,maharashtra,16,28,36,22,87,157.5833333
8/22/2018,maharashtra,18,27,36,22,85,157.75
8/23/2018,maharashtra,19,33,37,25,58,129.0833333
8/24/2018,maharashtra,31,25,33,28,84,181.3333333
8/25/2018,maharashtra,28,18,33,28,80,172.3333333
8/26/2018,maharashtra,22,23,36,27,51,126.8333333
8/27/2018,maharashtra,27,24,35,28,50,133.5
8/28/2018,maharashtra,28,29,32,27,61,147.3333333
8/29/2018,maharashtra,32,30,32,26,71,163.9166667
8/30/2018,maharashtra,33,31,38,28,54,146.5
8/31/2018,maharashtra,34,32,50,28,50,142.8333333
9/1/2018,maharashtra,35,27,44,27,70,167.9166667
9/2/2018,maharashtra,31,15,37,27,83,178.8333333
9/3/2018,maharashtra,20,19,30,27,63,139.1666667
9/4/2018,maharashtra,23,24,32,27,44,119.4166667
9/5/2018,maharashtra,28,29,44,28,70,159.8333333
9/6/2018,maharashtra,32,33,45,28,75,171.4166667
9/7/2018,maharashtra,36,30,42,27,68,166.75
9/8/2018,maharashtra,33,30,42,28,94,196.5
9/9/2018,maharashtra,33,30,42,28,94,196.5
9/10/2018,maharashtra,33,37,40,30,121,232.75
9/11/2018,maharashtra,40,39,40,31,128,252.0833333
9/12/2018,maharashtra,42,39,40,31,128,254.75
9/13/2018,maharashtra,42,26,36,29,128,252.25
9/14/2018,maharashtra,30,26,36,28,128,235
9/15/2018,maharashtra,30,26,36,28,128,235
9/16/2018,maharashtra,30,25,47,30,73,168.75
9/17/2018,maharashtra,28,26,47,30,83,178.5833333
9/18/2018,maharashtra,29,41,36,30,71,164.9166667
9/19/2018,maharashtra,44,44,41,29,64,174.9166667
9/20/2018,maharashtra,48,42,61,28,54,166.5
9/21/2018,maharashtra,53,53,62,27,43,158.1666667
9/22/2018,maharashtra,57,56,51,28,38,158.5
9/23/2018,maharashtra,58,39,50,28,73,203.5833333
9/24/2018,maharashtra,42,44,52,28,43,144.75
9/25/2018,maharashtra,46,50,62,27,59,168.8333333
9/26/2018,maharashtra,52,66,66,27,82,205.5833333
9/27/2018,maharashtra,67,61,52,27,76,218.0833333
9/28/2018,maharashtra,63,51,58,28,87,227.75
9/29/2018,maharashtra,53,53,44,26,52,168.1666667
9/30/2018,maharashtra,55,56,47,26,42,158.3333333
4/1/2018,maharashtra,73,88,56,26,39,178.5833333
4/2/2018,maharashtra,81,92,72,19,36,176.75
4/3/2018,maharashtra,86,96,72,32,31,193.4166667
4/4/2018,maharashtra,185,91,20,27,38,327.9166667
4/5/2018,maharashtra,119,96,82,37,36,249.9166667
4/6/2018,maharashtra,81,110,80,63,28,221.75
4/7/2018,maharashtra,95,125,79,71,28,250.4166667
4/8/2018,maharashtra,130,135,76,73,31,303.3333333
4/9/2018,maharashtra,151,104,17,58,33,315.0833333
4/10/2018,maharashtra,88,102,32,53,31,222.3333333
4/11/2018,maharashtra,86,98,31,50,31,215.9166667
4/12/2018,maharashtra,82,99,0,53,0,175.5833333
4/13/2018,maharashtra,82,101,0,53,0,175.5833333
4/14/2018,maharashtra,84, ,0,0,0,112
4/19/2018,maharashtra,71,91,40,28,34,172.1666667
4/20/2018,maharashtra,76, , ,0,0,101.3333333
4/23/2018,maharashtra,70,92,69,42,32,185.8333333
4/24/2018,maharashtra,76,89,87,39,31,188.8333333
4/25/2018,maharashtra,74,80,94,36,31,182.4166667
4/26/2018,maharashtra,66,73,114,38,34,178
4/27/2018,maharashtra,60,69,69,38,39,176.25
4/28/2018,maharashtra,57,68,64,39,38,172.25
4/29/2018,maharashtra,57,62,57,37,35,166
4/30/2018,maharashtra,53,75,72,34,33,154.4166667
5/1/2018,maharashtra,62,83,83,36,33,168.9166667
5/2/2018,maharashtra,69,72,93, ,32,#VALUE!
5/3/2018,maharashtra,59,72,90,41,34,172.4166667
5/4/2018,maharashtra,59,70,71,38,40,176.1666667
5/5/2018,maharashtra,58,76,66,37,37,169.8333333
5/6/2018,maharashtra,63,68,60,36,50,191.5
5/7/2018,maharashtra,57,59,71,36,45,177.25
5/8/2018,maharashtra,49,71,182,37,29,147.8333333
5/9/2018,maharashtra,57,88,194,40,36,171
5/10/2018,maharashtra,68,83,110,39,36,184.4166667
5/11/2018,maharashtra,62,74,75,37,32,168.9166667
5/12/2018,maharashtra,58,78,72,37,32,163.5833333
5/13/2018,maharashtra,61,93,81,40,31,170.0833333
5/14/2018,maharashtra,74,78,89,40,33,189.9166667
5/15/2018,maharashtra,61,72,84,39,30,167.5833333
5/16/2018,maharashtra,56,82,130,40,27,158.4166667
5/17/2018,maharashtra,64,81,124,38,31,171.5833333
5/18/2018,maharashtra,63,79,93,38,40,181.5
5/19/2018,maharashtra,62,91,164,39,42,183.9166667
5/20/2018,maharashtra,72,93,142,38,37,189.75
5/21/2018,maharashtra,73,82,84,38,34,187.3333333
5/22/2018,maharashtra,65,81,147,39,34,177.9166667
5/23/2018,maharashtra,63,84,147,39,33,174
5/24/2018,maharashtra,67,90,78,39,30,175.5833333
5/25/2018,maharashtra,71,72,78,39,29,179.6666667
5/26/2018,maharashtra,56,69,103,40,30,162.1666667
5/27/2018,maharashtra,54,69,104,39,34,163.25
5/28/2018,maharashtra,54,59,137,38,39,168.25
5/29/2018,maharashtra,46,53,72,37,39,156.3333333
5/30/2018,maharashtra,41,57,63,38,41,153.4166667
5/31/2018,maharashtra,44,73,87,38,43,159.9166667
6/1/2018,maharashtra,57,78,90,38,26,156
6/2/2018,maharashtra,61,54,80,38,28,163.8333333
6/3/2018,maharashtra,42,34,80,38,29,139.75
6/4/2018,maharashtra,26,45,67,41,27,119.6666667
6/5/2018,maharashtra,35,54,96,41,40,147.9166667
6/6/2018,maharashtra,42,45,71,39,29,141
6/7/2018,maharashtra,36,37,70,39,28,131.75
6/8/2018,maharashtra,28,29,72,39,31,124.8333333
6/9/2018,maharashtra,22,25,66,38,30,114.3333333
6/10/2018,maharashtra,19,40,58,38,31,111.5833333
6/11/2018,maharashtra,30,53,66,37,38,133.75
6/12/2018,maharashtra,40,63,122,37,37,145.8333333
6/13/2018,maharashtra,47,65,128,39,32,151.4166667
6/14/2018,maharashtra,48,57,51,42,31,155.25
6/15/2018,maharashtra,43,46,49,40,26,139.8333333
6/16/2018,maharashtra,34,39,49,54,27,146.5833333
6/17/2018,maharashtra,29,28,52,49,39,148.6666667
6/18/2018,maharashtra,20,19,55,45,40,132.9166667
6/19/2018,maharashtra,14,27,58,47,32,117.4166667
6/20/2018,maharashtra,20,53,60,42,27,112.9166667
6/21/2018,maharashtra,39,39,51,38,46,157
6/22/2018,maharashtra,29,26,45,36,76,178.6666667
6/23/2018,maharashtra,19,22,45,36,55,139.0833333
6/24/2018,maharashtra,16,15,45,37,49,128.8333333
6/25/2018,maharashtra,11,22,44,37,66,143.4166667
6/26/2018,maharashtra,17,32,47,36,60,142.6666667
6/27/2018,maharashtra,24,38,48,36,52,142
6/28/2018,maharashtra,29,28,37,37,62,162.4166667
6/29/2018,maharashtra,21,30,48,38,64,155.5
6/30/2018,maharashtra,22,32,45,36,46,131.8333333
1/1/2018,maharashtra,94,106,70,27,53,225.3333333
1/2/2018,maharashtra,89,111,72,27,61,228.6666667
1/3/2018,maharashtra,90,120,71,29,56,226.25
1/4/2018,maharashtra,99,129,86,28,54,234.5
1/5/2018,maharashtra,119,120,69,28,43,247.4166667
1/6/2018,maharashtra,99,111,61,27,21,192
1/7/2018,maharashtra,87,102,65,27,34,192.25
1/8/2018,maharashtra,78,103,63,28,55,207.75
1/9/2018,maharashtra,83,140,51,28,41,196.9166667
1/10/2018,maharashtra,123,137,52,28,44,254
1/11/2018,maharashtra,137,124,56,29,40,268.9166667
1/12/2018,maharashtra,110,114,58,29,35,226.6666667
1/13/2018,maharashtra,93, ,46,29,37,206.5
1/15/2018,maharashtra,170,143,66,29,74,355.4166667
1/16/2018,maharashtra,177,122,67,27,83,373.5
1/17/2018,maharashtra,136,97,68,28,94,333.8333333
1/18/2018,maharashtra,88,100,61,28,101,278.5833333
1/19/2018,maharashtra,92,113,65,28,102,285.1666667
1/20/2018,maharashtra,114,124,66, ,93,#VALUE!
1/21/2018,maharashtra,143,123,91,0,49,251.9166667
1/22/2018,maharashtra,142,104,98,27,33,264.3333333
1/23/2018,maharashtra,106,81,100,27,25,206.3333333
1/24/2018,maharashtra,169,101,63,25,26,289.0833333
1/25/2018,maharashtra,201,135,79,28,19,326.75
1/26/2018,maharashtra,203,117,95,28,39,354.4166667
1/27/2018,maharashtra,142,118,98,28,70,311.8333333
1/28/2018,maharashtra,145,124,76,28,92,343.3333333
1/29/2018,maharashtra,163,144,70,28,73,343.5833333
1/30/2018,maharashtra,221,154,56,0,53,360.9166667
1/31/2018,maharashtra,246,148,46,14,47,404.25
2/1/2018,maharashtra,227,134,41,14,33,361.4166667
2/2/2018,maharashtra,189,124,26,0,43,305.75
2/3/2018,maharashtra,163,132,21,15,51,299.8333333
2/4/2018,maharashtra,183,141,29,14,49,322.75
2/5/2018,maharashtra,209,137,33,14,55,364.9166667
2/6/2018,maharashtra,198,128,32,0,55,332.75
2/7/2018,maharashtra,175,102,34,0,48,293.3333333
2/8/2018,maharashtra,114,95,35,0,27,185.75
2/9/2018,maharashtra,95,102,33,0,24,156.6666667
2/10/2018,maharashtra,101,101,33,0,32,174.6666667
2/11/2018,maharashtra,99,64,28,0,36,177
2/12/2018,maharashtra,64,76,30,0,43,139.0833333
2/13/2018,maharashtra,75,82,32,0,43,153.75
2/14/2018,maharashtra,101,81,29,0,51,198.4166667
2/15/2018,maharashtra,101,98,32,0,44,189.6666667
2/16/2018,maharashtra,109,104,38,0,44,200.3333333
2/17/2018,maharashtra,113,95,38,0,47,209.4166667
2/18/2018,maharashtra,93,88,30,12,58,211.5
2/19/2018,maharashtra,80,104,30,14,44,179.1666667
2/20/2018,maharashtra,113,120,42,0,35,194.4166667
2/21/2018,maharashtra,141,121,46,0,36,233
2/22/2018,maharashtra,150,123,52,0,39,248.75
2/23/2018,maharashtra,139,114,50,0,43,239.0833333
2/24/2018,maharashtra,134,119,39,0,47,237.4166667
2/25/2018,maharashtra,146,123,46,0,44,249.6666667
2/26/2018,maharashtra,161,125,32,0,43,268.4166667
2/27/2018,maharashtra,138,121,44,0,42,236.5
2/28/2018,maharashtra,119,114,42,0,43,212.4166667
3/1/2018,maharashtra,132,118,35,0,45,232.25
3/2/2018,maharashtra,140,125,37,0,44,241.6666667
3/3/2018,maharashtra,156,123,27,0,36,253
3/4/2018,maharashtra,150,123,45,0,32,240
3/5/2018,maharashtra,148, ,59,0,45,253.5833333
3/7/2018,maharashtra,156,110,58,13,51,288
3/8/2018,maharashtra,119,102,55,14,45,232.4166667
3/9/2018,maharashtra,101,110,43,0,45,190.9166667
3/10/2018,maharashtra,114,116,43,7,38,208.25
3/11/2018,maharashtra,128,109,52,9,34,224.4166667
3/12/2018,maharashtra,112,116,40,14,37,213.0833333
3/13/2018,maharashtra,129,125,42,0,43,225.75
3/14/2018,maharashtra,154, ,53,13,40,271.5833333
3/16/2018,maharashtra,76,96,53,14,40,168.8333333
3/17/2018,maharashtra,93,114,59,13,36,185.25
3/18/2018,maharashtra,122,96,61,13,37,225.1666667
3/19/2018,maharashtra,98,83,52,14,44,203.1666667
3/20/2018,maharashtra,78,72,44,0,47,162.75
3/21/2018,maharashtra,67,67,46,0,48,149.3333333
3/22/2018,maharashtra,62,83,58,0,42,135.1666667
3/23/2018,maharashtra,78,100,54,25,42,187.75
3/24/2018,maharashtra,96,109,62,25,45,215.5
3/25/2018,maharashtra,111,116,55,26,44,235.5
3/26/2018,maharashtra,131,117,50,28,41,260.9166667
3/27/2018,maharashtra,134,98,54,26,44,266.1666667
3/28/2018,maharashtra,100,77,50,27,48,227.0833333
3/29/2018,maharashtra,72,76,54,28,47,189.75
3/30/2018,maharashtra,71,82,46,22,53,188.4166667
3/31/2018,maharashtra,76,81,64,17,45,178.8333333
10/1/2017,maharashtra,54,67,52,26,0,104.5
10/2/2017,maharashtra,53,77,61,30,17,129.4166667
10/3/2017,maharashtra,60,86,71,28,24,145
10/4/2017,maharashtra,67,118,74,27,28,158.0833333
10/5/2017,maharashtra,119,102,55,28,28,228.6666667
10/6/2017,maharashtra,120,59,55,28,25,226.25
10/7/2017,maharashtra,58,47,38,29,24,143.5833333
10/8/2017,maharashtra,36,39,55,29,24,114.25
10/9/2017,maharashtra,29,41,56,29,22,102.4166667
10/10/2017,maharashtra,31,48,61,28,29,112.5833333
10/11/2017,maharashtra,36,43,104,28,53,149.25
10/12/2017,maharashtra,33,34,110,28,51,142.75
10/13/2017,maharashtra,27,33,79,27,33,111
10/14/2017,maharashtra,26,43,71,27,28,103.4166667
10/15/2017,maharashtra,33,50,96,27,15,96.5
10/16/2017,maharashtra,39,64,96,29,24,118.25
10/17/2017,maharashtra,51,80,73,28,27,136.75
10/18/2017,maharashtra,67,95,102,30,29,163.0833333
10/19/2017,maharashtra,72,139,113,30,34,176
10/20/2017,maharashtra,132,134,169,29,44,267.25
10/21/2017,maharashtra,134,99,169,30,57,287.4166667
10/22/2017,maharashtra,79,87,146,29,59,215.3333333
10/23/2017,maharashtra,66,91,158,29,63,203
10/24/2017,maharashtra,68,94,158,30,62,205.6666667
10/25/2017,maharashtra,71,113,31,30,61,208.4166667
10/26/2017,maharashtra,92,113,49,29,58,231.4166667
10/27/2017,maharashtra,93,105,49,29,55,229
10/28/2017,maharashtra,84,100,50,30,57,220.75
10/29/2017,maharashtra,78,109,42,29,58,212.75
10/30/2017,maharashtra,87,118,43,29,60,227.25
10/31/2017,maharashtra,97,125,45,29,58,238.0833333
11/1/2017,maharashtra,108,132,42,29,55,249
11/2/2017,maharashtra,125,132,38,28,59,275.4166667
11/3/2017,maharashtra,125, , ,0,0,166.6666667
11/6/2017,maharashtra,82,116,42,30,59,220.5833333
11/7/2017,maharashtra,97,121,42,29,65,246.8333333
11/8/2017,maharashtra,105,115,47,28,60,250
11/9/2017,maharashtra,94,113,50,29,60,236.5833333
11/10/2017,maharashtra,91,121,51,29,61,233.8333333
11/11/2017,maharashtra,105,137,62,31,72,268.75
11/12/2017,maharashtra,137,131,64,31,77,317.6666667
11/13/2017,maharashtra,122,123,65,30,71,288.9166667
11/14/2017,maharashtra,104,123,68,32,68,263.6666667
11/15/2017,maharashtra,100,125,66,31,71,260.8333333
11/16/2017,maharashtra,108,120,76,31,73,274
11/17/2017,maharashtra,105,109,79,26,69,258.75
11/18/2017,maharashtra,87, ,52,28,68,236
11/20/2017,maharashtra,71,79,41,30,67,215.9166667
11/21/2017,maharashtra,62,86,38,30,68,205.1666667
11/22/2017,maharashtra,66,103,53,28,89,234.25
11/23/2017,maharashtra,78,96,68,30,71,230.25
11/24/2017,maharashtra,73,97,73,29,69,219.8333333
11/25/2017,maharashtra,75,134,53,28,66,217.5
11/26/2017,maharashtra,174,150,48,30,66,352
11/27/2017,maharashtra,209,123,32,30,68,401.1666667
11/28/2017,maharashtra,108,119,48,29,71,269
11/29/2017,maharashtra,99,126,48,30,71,258.25
11/30/2017,maharashtra,112,134,28,31,73,279.3333333
12/1/2017,maharashtra,131,123,41,30,67,295.9166667
12/2/2017,maharashtra,112,110,68,28,30,221.8333333
12/3/2017,maharashtra,88,102,70,28,36,197.3333333
12/4/2017,maharashtra,79,93,47,27,63,217.8333333
12/5/2017,maharashtra,72,89,56,27,54,197.25
12/6/2017,maharashtra,69, ,70,29,53,194.5
12/12/2017,maharashtra,51,63,71,29,108,239.25
12/13/2017,maharashtra,48,74,46,29,69,186.5
12/14/2017,maharashtra,57,80,70,28,77,207.25
12/15/2017,maharashtra,61,102,80,28,80,216.3333333
12/16/2017,maharashtra,81,113,51,28,76,238
12/17/2017,maharashtra,91,98,48,28,61,232.5833333
12/18/2017,maharashtra,77,101,47,29,53,205.1666667
12/19/2017,maharashtra,80,107,43,29,55,211.6666667
12/20/2017,maharashtra,86,111,47,28,73,240.9166667
12/21/2017,maharashtra,89,133,52,28,42,206.1666667
12/22/2017,maharashtra,134,144,52,29,55,283.6666667
12/23/2017,maharashtra,155,135,71,29,62,320.4166667
12/24/2017,maharashtra,133,126,75,28,58,284.8333333
12/25/2017,maharashtra,112,131,41,28,56,254.3333333
12/26/2017,maharashtra,113,136,40,29,56,256.9166667
12/27/2017,maharashtra,126,139,54,29,46,261.75
12/28/2017,maharashtra,127,135,56,28,60,279.3333333
12/29/2017,maharashtra,121,129,60,28,65,277.5833333
12/30/2017,maharashtra,118, , ,0,0,157.3333333
7/1/2017,maharashtra,26,35,32,27,26,100.9166667
7/2/2017,maharashtra,27,32,27,27,9,81
7/3/2017,maharashtra,25,42,26,28,18,90.83333333
7/4/2017,maharashtra,33,43,26,27,11,91.5
7/5/2017,maharashtra,34,50,27,28,22,107.8333333
7/6/2017,maharashtra,39,54,26,29,17,109.5
7/7/2017,maharashtra,42,54,27,27,12,104.75
7/8/2017,maharashtra,42,55,27,28,17,112.25
7/9/2017,maharashtra,43,47,25,29,20,118.5833333
7/10/2017,maharashtra,38,46,25,29,21,113.1666667
7/11/2017,maharashtra,36,47,42,28,22,110.5
7/12/2017,maharashtra,37,50,85,29,13,101.8333333
7/13/2017,maharashtra,40,45,75,29,19,113.3333333
7/14/2017,maharashtra,35,39,22,27,40,130.4166667
7/15/2017,maharashtra,31,41,16,27,61,151.3333333
7/16/2017,maharashtra,32,32,23,28,3,81.41666667
7/17/2017,maharashtra,23,29,19,29,12,81.91666667
7/18/2017,maharashtra,21,23,20,28,32,103
7/19/2017,maharashtra,17,21,16,28,26,90.16666667
7/20/2017,maharashtra,16,23,80,27,30,92.58333333
7/21/2017,maharashtra,18,25,80,29,38,107.75
7/22/2017,maharashtra,20, , ,0,0,26.66666667
7/24/2017,maharashtra,29,44,76,28,42,126.1666667
7/25/2017,maharashtra,34,50,80,29,43,135.3333333
7/26/2017,maharashtra,39,43,62,27,27,119.5
7/27/2017,maharashtra,34,34,62,27,25,110.3333333
7/28/2017,maharashtra,26,31,46,29,25,102.1666667
7/29/2017,maharashtra,25, , ,0,0,33.33333333
7/31/2017,maharashtra,24,30,33,27,61,142
8/1/2017,maharashtra,23,31,27,28,43,119.4166667
8/2/2017,maharashtra,24,35,21,28,40,117
8/3/2017,maharashtra,27,37,20,29,46,129.75
8/4/2017,maharashtra,29,47,24,28,37,119.9166667
8/5/2017,maharashtra,37,51,92,27,51,146.8333333
8/6/2017,maharashtra,40,54,93,27,62,164.5833333
8/7/2017,maharashtra,42,52,56,28,65,172.25
8/8/2017,maharashtra,40,54,26,28,35,132.0833333
8/9/2017,maharashtra,42,48,177,29,31,131
8/10/2017,maharashtra,37,42,176,27,42,135.5833333
8/11/2017,maharashtra,33,39,66,26,28,111.5
8/12/2017,maharashtra,31,42,60,27,22,102.5833333
8/13/2017,maharashtra,33,42,27,26,32,116.5
8/14/2017,maharashtra,32,47,27,26,84,180.1666667
8/15/2017,maharashtra,36,48,25,29,106,216.75
8/16/2017,maharashtra,37,56,28,28,50,146.8333333
8/17/2017,maharashtra,42,63,24,27,12,104.75
8/18/2017,maharashtra,48,54,24,27,12,112.75
8/19/2017,maharashtra,44,31,24,28,12,108.6666667
8/20/2017,maharashtra,25,24,24,28,0,68.33333333
8/21/2017,maharashtra,19,30,29,0,0,25.33333333
8/22/2017,maharashtra,24,41,29,27,14,83.25
8/23/2017,maharashtra,34,40,25,27,15,97.83333333
8/24/2017,maharashtra,32,35,25,29,14,96.41666667
8/25/2017,maharashtra,27,24,24,26,13,84.75
8/26/2017,maharashtra,19,22,32,27,12,74.08333333
8/27/2017,maharashtra,17,23,32,26,12,70.16666667
8/28/2017,maharashtra,18,20,31,26,83,160.25
8/29/2017,maharashtra,16,21,32,28,51,120.0833333
8/30/2017,maharashtra,17,43,58,29,27,92.66666667
8/31/2017,maharashtra,34,61,44,35,20,114.0833333
9/1/2017,maharashtra,47,47,25,32,26,135.1666667
9/2/2017,maharashtra,36,42,26,28,31,121.75
9/3/2017,maharashtra,32,44,26,29,30,116.4166667
9/4/2017,maharashtra,34,54,25,27,27,112.8333333
9/5/2017,maharashtra,42,63,23,27,25,121
9/6/2017,maharashtra,49, , ,0,0,65.33333333
9/11/2017,maharashtra,36,45,11,29,35,128
9/12/2017,maharashtra,34,45,48,27,32,119.0833333
9/13/2017,maharashtra,34,32,48,27,48,139.0833333
9/14/2017,maharashtra,24,37, ,26,46,122
9/15/2017,maharashtra,29,38, ,27,44,127.4166667
9/16/2017,maharashtra,30,36, ,27,42,126.25
9/17/2017,maharashtra,28,34, ,27,43,124.8333333
9/18/2017,maharashtra,26,32,19,28,44,124.6666667
9/19/2017,maharashtra,25,26,34,27,42,119.5833333
9/20/2017,maharashtra,20,43,36,29,65,144.1666667
9/21/2017,maharashtra,36,53,29,29,69,170.5
9/22/2017,maharashtra,43,83,64,27,31,129.8333333
9/23/2017,maharashtra,66,75,64,28,23,151.75
9/24/2017,maharashtra,59,55,62,28,24,143.6666667
9/25/2017,maharashtra,43,66,66,27,32,131.0833333
9/26/2017,maharashtra,51,73,89,26,21,126.75
9/27/2017,maharashtra,56,85,77,26,14,124.6666667
9/28/2017,maharashtra,65,81,56,27,16,140.4166667
9/29/2017,maharashtra,64,86,60,28,15,139.0833333
9/30/2017,maharashtra,87,68,52,25,12,162.25
4/1/2017,maharashtra,90,110,65,0, ,#VALUE!
4/2/2017,maharashtra,89,98,90,0,36,163.6666667
4/3/2017,maharashtra,75,102,92,0,35,143.75
4/4/2017,maharashtra,79,94,74,28,35,184.0833333
4/5/2017,maharashtra,73,99,130,27,41,182.3333333
4/6/2017,maharashtra,76,102,142,28,48,196.3333333
4/7/2017,maharashtra,79,115,93,28,53,206.5833333
4/8/2017,maharashtra,97,128,120,28,52,229.3333333
4/9/2017,maharashtra,118,129,131,28,51,256.0833333
4/10/2017,maharashtra,118,137,104,28,51,256.0833333
4/11/2017,maharashtra,137,134,100,29,53,285.1666667
4/12/2017,maharashtra,131,114,116,0,51,238.4166667
4/13/2017,maharashtra,96,105,104,0,48,188
4/14/2017,maharashtra,82,103,92,26,45,198.0833333
4/15/2017,maharashtra,80,105,126,29,43,196.6666667
4/16/2017,maharashtra,83,102,142,28,55,214.4166667
4/17/2017,maharashtra,80,110,196,26,40,189.1666667
4/18/2017,maharashtra,88,107,151,27,45,207.3333333
4/19/2017,maharashtra,85,95,82,28,50,210.8333333
4/20/2017,maharashtra,74,88,86,26,44,186.1666667
4/21/2017,maharashtra,68,79,228,27,51,188.1666667
4/22/2017,maharashtra,61,84,179,28,52,181.3333333
4/23/2017,maharashtra,65,88,68,28,53,187.9166667
4/24/2017,maharashtra,67,92,75,0,55,158.0833333
4/25/2017,maharashtra,71,105,144,28,52,194.6666667
4/26/2017,maharashtra,82,103,69,27,53,209.3333333
4/27/2017,maharashtra,81,98,45,28,53,209.25
4/28/2017,maharashtra,76,90,49,28,57,207.5833333
4/29/2017,maharashtra,69,92,72,27,54,193.25
4/30/2017,maharashtra,71,104,62,27,54,195.9166667
5/1/2017,maharashtra,81,111,46,27,55,210.5
5/2/2017,maharashtra,90,110,48,27,45,210
5/3/2017,maharashtra,88,105,45,29,50,216.0833333
5/4/2017,maharashtra,83,107,50,27,51,208.1666667
5/5/2017,maharashtra,85,101,51,0,51,177.0833333
5/6/2017,maharashtra,79,90,39,28,47,199.0833333
5/7/2017,maharashtra,69,84,44,28,51,190.75
5/8/2017,maharashtra,65,87,55,27,51,184.1666667
5/9/2017,maharashtra,61,85,71,28,48,176.3333333
5/10/2017,maharashtra,54,77,62,28,47,165.75
5/11/2017,maharashtra,58,80,36,28,52,177.3333333
5/12/2017,maharashtra,61,75,45,28,49,177.5833333
5/13/2017,maharashtra,57,74,48,27,47,168.5
5/14/2017,maharashtra,57,67,49,28,44,166
5/15/2017,maharashtra,52,58,44,28,48,164.3333333
5/16/2017,maharashtra,45,64,46,27,52,158.75
5/17/2017,maharashtra,49,65,44,27,52,164.0833333
5/18/2017,maharashtra,52,64,40,27,51,166.8333333
5/19/2017,maharashtra,50,64,37,27,55,169.1666667
5/20/2017,maharashtra,50,55,36,29,53,169.1666667
5/21/2017,maharashtra,43,51,26,29,56,163.5833333
5/22/2017,maharashtra,40,50,27,27,68,172.0833333
5/23/2017,maharashtra,39,67,37,26,71,173.25
5/24/2017,maharashtra,53,79,37,26,53,169.4166667
5/25/2017,maharashtra,61,71,37,27,46,172.5833333
5/26/2017,maharashtra,54,69,37,28,43,160.75
5/27/2017,maharashtra,52,74,34,28,46,161.8333333
5/28/2017,maharashtra,57,49,33,28,56,181
5/29/2017,maharashtra,39,52,33,27,112,225.75
5/30/2017,maharashtra,45,41,28,27,87,202.5
5/31/2017,maharashtra,33,49,39,28,55,147.75
6/1/2017,maharashtra,38,57,36,27,63,163.1666667
6/2/2017,maharashtra,45,42,37,27,62,171.25
6/3/2017,maharashtra,34,35,42,28,55,149.0833333
6/4/2017,maharashtra,27,52,32,28,52,136
6/5/2017,maharashtra,40,113,31,27,52,152.0833333
6/6/2017,maharashtra,231,90,33,27,55,410.5
6/7/2017,maharashtra,173,40,36,27,90,376.9166667
6/8/2017,maharashtra,31,36,32,29,99,201.3333333
6/9/2017,maharashtra,28,40,50,28,85,178.5833333
6/10/2017,maharashtra,31,33,68,28,54,143.8333333
6/11/2017,maharashtra,26,27,34,28,62,147.1666667
6/12/2017,maharashtra,21,26,42,27,53,128
6/13/2017,maharashtra,21,28,38,28,51,126.75
6/14/2017,maharashtra,21,32,58,28,59,136.75
6/15/2017,maharashtra,25,28,68,28,49,129.5833333
6/16/2017,maharashtra,22,29,48,29,57,136.8333333
6/17/2017,maharashtra,23,31,48,28,59,139.4166667
6/18/2017,maharashtra,24,32,31,28,61,143.25
6/19/2017,maharashtra,25,31,30,29,50,132.0833333
6/20/2017,maharashtra,24,34,26,28,52,132
6/21/2017,maharashtra,26,39,27,28,61,145.9166667
6/22/2017,maharashtra,30,44,27,29,68,161.25
6/23/2017,maharashtra,34,41,24,28,52,145.3333333
6/24/2017,maharashtra,32,40,24,28,56,147.6666667
6/25/2017,maharashtra,31,26,22,29,46,135.0833333
6/26/2017,maharashtra,20,27,22,28,49,122.9166667
6/27/2017,maharashtra,21,32,24,28,68,148
6/28/2017,maharashtra,25,32,49,29,59,143.3333333
6/29/2017,maharashtra,25,31,41,29,51,133.3333333
6/30/2017,maharashtra,24,34,35,28,52,132
1/2/2017,maharashtra,136,138,35,26,71,302.5833333
1/3/2017,maharashtra,144,146,39,26,95,343.25
1/4/2017,maharashtra,163,146,49,26,101,376.0833333
1/5/2017,maharashtra,161,135,52,25,93,362.1666667
1/6/2017,maharashtra,136,119,46,26,83,317.5833333
1/7/2017,maharashtra,105,107,46,24,57,241.25
1/8/2017,maharashtra,88,103,46,24,44,202.3333333
1/9/2017,maharashtra,83,107,84,24,52,205.6666667
1/10/2017,maharashtra,87,116,83,25,54,214.75
1/11/2017,maharashtra,99,126,88,26,69,250.75
1/12/2017,maharashtra,117,140,90,26,100,313.5
1/13/2017,maharashtra,149,154,74,25,86,337.4166667
1/14/2017,maharashtra,182,136,86,24,40,322.6666667
1/15/2017,maharashtra,142,123,87,24,3,223.0833333
1/16/2017,maharashtra,110,124,90,24,55,245.4166667
1/17/2017,maharashtra,112,127,90,24,89,290.5833333
1/18/2017,maharashtra,119,134,85,25,80,289.9166667
1/19/2017,maharashtra,135,138,89,27,94,331.25
1/20/2017,maharashtra,144,148,85,25,109,359.5
1/21/2017,maharashtra,166,127,85,24,106,383.8333333
1/22/2017,maharashtra,125,120,85,25,111,336.6666667
1/23/2017,maharashtra,105,129,66,26,111,311.25
1/24/2017,maharashtra,124,143,83,27,115,342.8333333
1/25/2017,maharashtra,156,150,85,25,120,389.25
1/26/2017,maharashtra,172,126,85,26,91,375.5833333
1/27/2017,maharashtra,122,57,76,28,36,242.6666667
1/28/2017,maharashtra,49,85,76,26,37,144.0833333
1/29/2017,maharashtra,90,136,64,26,61,228.75
1/30/2017,maharashtra,140,126,62,26,57,290.4166667
1/31/2017,maharashtra,116,125,85,26,54,254.6666667
2/1/2017,maharashtra,112,134,85,26,57,253.0833333
2/2/2017,maharashtra,134,138,47,25,57,281.1666667
2/3/2017,maharashtra,143,128,96,27,51,288.1666667
2/4/2017,maharashtra,120,119,96,29,49,257.5
2/5/2017,maharashtra,100, , ,0,0,133.3333333
2/7/2017,maharashtra,132,130,64,25,48,267.25
2/8/2017,maharashtra,126,126,28,26,46,258
2/9/2017,maharashtra,115,127,88,25,48,244.5833333
2/10/2017,maharashtra,120,121,88,25,50,253.75
2/11/2017,maharashtra,136,116,74,26,50,276.3333333
2/12/2017,maharashtra,143,132,40,25,54,289.4166667
2/13/2017,maharashtra,187,127,53,25,51,344.3333333
2/14/2017,maharashtra,174,131,54,26,56,334.5
2/15/2017,maharashtra,184,136,38,26,59,351.5833333
2/16/2017,maharashtra,198,139,46,27,51,361.5
2/17/2017,maharashtra,208,146,42,0,50,339.8333333
2/18/2017,maharashtra,224,127,44,24,64,408.6666667
2/19/2017,maharashtra,173,116,44,24,57,331.9166667
2/20/2017,maharashtra,141,102,45,25,50,281.75
2/21/2017,maharashtra,106,98,46,26,49,235.0833333
2/22/2017,maharashtra,98,124,39,24,54,228.1666667
2/23/2017,maharashtra,164,122,40,24,52,313.6666667
2/24/2017,maharashtra,161,126,35,25,62,323.4166667
2/25/2017,maharashtra,172,131,40,24,64,339.3333333
2/26/2017,maharashtra,185,126,45,24,64,356.6666667
2/27/2017,maharashtra,171,125,78,25,70,346.75
2/28/2017,maharashtra,169,130,46,24,67,339.0833333
3/1/2017,maharashtra,183,124,71,23,84,377.75
3/2/2017,maharashtra,164,124,55,22,69,332.4166667
3/3/2017,maharashtra,140,128,26,0,46,244.1666667
3/4/2017,maharashtra,137,109,19,21,47,267.6666667
3/5/2017,maharashtra,94,121,33,20,47,209.0833333
3/6/2017,maharashtra,120,109,32,22,41,238.75
3/7/2017,maharashtra,102,105,53,21,40,212.25
3/8/2017,maharashtra,90,104,47,21,38,193.75
3/9/2017,maharashtra,89,94,38,0,35,162.4166667
3/10/2017,maharashtra,78,90,21,22,30,169
3/11/2017,maharashtra,74,99,16,22,32,166.1666667
3/12/2017,maharashtra,84,143,22,22,43,193.25
3/13/2017,maharashtra,179,146,25,22,46,323.6666667
3/14/2017,maharashtra,184,132,64,20,48,330.3333333
3/15/2017,maharashtra,148,118,34,21,41,274.8333333
3/16/2017,maharashtra,118,92,21,21,35,227.3333333
3/17/2017,maharashtra,76,101,30,22,35,172.5833333
3/18/2017,maharashtra,87,112,30,22,36,188.5
3/19/2017,maharashtra,99, , ,26,0,164.5
3/21/2017,maharashtra,140,108,38,28,103,350.4166667
3/22/2017,maharashtra,124,116,36,27,68,284.0833333
3/23/2017,maharashtra,149,126,40,27,35,276.1666667
3/24/2017,maharashtra,168,121,58,28,35,302.75
3/25/2017,maharashtra,122,119,61,27,34,238.9166667
3/26/2017,maharashtra,99,122,45,27,34,208.25
3/27/2017,maharashtra,105,121,45,28,35,218.75
3/28/2017,maharashtra,103,115,42,28,34,214.8333333
3/29/2017,maharashtra,93,113,52,28,32,199
3/30/2017,maharashtra,91,114,74,28,32,196.3333333
3/31/2017,maharashtra,93,111,75,29,35,204
10/1/2016,maharashtra,45,30,34,19,0,83.75
10/2/2016,maharashtra,28,26,33,21,0,63.58333333
10/3/2016,maharashtra,24,23,28,20,0,57
10/4/2016,maharashtra,22,26,27,20,0,54.33333333
10/5/2016,maharashtra,25,32,20,19,0,57.08333333
10/6/2016,maharashtra,30,35,26,19,0,63.75
10/7/2016,maharashtra,33,33,20,20,0,69
10/8/2016,maharashtra,32,33,30,19,0,66.41666667
10/9/2016,maharashtra,30,34,32,18,0,62.5
10/10/2016,maharashtra,31,37,22,14,0,58.83333333
10/11/2016,maharashtra,35,75,16,17,0,67.91666667
10/12/2016,maharashtra,73,85,20,21,0,123.5833333
10/13/2016,maharashtra,84,96,27,0,0,112
10/14/2016,maharashtra,94,94,26,0,0,125.3333333
10/15/2016,maharashtra,92,87,22,0,0,122.6666667
10/16/2016,maharashtra,85,88,22,19,0,137.0833333
10/17/2016,maharashtra,87,95,26,19,54,207.25
10/18/2016,maharashtra,93,102,26,19,53,214
10/19/2016,maharashtra,103,99,24,18,52,224.8333333
10/20/2016,maharashtra,99,96,23,19,52,220.75
10/21/2016,maharashtra,94,100,22,19,53,215.3333333
10/22/2016,maharashtra,98,102,22,18,56,223.1666667
10/23/2016,maharashtra,100,108,17,18,0,155.8333333
10/24/2016,maharashtra,117,108,17,20,0,181
10/25/2016,maharashtra,118,92,19,20,0,182.3333333
10/26/2016,maharashtra,90,101,19,19,0,143.75
10/27/2016,maharashtra,106,113,47,19,44,220.0833333
10/28/2016,maharashtra,129,127,47,0,43,225.75
10/29/2016,maharashtra,168,122,45,21,41,301.5
10/30/2016,maharashtra,153,120,45,21,43,284
10/31/2016,maharashtra,148,116,38,40,70,334.8333333
11/1/2016,maharashtra,137,101,35,41,83,337.6666667
11/2/2016,maharashtra,100,107,40,43,95,305.8333333
11/3/2016,maharashtra,116,112,34,42,98,329.6666667
11/4/2016,maharashtra,126,103,48,40,94,335.5
11/5/2016,maharashtra,106,96,39,39,91,303.8333333
11/6/2016,maharashtra,94,100,29,39,84,279.0833333
11/7/2016,maharashtra,99,118,31,38,87,288.25
11/8/2016,maharashtra,142,125,48,38,95,355.5833333
11/9/2016,maharashtra,162,115,44,40,101,392.25
11/10/2016,maharashtra,136,125,44,42,102,361.3333333
11/11/2016,maharashtra,162,135,44,41,108,402.25
11/12/2016,maharashtra,192,144,38,39,111,443.5
11/13/2016,maharashtra,216,153,29,40,111,476.75
11/14/2016,maharashtra,239,146,36,40,95,487.4166667
11/15/2016,maharashtra,221,140,36,39,64,423.4166667
11/16/2016,maharashtra,203,138,47,40,54,388.1666667
11/17/2016,maharashtra,200,131,43,39,65,396.6666667
11/18/2016,maharashtra,180,143,44,41,89,402.5
11/19/2016,maharashtra,214,150,47,40,99,459.0833333
11/20/2016,maharashtra,231,143,47,41,99,483
11/21/2016,maharashtra,212,147,47,38,68,415.1666667
11/22/2016,maharashtra,192,147,32,33,42,349.75
11/23/2016,maharashtra,166,145,46,33,40,312.5833333
11/24/2016,maharashtra,160,145,46,32,39,302.0833333
11/25/2016,maharashtra,161,150,44,32,39,303.4166667
11/26/2016,maharashtra,171,136,36,33,39,318
11/27/2016,maharashtra,140,129,34,33,42,280.4166667
11/28/2016,maharashtra,123,136,33,32,39,252.75
11/29/2016,maharashtra,141,135,40,33,30,266.75
11/30/2016,maharashtra,139,142,38,33,18,249.0833333
12/1/2016,maharashtra,153,156,41,32,20,269
12/2/2016,maharashtra,186,148,38,31,17,308
12/3/2016,maharashtra,168,116,54,32,8,274
12/4/2016,maharashtra,103,107,43,33,7,187.3333333
12/5/2016,maharashtra,88,115,53,34,20,184.8333333
12/6/2016,maharashtra,97,116,57,34,30,209.3333333
12/7/2016,maharashtra,98,131,50,44,41,236.9166667
12/8/2016,maharashtra,131,135,51,63,47,312.1666667
12/9/2016,maharashtra,138,135,42,35,50,290.25
12/10/2016,maharashtra,137,139,35,40,52,297.6666667
12/11/2016,maharashtra,145, , ,0,0,193.3333333
12/13/2016,maharashtra,175,136,50,31,0,272.0833333
12/14/2016,maharashtra,138,103,46,27,52,282.75
12/15/2016,maharashtra,92,105,50,24,62,230.1666667
12/16/2016,maharashtra,91,134,58,23,71,238.8333333
12/17/2016,maharashtra,135,140,51,25,77,307.5
12/18/2016,maharashtra,149,118,47,25,96,349.9166667
12/19/2016,maharashtra,109,131,55,24,107,309.0833333
12/20/2016,maharashtra,138,101,68,25,118,362.75
12/21/2016,maharashtra,107,103,68,25,107,307.6666667
12/22/2016,maharashtra,104,139,49,25,53,236.1666667
12/23/2016,maharashtra,145,135,65,24,59,297.0833333
12/24/2016,maharashtra,137,136,66,25,87,322.6666667
12/25/2016,maharashtra,139,136,64,27,75,312.8333333
12/26/2016,maharashtra,139,152,67,25,72,306.5833333
12/27/2016,maharashtra,175,150,55,25,92,379.5833333
12/28/2016,maharashtra,173,153,51,25,94,379.4166667
12/29/2016,maharashtra,176,172,52,27,100,393.4166667
12/30/2016,maharashtra,220,161,66,25,105,455.8333333
12/31/2016,maharashtra,196,145,63,25,94,410.0833333
1/1/2017,maharashtra,159,135,29,26,76,339.5
7/1/2016,maharashtra,15,33,26,248,0,330
7/2/2016,maharashtra,15,30,24,15,0,38.75
7/3/2016,maharashtra,17,27,37,14,0,40.16666667
7/4/2016,maharashtra,20,33,35,12,0,41.66666667
7/5/2016,maharashtra,22,43,24,9,0,40.58333333
7/6/2016,maharashtra,27,49,24,7,0,44.75
7/7/2016,maharashtra,30,48,28,0,0,40
7/8/2016,maharashtra,30,47,28,0,0,40
7/9/2016,maharashtra,30, , ,0,0,40
7/12/2016,maharashtra,513,337,60,17,0,705.25
7/13/2016,maharashtra,512, , ,16,0,702.6666667
7/18/2016,maharashtra,25,34,43,17,0,54.58333333
7/19/2016,maharashtra,23,36,48,15,0,49.41666667
7/20/2016,maharashtra,24,40,48,15,0,50.75
7/21/2016,maharashtra,27,46,52,17,0,57.25
7/22/2016,maharashtra,29,45,52,14,0,56.16666667
7/23/2016,maharashtra,29,46,36,16,0,58.66666667
7/24/2016,maharashtra,28,49,45,14,0,54.83333333
7/25/2016,maharashtra,30,45,46,14,0,57.5
7/26/2016,maharashtra,28,44,38,0,0,37.33333333
7/27/2016,maharashtra,28,42,49,0,0,37.33333333
7/28/2016,maharashtra,25,38,48,14,0,50.83333333
7/29/2016,maharashtra,25,37,24,14,0,50.83333333
7/30/2016,maharashtra,25,38,24,16,0,53.33333333
8/1/2016,maharashtra,22,33,22,15,0,48.08333333
8/2/2016,maharashtra,22,36,20,15,0,48.08333333
8/3/2016,maharashtra,23,33,25,14,0,48.16666667
8/4/2016,maharashtra,22,38,26,12,0,44.33333333
8/5/2016,maharashtra,25,41,22,13,0,49.58333333
8/6/2016,maharashtra,26,40,22,16,0,54.66666667
8/7/2016,maharashtra,27,40,22,13,0,52.25
8/8/2016,maharashtra,27,42,22,13,0,52.25
8/9/2016,maharashtra,28,42,26,14,0,54.83333333
8/10/2016,maharashtra,27,38,26,16,0,56
8/11/2016,maharashtra,25,40,23,16,0,53.33333333
8/12/2016,maharashtra,25,48,22,15,0,52.08333333
8/13/2016,maharashtra,30,50,22,16,0,60
8/14/2016,maharashtra,30,53,20,16,0,60
8/15/2016,maharashtra,32,46,21,16,0,62.66666667
8/16/2016,maharashtra,29,43,22,19,0,62.41666667
8/17/2016,maharashtra,27,41,22,16,0,56
8/18/2016,maharashtra,26,43,24,14,0,52.16666667
8/19/2016,maharashtra,27,49,22,0,0,36
8/20/2016,maharashtra,31,49,22,16,0,61.33333333
8/21/2016,maharashtra,31,49,20,13,0,57.58333333
8/22/2016,maharashtra,30,42,24,14,0,57.5
8/23/2016,maharashtra,27,41,24,15,0,54.75
8/24/2016,maharashtra,26,46,22,18,0,57.16666667
8/25/2016,maharashtra,29,47,22,21,0,64.91666667
8/26/2016,maharashtra,29,37,28,19,0,62.41666667
8/27/2016,maharashtra,24,30,28,20,0,57
8/28/2016,maharashtra,20,28,24,19,0,50.41666667
8/29/2016,maharashtra,20,32,24,20,0,51.66666667
8/30/2016,maharashtra,23,36,24,18,0,53.16666667
8/31/2016,maharashtra,24,39,24,20,0,57
9/1/2016,maharashtra,25,36,22,21,0,59.58333333
9/2/2016,maharashtra,23,36,20,21,0,56.91666667
9/3/2016,maharashtra,23, , ,0,0,30.66666667
9/5/2016,maharashtra,35,66,34,20,0,71.66666667
9/6/2016,maharashtra,39,77,26,19,0,75.75
9/7/2016,maharashtra,45,44,23,19,0,83.75
9/8/2016,maharashtra,27,54,28,21,0,62.25
9/9/2016,maharashtra,33,57,24,19,0,67.75
9/10/2016,maharashtra,34,52,24,19,0,69.08333333
9/11/2016,maharashtra,32,46,22,20,0,67.66666667
9/12/2016,maharashtra,28,44,23,19,0,61.08333333
9/13/2016,maharashtra,28,44,24, ,0,#VALUE!
9/14/2016,maharashtra,27,40,24,18,0,58.5
9/15/2016,maharashtra,25,32,22,19,0,57.08333333
9/16/2016,maharashtra,22,31,22,20,0,54.33333333
9/17/2016,maharashtra,22,29,17,19,0,53.08333333
9/18/2016,maharashtra,20,27,20,0,0,26.66666667
9/19/2016,maharashtra,19,30,18,0,0,25.33333333
9/20/2016,maharashtra,21,30,22,0,0,28
9/21/2016,maharashtra,21,28,18,0,0,28
9/22/2016,maharashtra,19,24,22,0,0,25.33333333
9/23/2016,maharashtra,14,47,22,16,0,38.66666667
9/24/2016,maharashtra,40,90,20,17,0,74.58333333
9/25/2016,maharashtra,153,52,16,17,0,225.25
9/26/2016,maharashtra,183,62,23,19,0,267.75
9/27/2016,maharashtra,61,86,24,21,0,107.5833333
9/28/2016,maharashtra,85,75,22,20,0,138.3333333
9/29/2016,maharashtra,73,47,19,19,0,121.0833333
9/30/2016,maharashtra,45,47,36,19,0,83.75
4/1/2016,maharashtra,132,105,29,19,0,199.75
4/2/2016,maharashtra,95,110,40,0,0,126.6666667
4/3/2016,maharashtra,102,105,42,18,0,158.5
4/4/2016,maharashtra,94,118,42,19,104,279.0833333
4/5/2016,maharashtra,112,109,33,17,89,281.8333333
4/6/2016,maharashtra,96,104,46,19,59,225.5
4/7/2016,maharashtra,103,99,37,0,0,137.3333333
4/8/2016,maharashtra,99,102,46,0,0,132
4/9/2016,maharashtra,110,112,48,0,0,146.6666667
4/10/2016,maharashtra,129,108,30,0,0,172
4/11/2016,maharashtra,117,108,38,0,0,156
4/12/2016,maharashtra,119,110,42,17,0,179.9166667
4/13/2016,maharashtra,124,104,40,15,0,184.0833333
4/14/2016,maharashtra,105,111,43,12,0,155
4/15/2016,maharashtra,125,109,44,14,0,184.1666667
4/16/2016,maharashtra,123,94,48,14,0,181.5
4/17/2016,maharashtra,94,83,50,15,0,144.0833333
4/18/2016,maharashtra,83,102,56,13,0,126.9166667
4/19/2016,maharashtra,114,119,61,12,0,167
4/20/2016,maharashtra,150,119,68,12,0,215
4/21/2016,maharashtra,150,109,73,14,0,217.5
4/22/2016,maharashtra,122,87,63,12,0,177.6666667
4/23/2016,maharashtra,86,76,94,12,0,129.6666667
4/24/2016,maharashtra,77,80,97,14,0,120.1666667
4/25/2016,maharashtra,80,82,93,13,0,122.9166667
4/26/2016,maharashtra,82,98,98,14,0,126.8333333
4/27/2016,maharashtra,99,115,98,15,0,150.75
4/28/2016,maharashtra,140,114,100,10,0,199.1666667
4/29/2016,maharashtra,140,95,115,7,0,195.4166667
4/30/2016,maharashtra,103,86,116,2,0,139.8333333
5/1/2016,maharashtra,92,78,112,4,0,127.6666667
5/2/2016,maharashtra,85,86,110,7,0,122.0833333
5/3/2016,maharashtra,92,91,102,6,0,130.1666667
5/4/2016,maharashtra,96,88,127,6,0,135.5
5/5/2016,maharashtra,94,80,125,6,0,132.8333333
5/6/2016,maharashtra,86,65,114,7,0,123.4166667
5/7/2016,maharashtra,71,75,119,0,0,94.66666667
5/8/2016,maharashtra,81,87,104,6,0,115.5
5/9/2016,maharashtra,92,84,121,7,0,131.4166667
5/10/2016,maharashtra,90,89,119,7,0,128.75
5/11/2016,maharashtra,95,83,125,9,0,137.9166667
5/12/2016,maharashtra,90,66,125,9,115,275
5/13/2016,maharashtra,72,77,42,0,112,236
5/14/2016,maharashtra,92,91, ,0,113,263.9166667
5/15/2016,maharashtra,114,108,113,6,104,289.5
5/16/2016,maharashtra,140,94,135,3,118,337.9166667
5/17/2016,maharashtra,102,89,137,10,111,287.25
5/18/2016,maharashtra,96,86,131,15,79,245.5
5/19/2016,maharashtra,87,77,123,14,59,207.25
5/20/2016,maharashtra,74,64,125,0,0,98.66666667
5/21/2016,maharashtra,61,56,90,0,0,81.33333333
5/22/2016,maharashtra,53,49,99,0,0,70.66666667
5/23/2016,maharashtra,48,43,110,0,0,64
5/24/2016,maharashtra,39,44,120,13,0,68.25
5/25/2016,maharashtra,40,44,85,13,0,69.58333333
5/26/2016,maharashtra,43,46,88,13,0,73.58333333
5/27/2016,maharashtra,45, , ,17,0,81.25
5/31/2016,maharashtra,47,48, ,26,0,95.16666667
6/1/2016,maharashtra,47, , ,0,0,62.66666667
6/3/2016,maharashtra,54,60,158,14,0,89.5
6/4/2016,maharashtra,58,60,161,0,0,77.33333333
6/5/2016,maharashtra,58,52,63,0,0,77.33333333
6/6/2016,maharashtra,51,66,58,37,0,114.25
6/7/2016,maharashtra,64,59,93,27,0,119.0833333
6/8/2016,maharashtra,58,44,103,14,0,94.83333333
6/9/2016,maharashtra,44,51,163,0,0,58.66666667
6/10/2016,maharashtra,51,44,162,0,0,68
6/11/2016,maharashtra,44,36,149,0,0,58.66666667
6/12/2016,maharashtra,38,37,173,0,0,50.66666667
6/13/2016,maharashtra,38,37,188,21,0,76.91666667
6/14/2016,maharashtra,38,48,115,21,0,76.91666667
6/15/2016,maharashtra,48,61,76,25,0,95.25
6/16/2016,maharashtra,59,71,26,31,0,117.4166667
6/17/2016,maharashtra,52,74,26,23,104,228.0833333
6/18/2016,maharashtra,37,73,24,25,104,210.5833333
6/19/2016,maharashtra,37,62,24,28,0,84.33333333
6/20/2016,maharashtra,31,38,24,22,0,68.83333333
6/21/2016,maharashtra,19,30,22,26,0,57.83333333
6/22/2016,maharashtra,15,37,37,25,59,125
6/23/2016,maharashtra,12,33,44,28,59,124.75
6/24/2016,maharashtra,12,28,30,33,0,57.25
6/25/2016,maharashtra,12,27,18,33,0,57.25
6/26/2016,maharashtra,12,30,46,30,0,53.5
6/27/2016,maharashtra,13,41,59,30,0,54.83333333
6/28/2016,maharashtra,18,51,56,33,0,65.25
6/29/2016,maharashtra,23,39,42,35,0,74.41666667
6/30/2016,maharashtra,18,33,34,256,0,344
3/30/2016,maharashtra,99,120,30,17,59,227
3/31/2016,maharashtra,124,124,30,18,0,187.8333333
4/30/2020,maharashtra,0,57,46,30,56,107.5
12/31/2019,maharashtra,0,114,34,31,34,81.25
12/1/2019,maharashtra,0,99,27,37,38,93.75
12/31/2018,maharashtra,0,142,21,110,81,238.75
4/18/2018,maharashtra,0,86,68,28,32,75
4/22/2018,maharashtra,0,84,78,0,32,40
12/31/2017,maharashtra,0,113,74,28,25,66.25
3/6/2018,maharashtra,0,125,32,0,45,56.25
3/15/2018,maharashtra,0,82,53,13,40,66.25
11/5/2017,maharashtra,0,105,42,31,55,107.5
11/19/2017,maharashtra,0,83,47,29,70,123.75
12/11/2017,maharashtra,0,66,74,28,105,166.25
7/23/2017,maharashtra,0,38,15,28,44,90
7/30/2017,maharashtra,0,30,33,26,54,100
9/10/2017,maharashtra,0,46,11,31,56,108.75
2/6/2017,maharashtra,0,133,80,25,47,90
3/20/2017,maharashtra,0,113,37,30,61,113.75
12/12/2016,maharashtra,0,151,40,32,0,40
7/10/2016,maharashtra,0,49,46,0,0,0
7/11/2016,maharashtra,0,169,56,16,0,20
7/17/2016,maharashtra,0,39,43,18,0,22.5
7/31/2016,maharashtra,0,33,23,14,0,17.5
9/4/2016,maharashtra,0,58,34,19,0,23.75
5/30/2016,maharashtra,0,48,0,26,0,32.5
6/2/2016,maharashtra,0,54,49,15,0,18.75
3/29/2016,maharashtra,0,109,26,16,59,93.75
4/29/2020,maharashtra,0, ,43,36,71,133.75
4/15/2018,maharashtra,0, ,27,138,51,236.25
4/16/2018,maharashtra,0, ,82,87,43,162.5
4/17/2018,maharashtra,0, ,107,36,34,87.5
1/14/2018,maharashtra,0, ,56,30,64,117.5
12/7/2017,maharashtra,0, ,74,28,56,105
12/8/2017,maharashtra,0, ,58,30,55,106.25
12/9/2017,maharashtra,0, ,61,30,56,107.5
12/10/2017,maharashtra,0, ,59,27,75,127.5
5/28/2016,maharashtra,0, , ,19, ,#VALUE!
