date, pm25, pm10, o3, no2, so2, co
2020/5/1, 59, , 46, 1, 1, 7
2020/5/2, 56, , 49, 1, 1, 8
2020/5/3, 46, , 48, 1, 1, 7
2020/5/4, 38, , , , , 
2020/4/1, 116, 50, 47, 4, 2, 4
2020/4/2, 84, 72, 52, 3, 2, 4
2020/4/3, 80, 127, 53, 3, 1, 4
2020/4/4, 78, 39, 52, 4, 2, 5
2020/4/5, 84, 53, 39, 3, 2, 5
2020/4/6, 53, 51, 41, 3, 2, 4
2020/4/7, 49, 139, 41, 3, 2, 4
2020/4/8, 55, 133, 41, 5, 2, 4
2020/4/9, 50, , 36, 4, 1, 4
2020/4/10, 54, , 40, 4, 1, 4
2020/4/11, 69, , 41, 5, 1, 6
2020/4/12, 70, , 48, 6, 1, 7
2020/4/13, 84, , 54, 3, 2, 5
2020/4/14, 74, , 45, 1, 2, 4
2020/4/15, 53, , 45, 2, 2, 4
2020/4/16, 47, , 42, 3, 2, 4
2020/4/17, 34, , 41, 4, 1, 6
2020/4/18, 44, , 47, 4, 1, 5
2020/4/19, 44, , 49, 2, 2, 4
2020/4/20, 45, , 51, 3, 1, 6
2020/4/21, 67, , 45, 6, 1, 4
2020/4/22, 65, , 43, 9, 1, 4
2020/4/23, 41, , 45, 7, 2, 5
2020/4/24, 36, , 45, 9, 1, 7
2020/4/25, 60, , 48, 4, 1, 8
2020/4/26, 67, , 46, 5, 1, 8
2020/4/27, 46, , 48, 3, 1, 7
2020/4/28, 31, , 48, 4, 1, 6
2020/4/29, 49, , 51, 8, 1, 6
2020/4/30, 53, , 44, 2, 1, 8
2020/3/1, 115, 53, 20, 10, 19, 11
2020/3/2, 136, 52, 20, 6, 29, 8
2020/3/3, 84, 53, 17, 9, 5, 14
2020/3/4, 74, 29, 22, 8, 2, 10
2020/3/5, 60, 23, 24, 5, 1, 8
2020/3/6, 82, 23, 12, 5, 1, 8
2020/3/7, 87, 24, 19, 3, 3, 7
2020/3/8, 79, 27, 16, 6, 2, 8
2020/3/9, 114, 36, 24, 3, 2, 3
2020/3/10, 108, 35, 32, 5, 3, 4
2020/3/11, 57, 37, 28, 5, 3, 3
2020/3/12, 64, , , 6, 3, 12
2020/3/13, 117, 41, 20, 7, 20, 8
2020/3/14, 116, 41, 23, 5, 14, 3
2020/3/15, 101, 18, 24, 5, 20, 8
2020/3/16, 105, 42, 39, 6, 3, 7
2020/3/17, 113, 4, 61, 5, 2, 6
2020/3/18, 106, 6, 140, 6, 2, 8
2020/3/19, 98, 5, 180, 4, 2, 11
2020/3/20, 99, 3, 99, 4, 2, 12
2020/3/21, 89, 2, 51, 2, 1, 10
2020/3/22, 107, 5, 36, 4, 2, 10
2020/3/23, 83, 3, 46, 1, 2, 2
2020/3/24, 58, 2, 52, , 2, 3
2020/3/25, 59, 2, 57, 1, 3, 3
2020/3/26, 71, 2, 50, , 1, 4
2020/3/27, 88, , , , , 5
2020/3/28, 121, 8, 34, 3, 2, 4
2020/3/29, 76, 54, 42, 6, 1, 5
2020/3/30, 96, 57, 41, 5, 1, 4
2020/3/31, 103, 5, 48, 7, 1, 5
2020/2/1, 94, 35, 10, 6, 18, 9
2020/2/2, 151, 50, 10, 8, 17, 12
2020/2/3, 141, 52, 10, 8, 18, 11
2020/2/4, 143, 50, 10, 8, 12, 9
2020/2/5, 161, 46, 10, 16, 7, 10
2020/2/6, 114, 47, 10, 4, 7, 6
2020/2/7, 87, 42, 10, 3, 7, 6
2020/2/8, 69, 37, 10, 3, 21, 6
2020/2/9, 76, 52, 10, 7, 20, 6
2020/2/10, 103, 56, 10, 11, 7, 7
2020/2/11, 78, 63, 10, 12, 8, 8
2020/2/12, 94, 70, 10, 12, 19, 10
2020/2/13, 149, 73, 10, 10, 22, 13
2020/2/14, 142, 46, 6, 9, 5, 9
2020/2/15, 108, 42, 6, 7, 14, 9
2020/2/16, 97, 53, 7, 9, 14, 8
2020/2/17, 116, 63, 8, 11, 6, 11
2020/2/18, 107, 69, 4, 7, 12, 7
2020/2/19, 114, 57, 3, 5, 21, 6
2020/2/20, 114, 81, 11, 10, 4, 9
2020/2/21, 100, 47, 5, 5, 6, 14
2020/2/22, 90, 47, 8, 4, 20, 9
2020/2/23, 91, 59, 9, 6, 11, 14
2020/2/24, 70, 47, 15, 7, 8, 16
2020/2/25, 92, 52, 24, 7, 5, 6
2020/2/26, 128, 57, 21, 5, 8, 11
2020/2/27, 142, 43, 21, 7, 17, 14
2020/2/28, 73, 63, 22, 9, 14, 9
2020/2/29, 123, 40, 25, 5, 10, 5
2020/1/1, 91, 21, 15, 5, 4, 7
2020/1/2, 62, 28, 15, 8, 10, 10
2020/1/3, 89, 39, 15, 3, 8, 4
2020/1/4, 81, 28, 15, 3, 5, 6
2020/1/5, 65, 23, 15, 3, 6, 5
2020/1/6, 61, 38, 15, 4, 11, 5
2020/1/7, 107, 52, 15, 8, 14, 5
2020/1/8, 138, 58, 15, 11, 17, 8
2020/1/9, 132, 56, 15, 6, 5, 5
2020/1/10, 115, 59, 15, 11, 7, 8
2020/1/11, 143, 59, 15, 7, 5, 9
2020/1/12, 155, 83, 15, 8, 13, 9
2020/1/13, 169, 86, 15, 16, 17, 16
2020/1/14, 240, 50, 15, 4, 10, 5
2020/1/15, 126, 39, 15, 3, 12, 4
2020/1/16, 103, 44, 15, 3, 12, 4
2020/1/17, 104, 25, 15, 9, 28, 9
2020/1/18, 109, 27, 14, 13, 26, 8
2020/1/19, 118, 47, 15, 18, 18, 9
2020/1/20, 132, 52, 15, 12, 14, 7
2020/1/21, 129, 51, 15, 10, 8, 7
2020/1/22, 118, 66, 15, 11, 15, 10
2020/1/23, 169, 79, 15, 19, 20, 10
2020/1/24, 166, 71, 15, 18, 24, 10
2020/1/25, 201, 65, 15, 10, 6, 9
2020/1/26, 227, 60, 15, 12, 4, 13
2020/1/27, 161, 56, 15, 9, 4, 13
2020/1/28, 162, 55, 15, 9, 4, 11
2020/1/29, 150, 51, 9, 8, 4, 10
2020/1/30, 117, 44, 10, 10, 6, 17
2020/1/31, 140, 44, 10, 6, 7, 10
2019/10/4, 88, , , 3, 3, 2
2019/10/5, 44, , , , , 
2019/10/7, 250, , , 14, 2, 5
2019/10/8, 137, , , 16, 2, 5
2019/10/9, 113, , , 15, 2, 5
2019/10/10, 102, , , 4, 2, 4
2019/10/11, 99, , , 5, 2, 4
2019/10/12, 163, , , , , 
2019/10/14, 88, , , 4, 2, 6
2019/10/15, 84, , , 1, 3, 6
2019/10/16, 74, , , 1, 3, 7
2019/10/17, 84, , , 1, 3, 7
2019/10/18, 93, , , 1, 5, 28
2019/10/19, 72, , , , , 
2019/10/21, 78, , , 2, 2, 7
2019/10/22, 95, , , 2, 3, 10
2019/10/23, 110, , , 17, 3, 7
2019/10/24, 101, , , 30, 4, 13
2019/10/25, 119, , , 36, 7, 20
2019/10/26, 199, , , , , 
2019/10/28, 103, , , 21, 2, 8
2019/10/29, 116, , , 24, 4, 6
2019/10/30, 124, , , 25, 2, 10
2019/10/31, 312, , , 20, 3, 13
2019/11/1, 144, , , 2, 4, 10
2019/11/2, 44, , , , , 
2019/11/4, 189, , , 9, 6, 12
2019/11/5, 184, , , 11, 6, 9
2019/11/6, 190, , , 10, 4, 7
2019/11/7, 202, , , 9, 3, 8
2019/11/8, 232, , , 6, 1, 6
2019/11/9, 323, , , , , 
2019/11/15, 78, 65, 42, 4, 3, 3
2019/11/16, 96, 119, 80, 3, 3, 3
2019/11/17, 160, 76, 17, 5, 3, 1
2019/11/18, 71, 28, 34, 4, 3, 2
2019/11/19, 66, 31, 18, 3, 3, 1
2019/11/20, 73, 54, 9, 5, 3, 1
2019/11/21, 130, 46, 17, 3, 3, 1
2019/11/22, 85, 49, 6, 3, 3, 1
2019/11/23, 114, 51, 24, 3, 3, 2
2019/11/24, 131, 53, 19, 3, 4, 1
2019/11/25, 110, 70, 9, 2, 4, 1
2019/11/26, 144, 58, 24, 1, 4, 2
2019/11/27, 107, 51, 23, 5, 4, 2
2019/11/28, 76, 46, 18, 3, 4, 2
2019/11/29, 86, 47, 22, 4, 4, 2
2019/11/30, 66, 53, 29, 5, 4, 3
2019/12/1, 50, 33, 28, 4, 5, 2
2019/12/2, 56, 72, 5, 4, 3, 5
2019/12/3, 83, 61, 9, 3, 4, 10
2019/12/4, 148, 61, 13, 3, 4, 3
2019/12/5, 151, 66, 10, 3, 5, 6
2019/12/6, 148, 29, 4, 7, 4, 11
2019/12/7, 109, 39, 4, 13, 2, 9
2019/12/8, 99, 36, 7, 11, 3, 6
2019/12/9, 92, , , 8, 5, 5
2019/12/10, 114, 27, , 11, 5, 8
2019/12/11, 106, 34, 11, 6, 5, 5
2019/12/12, 87, 40, 15, 5, 5, 5
2019/12/13, 98, 42, 15, 8, 9, 6
2019/12/14, 124, 35, 15, 6, 4, 4
2019/12/15, 93, 29, 15, 8, 3, 8
2019/12/16, 84, 50, 15, 9, 3, 5
2019/12/17, 133, 42, 16, 10, 5, 5
2019/12/18, 131, 50, 16, 10, 7, 6
2019/12/19, 145, 64, 15, 10, 6, 8
2019/12/20, 164, 62, 15, 12, 13, 8
2019/12/21, 167, 51, 15, 11, 17, 8
2019/12/22, 152, 51, 15, 13, 5, 9
2019/12/23, 160, 65, 15, 4, 3, 3
2019/12/24, 127, 48, 15, 14, 8, 12
2019/12/25, 150, , , 13, 21, 10
2019/12/26, 137, 45, 15, 13, 8, 6
2019/12/27, 112, 54, 15, 9, 6, 5
2019/12/28, 124, 55, 15, 6, 5, 5
2019/12/29, 145, , , , , 
2019/7/1, 119, , , 9, 2, 9
2019/7/2, 128, , , 10, 7, 9
2019/7/3, 127, , , 7, 1, 9
2019/7/4, 130, , , 8, 1, 11
2019/7/5, 120, , , 8, 3, 13
2019/7/6, 121, , , 7, 2, 9
2019/7/7, 131, , , 7, 2, 8
2019/7/8, 121, , , 8, 2, 8
2019/7/9, 115, , , 8, 3, 11
2019/7/10, 106, , , 9, 3, 10
2019/7/11, 115, , , 9, 5, 9
2019/7/12, 136, , , 6, 3, 10
2019/7/13, 100, , , 4, 3, 8
2019/7/14, 111, , , 8, 3, 9
2019/7/15, 109, , , 12, 2, 10
2019/7/16, 100, , , 14, 2, 14
2019/7/17, 126, , , 12, 2, 10
2019/7/18, 148, , , 11, 5, 10
2019/7/19, 117, , , 12, 5, 8
2019/7/20, 124, , , 9, 1, 11
2019/7/21, 116, , , 12, 5, 16
2019/7/22, 93, , , 12, 9, 13
2019/7/23, 105, , , 10, 11, 10
2019/7/24, 109, , , 10, 6, 10
2019/7/25, 112, , , 8, 4, 11
2019/7/26, 112, , , 9, 3, 10
2019/7/27, 124, , , 5, 3, 11
2019/7/28, 145, , , 4, 2, 10
2019/7/29, 127, , , 8, 2, 12
2019/7/30, 143, , , 13, 2, 8
2019/7/31, 146, , , 9, 2, 9
2019/8/1, 132, , , 12, 2, 10
2019/8/2, 130, , , 26, 2, 12
2019/8/3, 134, , , 42, 3, 11
2019/8/4, 124, , , 24, 2, 8
2019/8/5, 141, , , 19, 3, 9
2019/8/6, 124, , , 12, 8, 7
2019/8/7, 104, , , 12, 4, 16
2019/8/8, 112, , , 10, 2, 8
2019/8/9, 114, , , 11, 10, 7
2019/8/10, 105, , , , , 
2019/8/14, 129, , , 9, 12, 12
2019/8/15, 78, , , 12, 7, 12
2019/8/16, 108, , , 14, 8, 9
2019/8/17, 104, , , , , 
2019/8/19, 106, , , 13, 7, 15
2019/8/20, 103, , , 13, 3, 19
2019/8/21, 102, , , 12, 8, 11
2019/8/22, 130, , , , , 
2019/9/2, 119, , , 11, 3, 18
2019/9/3, 126, , , 12, 4, 15
2019/9/4, 134, , , 13, 4, 12
2019/9/5, 102, , , 18, 3, 8
2019/9/6, 99, , , 16, 6, 11
2019/9/7, 75, , , , , 
2019/9/9, 129, , , 3, 3, 2
2019/9/10, 121, , , 4, 3, 3
2019/9/11, 157, , , 3, 3, 2
2019/9/12, 98, , , 3, 3, 3
2019/9/13, 107, , , 3, 4, 2
2019/9/14, 140, , , , , 
2019/9/17, 106, , , 3, 4, 5
2019/9/18, 119, , , 3, 3, 6
2019/9/19, 108, , , 4, 4, 6
2019/9/20, 151, , , 5, 7, 4
2019/9/21, 121, , , , , 
2019/4/1, 165, , , 8, 4, 9
2019/4/2, 153, , , 8, 5, 9
2019/4/3, 124, , , 8, 3, 11
2019/4/4, 69, , , 8, 4, 10
2019/4/5, 75, , , 9, 5, 10
2019/4/6, 63, , , 9, 5, 8
2019/4/7, 54, , , 9, 5, 9
2019/4/8, 67, , , 9, 5, 9
2019/4/9, 68, , , 9, 5, 10
2019/4/10, 89, , , 9, 5, 10
2019/4/11, 144, , , 9, 4, 10
2019/4/12, 108, , , 8, 5, 9
2019/4/13, 107, , , 8, 5, 8
2019/4/14, 94, , , 8, 5, 9
2019/4/15, 74, , , 8, 5, 10
2019/4/16, 78, , , 8, 5, 9
2019/4/17, 76, , , 8, 5, 9
2019/4/18, 60, , , 9, 5, 10
2019/4/19, 69, , , 9, 5, 9
2019/4/20, 68, , , 8, 5, 9
2019/4/21, 53, , , 10, 4, 7
2019/4/22, 69, , , 10, 4, 9
2019/4/23, 78, , , 10, 4, 10
2019/4/24, 71, , , 10, 5, 10
2019/4/25, 86, , , 9, 3, 9
2019/4/26, 93, , , 9, 5, 11
2019/4/27, 68, , , 9, 4, 10
2019/4/28, 71, , , 9, 5, 10
2019/4/29, 61, , , 9, 4, 11
2019/4/30, 94, , , 9, 4, 14
2019/5/1, 50, , , 9, 5, 11
2019/5/2, 57, , , 10, 4, 10
2019/5/3, 52, , , 9, 3, 10
2019/5/4, 100, , , 9, 4, 10
2019/5/5, 129, , , 9, 5, 8
2019/5/6, 99, , , 10, 5, 11
2019/5/7, 121, , , 8, 4, 11
2019/5/8, 122, , , 7, 4, 12
2019/5/9, 119, , , 7, 4, 12
2019/5/10, 134, , , 44, 5, 10
2019/5/11, 184, , , 27, 5, 9
2019/5/12, 166, , , 26, 5, 10
2019/5/13, 178, , , 21, 4, 11
2019/5/14, 159, , , 7, 5, 9
2019/5/15, 163, , , 5, 5, 8
2019/5/16, 151, , , , , 
2019/5/23, 195, , , 4, 5, 10
2019/5/24, 164, , , 4, 5, 11
2019/5/25, 158, , , 5, 5, 10
2019/5/26, 162, , , 4, 5, 12
2019/5/27, 160, , , 5, 5, 11
2019/5/28, 160, , , 6, 5, 11
2019/5/29, 170, , , 5, 6, 9
2019/5/30, 178, , , 7, 5, 8
2019/5/31, 153, , , 6, 5, 8
2019/6/1, 139, , , 6, 5, 6
2019/6/2, 149, , , 4, 7, 8
2019/6/3, 139, , , 3, 6, 9
2019/6/4, 151, , , 3, 7, 7
2019/6/5, 136, , , 4, 6, 7
2019/6/6, 124, , , 5, 6, 7
2019/6/7, 111, , , 3, 5, 7
2019/6/8, 149, , , 3, 5, 6
2019/6/9, 126, , , 17, 4, 9
2019/6/10, 135, , , 17, 1, 10
2019/6/11, 130, , , 9, 3, 9
2019/6/12, 142, , , 8, 1, 8
2019/6/13, 129, , , 19, 3, 11
2019/6/14, 117, , , 11, 3, 10
2019/6/15, 131, , , 10, 7, 10
2019/6/16, 119, , , 12, 9, 9
2019/6/17, 130, , , 12, 7, 12
2019/6/18, 140, , , 12, 10, 11
2019/6/19, 142, , , 12, 8, 10
2019/6/20, 135, , , 15, 4, 13
2019/6/21, 133, , , 11, 5, 11
2019/6/22, 122, , , 11, 1, 12
2019/6/23, 95, , , 13, 1, 10
2019/6/24, 104, , , 29, 1, 10
2019/6/25, 177, , , , , 
2019/6/29, 175, , , 11, 5, 14
2019/6/30, 184, , , 10, 1, 13
2019/1/1, 231, , , 6, 9, 11
2019/1/2, 123, , , 5, 7, 11
2019/1/3, 212, , , 6, 13, 11
2019/1/4, 154, , , 5, 7, 11
2019/1/5, 154, , , 5, 11, 10
2019/1/6, 215, , , 5, 10, 10
2019/1/7, 160, , , 5, 10, 10
2019/1/8, 109, , , 5, 11, 11
2019/1/9, 214, , , 5, 11, 10
2019/1/10, 206, , , 5, 14, 10
2019/1/11, 299, , , 5, 6, 10
2019/1/12, 154, , , 5, 7, 11
2019/1/13, 46, , , 5, 14, 10
2019/1/14, 88, , , 4, 15, 10
2019/1/15, 60, , , 5, 13, 10
2019/1/16, 94, , , 5, 15, 11
2019/1/17, 160, , , 4, 17, 10
2019/1/18, 172, , , , , 
2019/1/21, 168, , , 5, 16, 9
2019/1/22, 115, , , 5, 17, 9
2019/1/23, 84, , , 5, 17, 11
2019/1/24, 146, , , 5, 5, 9
2019/1/25, 105, , , 5, 5, 9
2019/1/26, 91, , , 5, 9, 9
2019/1/27, 78, , , 5, 17, 9
2019/1/28, 86, , , 5, 10, 10
2019/1/29, 143, , , 5, 6, 9
2019/1/30, 165, , , 5, 9, 10
2019/1/31, 237, , , 5, 23, 10
2019/2/1, 152, , , 5, 18, 10
2019/2/2, 145, , , 5, 6, 9
2019/2/3, 115, , , 5, 4, 10
2019/2/4, 151, , , 5, 3, 9
2019/2/5, 158, , , 5, 5, 9
2019/2/6, 183, , , 5, 6, 9
2019/2/7, 140, , , 5, 6, 9
2019/2/8, 28, , , 4, 7, 9
2019/2/9, 21, , , , , 
2019/2/13, 169, , , 5, 10, 9
2019/2/14, 203, , , 4, 12, 9
2019/2/15, 130, , , 5, 4, 10
2019/2/16, 132, , , 5, 6, 10
2019/2/17, 103, , , 4, 10, 10
2019/2/18, 107, , , 5, 8, 10
2019/2/19, 92, , , 5, 27, 9
2019/2/20, 73, , , 5, 24, 10
2019/2/21, 125, , , 5, 27, 9
2019/2/22, 116, , , 4, 15, 10
2019/2/23, 80, , , 5, 8, 10
2019/2/24, 136, , , 4, 6, 10
2019/2/25, 145, , , 4, 8, 9
2019/2/26, 127, , , 4, 8, 9
2019/2/27, 93, , , 3, 8, 6
2019/2/28, 102, , , 4, 12, 7
2019/3/1, 113, , , 21, 37, 7
2019/3/2, 104, , , 16, 27, 7
2019/3/3, 118, , , 8, 4, 8
2019/3/4, 123, , , 66, 19, 7
2019/3/5, 159, , , 10, 11, 7
2019/3/6, 171, , , 15, 1, 8
2019/3/7, 149, , , 9, 3, 7
2019/3/8, 141, , , 16, 2, 8
2019/3/9, 141, , , 61, 6, 7
2019/3/10, 114, , , 13, 9, 7
2019/3/11, 122, , , 19, 11, 7
2019/3/12, 166, , , 20, 8, 7
2019/3/13, 204, , , 15, 6, 7
2019/3/14, 149, , , 17, 6, 7
2019/3/15, 126, , , 20, 13, 7
2019/3/16, 119, , , 14, 12, 7
2019/3/17, 151, , , 33, 7, 8
2019/3/18, 70, , , 30, 3, 5
2019/3/19, 123, , , 22, , 6
2019/3/20, 191, , , 11, 3, 6
2019/3/21, 166, , , 10, 10, 6
2019/3/22, 148, , , 14, 6, 5
2019/3/23, 134, , , 21, 5, 6
2019/3/24, 147, , , 13, 5, 6
2019/3/25, 136, , , 22, 6, 9
2019/3/26, 137, , , 9, 4, 6
2019/3/27, 124, , , 9, 5, 6
2019/3/28, 136, , , 9, 4, 6
2019/3/29, 119, , , 9, 5, 6
2019/3/30, 127, , , 9, 4, 9
2019/3/31, 142, , , 8, 5, 11
2018/10/1, 101, , , 5, 4, 9
2018/10/2, 110, , , 4, 3, 8
2018/10/3, 94, , , 6, 2, 7
2018/10/4, 88, , , 5, 2, 7
2018/10/5, 93, , , 5, 4, 9
2018/10/6, 77, , , 5, 2, 8
2018/10/7, 127, , , 5, 3, 8
2018/10/8, 120, , , 7, 2, 9
2018/10/9, 169, , , 8, 2, 8
2018/10/10, 180, , , 7, 2, 9
2018/10/11, 175, , , 5, 3, 8
2018/10/12, 129, , , 4, 2, 8
2018/10/13, 116, , , 5, 5, 8
2018/10/14, 109, , , 4, 3, 8
2018/10/15, 115, , , 5, 3, 8
2018/10/16, 95, , , 5, 2, 9
2018/10/17, 111, , , 5, 2, 9
2018/10/18, 94, , , 5, 3, 8
2018/10/19, 124, , , 6, 2, 8
2018/10/20, 151, , , 4, 3, 9
2018/10/21, 154, , , 5, 5, 9
2018/10/22, 140, , , 6, 2, 8
2018/10/23, 138, , , 6, 3, 8
2018/10/24, 163, , , 5, 2, 9
2018/10/25, 162, , , 5, 4, 9
2018/10/26, 146, , , 6, 11, 9
2018/10/27, 153, , , 6, 2, 8
2018/10/28, 161, , , 6, 3, 9
2018/10/29, 159, , , 5, 2, 8
2018/10/30, 115, , , 6, 2, 7
2018/10/31, 94, , , 6, 1, 9
2018/11/1, 104, , , 4, 1, 7
2018/11/2, 94, , , 5, 2, 7
2018/11/3, 87, , , 4, 31, 7
2018/11/4, 95, , , 7, 11, 10
2018/11/5, 103, , , 7, 8, 12
2018/11/6, 117, , , 8, 10, 9
2018/11/7, 141, , , 7, 6, 10
2018/11/8, 107, , , 7, 2, 11
2018/11/9, 147, , , 11, 2, 11
2018/11/10, 167, , , 8, 11, 10
2018/11/11, 149, , , 8, 2, 11
2018/11/12, 177, , , 8, 4, 12
2018/11/13, 208, , , 6, 5, 11
2018/11/14, 178, , , 6, 5, 10
2018/11/15, 115, , , 5, 10, 11
2018/11/16, 67, , , 5, 5, 17
2018/11/17, 91, , , 6, 10, 11
2018/11/18, 75, , , 5, 12, 8
2018/11/19, 80, , , 6, 6, 10
2018/11/20, 133, , , 5, 6, 11
2018/11/21, 83, , , 6, 6, 11
2018/11/22, 74, , , 5, 5, 12
2018/11/23, 125, , , 5, 4, 11
2018/11/24, 178, , , 5, 2, 10
2018/11/25, 192, , , 6, 3, 10
2018/11/26, 176, , , 6, 4, 11
2018/11/27, 138, , , 5, 6, 10
2018/11/28, 128, , , 5, 5, 9
2018/11/29, 142, , , 5, 12, 10
2018/11/30, 138, , , 5, 10, 10
2018/12/1, 160, , , 5, 9, 10
2018/12/2, 101, , , 6, 7, 10
2018/12/3, 111, , , 6, 5, 11
2018/12/4, 78, , , 5, 5, 11
2018/12/5, 90, , , 6, 5, 7
2018/12/6, 108, , , 5, 4, 11
2018/12/7, 177, , , 5, 3, 13
2018/12/8, 181, , , 5, 3, 11
2018/12/9, 187, , , 5, 4, 13
2018/12/10, 183, , , 5, 6, 12
2018/12/11, 173, , , , , 
2018/12/15, 176, , , 6, 5, 12
2018/12/16, 147, , , 5, 6, 12
2018/12/17, 127, , , 5, 7, 12
2018/12/18, 158, , , 5, 7, 14
2018/12/19, 100, , , 5, 8, 12
2018/12/20, 123, , , 5, 6, 9
2018/12/21, 122, , , 5, 6, 10
2018/12/22, 147, , , 5, 5, 10
2018/12/23, 176, , , 5, 8, 10
2018/12/24, 169, , , 5, 10, 10
2018/12/25, 175, , , 5, 3, 10
2018/12/26, 180, , , 5, 16, 10
2018/12/27, 166, , , 5, 9, 10
2018/12/28, 170, , , 5, 8, 10
2018/12/29, 173, , , 5, 5, 10
2018/12/30, 161, , , , , 
2018/7/1, 154, , , 11, 3, 9
2018/7/2, 175, , , 10, 4, 9
2018/7/3, 128, , , 11, 3, 9
2018/7/4, 118, , , 10, 2, 9
2018/7/5, 113, , , 11, 4, 9
2018/7/6, 157, , , 11, 2, 9
2018/7/7, 126, , , 11, 4, 9
2018/7/8, 137, , , 10, 3, 8
2018/7/9, 132, , , 11, 3, 8
2018/7/10, 124, , , 11, 4, 8
2018/7/11, 106, , , 11, 4, 9
2018/7/12, 101, , , 11, 3, 8
2018/7/13, 101, , , 11, 3, 8
2018/7/14, 118, , , 11, 3, 8
2018/7/15, 140, , , 10, 4, 7
2018/7/16, 125, , , 10, 5, 9
2018/7/17, 119, , , 12, 8, 9
2018/7/18, 118, , , 11, 4, 8
2018/7/19, 142, , , 10, 4, 8
2018/7/20, 127, , , 11, 4, 9
2018/7/21, 133, , , 10, 6, 9
2018/7/22, 149, , , 11, 6, 8
2018/7/23, 135, , , 11, 4, 8
2018/7/24, 127, , , 11, 6, 8
2018/7/25, 111, , , 10, 10, 9
2018/7/26, 117, , , 14, 3, 9
2018/7/27, 115, , , 14, 4, 9
2018/7/28, 145, , , 13, 9, 9
2018/7/29, 146, , , 13, 5, 8
2018/7/30, 129, , , 14, 3, 8
2018/7/31, 147, , , 13, 3, 8
2018/8/1, 128, , , 13, 4, 8
2018/8/2, 118, , , 13, 6, 8
2018/8/3, 129, , , 13, 3, 8
2018/8/4, 134, , , 13, 3, 8
2018/8/5, 156, , , 13, 3, 8
2018/8/6, 156, , , 12, 3, 8
2018/8/7, 121, , , 14, 3, 8
2018/8/8, 101, , , 11, 4, 8
2018/8/9, 101, , , 14, 4, 8
2018/8/10, 131, , , 14, 4, 8
2018/8/11, 96, , , 12, 2, 9
2018/8/12, 87, , , 10, 3, 9
2018/8/13, 113, , , 8, 3, 8
2018/8/14, 107, , , 8, 3, 10
2018/8/15, 48, , , 7, 14, 9
2018/8/16, 89, , , 9, 13, 9
2018/8/17, 162, , , 10, 12, 9
2018/8/18, 145, , , 8, 13, 8
2018/8/19, 144, , , 10, 12, 9
2018/8/20, 178, , , 8, 12, 8
2018/8/21, 204, , , 9, 12, 8
2018/8/22, 153, , , 8, 13, 8
2018/8/23, 120, , , 8, 11, 14
2018/8/24, 131, , , 8, 11, 8
2018/8/25, 158, , , 8, 12, 8
2018/8/26, 113, , , 10, 10, 9
2018/8/27, 124, , , 8, 12, 7
2018/8/28, 106, , , 11, 11, 8
2018/8/29, 98, , , 7, 10, 8
2018/8/30, 97, , , 7, 12, 8
2018/8/31, 88, , , 9, 11, 8
2018/9/1, 102, , , 9, 14, 8
2018/9/2, 146, , , 7, 11, 9
2018/9/3, 107, , , 7, 12, 7
2018/9/4, 137, , , 6, 7, 8
2018/9/5, 138, , , 6, 1, 8
2018/9/6, 136, , , 7, 5, 8
2018/9/7, 128, , , 7, 15, 8
2018/9/8, 128, , , 7, 2, 8
2018/9/9, 96, , , 7, 2, 9
2018/9/10, 136, , , 7, 3, 8
2018/9/11, 96, , , 2, 2, 8
2018/9/12, 165, , , , , 
2018/9/14, 182, , , 7, 4, 8
2018/9/15, 138, , , 8, 2, 8
2018/9/16, 160, , , 11, 3, 10
2018/9/17, 114, , , 10, 2, 8
2018/9/18, 139, , , 7, 1, 9
2018/9/19, 88, , , 10, 3, 10
2018/9/20, 156, , , 7, 2, 7
2018/9/21, 148, , , 11, 2, 8
2018/9/22, 163, , , 7, 3, 8
2018/9/23, 171, , , 5, 2, 9
2018/9/24, 150, , , 7, 2, 8
2018/9/25, 236, , , , , 
2018/9/27, 138, , , 5, 3, 9
2018/9/28, 93, , , 5, 3, 8
2018/9/29, 93, , , 5, 4, 9
2018/9/30, 90, , , 5, 2, 8
2018/4/1, 145, , , 7, 5, 6
2018/4/2, 103, , , 6, 4, 6
2018/4/3, 123, , , 6, 4, 6
2018/4/4, 118, , , 6, 6, 5
2018/4/5, 121, , , 7, 5, 6
2018/4/6, 140, , , 6, 3, 5
2018/4/7, 139, , , 5, 10, 6
2018/4/8, 114, , , 11, 33, 6
2018/4/9, 124, , , 4, 32, 9
2018/4/10, 129, , , 5, 22, 9
2018/4/11, 121, , , 4, 4, 8
2018/4/12, 104, , , 6, 3, 9
2018/4/13, 104, , , 5, 2, 9
2018/4/14, 101, , , 5, 2, 8
2018/4/15, 87, , , 5, 2, 8
2018/4/16, 95, , , 5, 1, 9
2018/4/17, 103, , , 5, 2, 8
2018/4/18, 110, , , 5, 1, 9
2018/4/19, 109, , , 5, 2, 7
2018/4/20, 106, , , 5, 1, 8
2018/4/21, 104, , , 5, 1, 8
2018/4/22, 77, , , 5, 1, 7
2018/4/23, 93, , , 7, 2, 8
2018/4/24, 115, , , 5, 1, 8
2018/4/25, 92, , , 6, 2, 7
2018/4/26, 94, , , 11, 3, 8
2018/4/27, 97, , , 13, 2, 7
2018/4/28, 86, , , 13, 2, 7
2018/4/29, 87, , , 14, 1, 9
2018/4/30, 87, , , 12, 2, 44
2018/5/1, 103, , , 24, 9, 10
2018/5/2, 112, , , 19, 5, 7
2018/5/3, 109, , , 77, 2, 7
2018/5/4, 153, , , 49, 2, 8
2018/5/5, 86, , , 11, 3, 8
2018/5/6, 97, , , 12, 5, 8
2018/5/7, 117, , , 10, 8, 7
2018/5/8, 80, , , , , 
2018/5/10, 69, , , 14, 3, 8
2018/5/11, 82, , , 12, 4, 8
2018/5/12, 73, , , 10, 3, 8
2018/5/13, 77, , , 11, 3, 8
2018/5/14, 74, , , 12, 4, 8
2018/5/15, 76, , , 13, 6, 8
2018/5/16, 89, , , 12, 5, 8
2018/5/17, 84, , , 13, 4, 8
2018/5/18, 107, , , 12, 4, 8
2018/5/19, 93, , , 12, 5, 8
2018/5/20, 85, , , 11, 4, 8
2018/5/21, 88, , , 17, 4, 8
2018/5/22, 109, , , 11, 3, 8
2018/5/23, 97, , , 11, 4, 8
2018/5/24, 97, , , 10, 3, 8
2018/5/25, 79, , , 10, 4, 9
2018/5/26, 86, , , 10, 2, 8
2018/5/27, 120, , , 9, 2, 8
2018/5/28, 96, , , 10, 3, 8
2018/5/29, 92, , , 10, 3, 8
2018/5/30, 99, , , 11, 3, 9
2018/5/31, 115, , , 12, 2, 8
2018/6/1, 112, , , 11, 2, 8
2018/6/2, 133, , , 11, 4, 8
2018/6/3, 108, , , 11, 3, 8
2018/6/4, 103, , , 12, 3, 8
2018/6/5, 93, , , 12, 3, 8
2018/6/6, 70, , , 12, 2, 8
2018/6/7, 74, , , 11, 3, 8
2018/6/8, 109, , , 10, 3, 7
2018/6/9, 102, , , 10, 4, 8
2018/6/10, 61, , , 12, 3, 7
2018/6/11, 73, , , 12, 3, 8
2018/6/12, 68, , , 19, 3, 9
2018/6/13, 83, , , 12, 3, 8
2018/6/14, 93, , , 11, 3, 9
2018/6/15, 122, , , 10, 2, 8
2018/6/16, 98, , , 11, 3, 8
2018/6/17, 123, , , 11, 3, 8
2018/6/18, 103, , , 10, 3, 9
2018/6/19, 92, , , 11, 3, 8
2018/6/20, 106, , , 11, 3, 8
2018/6/21, 134, , , 11, 3, 9
2018/6/22, 125, , , 11, 2, 9
2018/6/23, 129, , , 11, 3, 9
2018/6/24, 113, , , 12, 3, 8
2018/6/25, 127, , , 13, 3, 8
2018/6/26, 129, , , 12, 3, 8
2018/6/27, 136, , , 12, 3, 8
2018/6/28, 114, , , 13, 2, 8
2018/6/29, 121, , , 12, 4, 8
2018/6/30, 146, , , 11, 3, 8
2018/1/1, 126, , , 7, 3, 5
2018/1/2, 200, , , 9, 5, 5
2018/1/3, 203, , , 10, 13, 4
2018/1/4, 293, , , 9, 15, 5
2018/1/5, 185, , , 10, 31, 8
2018/1/6, 169, , , 6, 20, 4
2018/1/7, 159, , , 7, 11, 4
2018/1/8, 157, , , 7, 13, 3
2018/1/9, 159, , , 5, 3, 4
2018/1/10, 148, , , 6, 7, 4
2018/1/11, 170, , , 7, 12, 3
2018/1/12, 176, , , 10, 22, 7
2018/1/13, 346, , , 4, 31, 4
2018/1/14, 192, , , 3, 17, 3
2018/1/15, 163, , , 3, 13, 3
2018/1/16, 173, , , 6, 33, 4
2018/1/17, 176, , , 9, 33, 4
2018/1/18, 189, , , 10, 38, 4
2018/1/19, 187, , , 11, 36, 6
2018/1/20, 164, , , 10, 31, 5
2018/1/21, 192, , , 9, 6, 6
2018/1/22, 157, , , 10, 4, 6
2018/1/23, 218, , , 12, 4, 6
2018/1/24, 205, , , 11, 4, 7
2018/1/25, 197, , , 9, 4, 6
2018/1/26, 181, , , 10, 4, 7
2018/1/27, 174, , , 7, 4, 6
2018/1/28, 181, , , 7, 4, 6
2018/1/29, 179, , , 10, 4, 7
2018/1/30, 180, , , 13, 4, 7
2018/1/31, 189, , , 9, 4, 7
2018/2/1, 144, , , 11, 4, 7
2018/2/2, 177, , , 10, 3, 6
2018/2/3, 211, , , 6, 4, 6
2018/2/4, 150, , , 11, 4, 7
2018/2/5, 143, , , 15, 4, 6
2018/2/6, 155, , , 12, 3, 6
2018/2/7, 131, , , 12, 4, 7
2018/2/8, 120, , , 10, 3, 7
2018/2/9, 192, , , 11, 4, 6
2018/2/10, 162, , , 7, 4, 6
2018/2/11, 165, , , 8, 3, 6
2018/2/12, 161, , , 10, 3, 7
2018/2/13, 190, , , 13, 5, 6
2018/2/14, 150, , , 13, 6, 5
2018/2/15, 165, , , 10, 7, 5
2018/2/16, 160, , , 10, 6, 5
2018/2/17, 160, , , 9, 6, 5
2018/2/18, 182, , , 9, 7, 6
2018/2/19, 172, , , 12, 7, 5
2018/2/20, 168, , , 13, 7, 5
2018/2/21, 169, , , 12, 7, 5
2018/2/22, 160, , , 12, 6, 5
2018/2/23, 146, , , 10, 7, 5
2018/2/24, 148, , , 8, 7, 5
2018/2/25, 122, , , 10, 7, 6
2018/2/26, 139, , , 12, 7, 8
2018/2/27, 178, , , 13, 7, 5
2018/2/28, 218, , , 10, 7, 6
2018/3/1, 232, , , 10, 7, 6
2018/3/2, 155, , , 11, 7, 6
2018/3/3, 136, , , 10, 6, 5
2018/3/4, 168, , , 8, 6, 5
2018/3/5, 137, , , 8, 7, 6
2018/3/6, 144, , , 10, 4, 6
2018/3/7, 173, , , 13, 8, 7
2018/3/8, 197, , , 11, 7, 5
2018/3/9, 160, , , 13, 7, 5
2018/3/10, 164, , , 10, 21, 5
2018/3/11, 166, , , 10, 26, 6
2018/3/12, 277, , , 6, 6, 5
2018/3/13, 118, , , 8, 6, 5
2018/3/14, 138, , , 7, 5, 6
2018/3/15, 84, , , 7, 4, 5
2018/3/16, 95, , , 13, 7, 6
2018/3/17, 129, , , 11, 27, 6
2018/3/18, 139, , , 10, 10, 5
2018/3/19, 137, , , 10, 13, 6
2018/3/20, 178, , , 8, 10, 7
2018/3/21, 148, , , 6, 7, 11
2018/3/22, 122, , , 7, 2, 8
2018/3/23, 160, , , 6, 3, 9
2018/3/24, 196, , , 5, 1, 9
2018/3/25, 171, , , 7, 11, 8
2018/3/26, 159, , , 6, 6, 9
2018/3/27, 191, , , 5, 2, 13
2018/3/28, 86, , , 6, 5, 6
2018/3/29, 77, , , 5, 5, 5
2018/3/30, 128, , , 5, 5, 6
2018/3/31, 143, , , 5, 6, 5
2017/10/1, 106, , , 5, 8, 4
2017/10/2, 65, , , 7, 7, 5
2017/10/3, 103, , , 8, 8, 5
2017/10/4, 69, , , 7, 7, 4
2017/10/5, 74, , , 7, 7, 5
2017/10/6, 136, , , 6, 7, 5
2017/10/7, 131, , , 6, 8, 7
2017/10/8, 92, , , , 7, 4
2017/10/9, 161, , , 8, 2, 2
2017/10/10, 91, , , 11, 2, 2
2017/10/11, 116, , , 11, 2, 5
2017/10/12, 104, , , 13, 2, 4
2017/10/13, 125, , , 12, 4, 5
2017/10/14, 150, , , 11, 5, 5
2017/10/15, 97, , , 11, 6, 7
2017/10/16, 82, , , 10, 4, 9
2017/10/17, 127, , , 11, 7, 11
2017/10/18, 222, , , 13, 8, 8
2017/10/19, 335, , , 11, 4, 7
2017/10/20, 91, , , 17, 3, 7
2017/10/21, 102, , , 14, 3, 7
2017/10/22, 103, , , 17, 3, 7
2017/10/23, 156, , , 12, 2, 7
2017/10/24, 139, , , 12, 3, 15
2017/10/25, 98, , , 10, 3, 7
2017/10/26, 78, , , 13, 2, 8
2017/10/27, 83, , , 13, 1, 7
2017/10/28, 145, , , 12, 3, 7
2017/10/29, 117, , , 9, 5, 8
2017/10/30, 55, , , 11, 3, 7
2017/10/31, 100, , , 8, 2, 7
2017/11/1, 52, , , 9, 2, 8
2017/11/2, 77, , , 10, 2, 7
2017/11/3, 101, , , 14, 3, 11
2017/11/4, 85, , , 9, 3, 7
2017/11/5, 95, , , 10, 3, 7
2017/11/6, 88, , , 10, 3, 7
2017/11/7, 88, , , 9, 3, 7
2017/11/8, 93, , , 10, 3, 7
2017/11/9, 86, , , 12, 2, 8
2017/11/10, 132, , , 7, 2, 7
2017/11/11, 152, , , 7, 2, 7
2017/11/12, 155, , , 6, 3, 7
2017/11/13, 127, , , 5, 3, 7
2017/11/14, 76, , , 6, 3, 7
2017/11/15, 106, , , , , 
2017/11/17, 110, , , 11, 13, 5
2017/11/18, 82, , , 9, 6, 5
2017/11/19, 72, , , 10, 6, 5
2017/11/20, 73, , , 9, 7, 5
2017/11/21, 65, , , 12, 6, 4
2017/11/22, 118, , , 13, 5, 4
2017/11/23, 164, , , 10, 3, 4
2017/11/24, 160, , , 17, 4, 4
2017/11/25, 185, , , 12, 4, 5
2017/11/26, 152, , , 13, 5, 5
2017/11/27, 113, , , 15, 5, 6
2017/11/28, 113, , , 14, 3, 7
2017/11/29, 113, , , 13, 5, 4
2017/11/30, 113, , , 14, 4, 4
2017/12/1, 113, , , 12, 5, 4
2017/12/2, 113, , , 10, 5, 4
2017/12/3, 113, , , 12, 6, 5
2017/12/4, 112, , , 12, 6, 5
2017/12/5, 110, , , 11, 6, 4
2017/12/6, 120, , , 11, 4, 5
2017/12/7, 142, , , 13, 3, 5
2017/12/8, 141, , , 14, 10, 5
2017/12/9, 148, , , 16, 9, 4
2017/12/10, 156, , , 12, 13, 5
2017/12/11, 150, , , 9, 3, 5
2017/12/12, 142, , , 6, 5, 5
2017/12/13, 147, , , 6, 4, 5
2017/12/14, 144, , , 10, 4, 4
2017/12/15, 153, , , 23, 7, 5
2017/12/16, 162, , , 7, 5, 4
2017/12/17, 133, , , 9, 5, 6
2017/12/18, 141, , , 12, 9, 4
2017/12/19, 134, , , 12, 6, 5
2017/12/20, 111, , , 8, 5, 5
2017/12/21, 163, , , 9, 5, 5
2017/12/22, 140, , , 11, 3, 6
2017/12/23, 114, , , 11, 4, 5
2017/12/24, 131, , , 9, 5, 4
2017/12/25, 126, , , 9, 4, 4
2017/12/26, 163, , , 10, 13, 4
2017/12/27, 187, , , 12, 10, 4
2017/12/28, 148, , , 10, 4, 5
2017/12/29, 140, , , 7, 4, 5
2017/12/30, 123, , , 12, 4, 5
2017/12/31, 61, , , 5, 2, 4
2017/7/1, 164, , , 9, 4, 5
2017/7/2, 174, , , 10, 3, 5
2017/7/3, 145, , , 11, 2, 6
2017/7/4, 115, , , 8, 3, 4
2017/7/5, 142, , , 8, 4, 5
2017/7/6, 196, , , 10, 3, 5
2017/7/7, 124, , , 10, 10, 7
2017/7/8, 146, , , 11, 8, 5
2017/7/9, 136, , , 11, 8, 6
2017/7/10, 89, , , 10, 2, 5
2017/7/11, 191, , , 9, 2, 5
2017/7/12, 82, , , 7, 4, 4
2017/7/13, 160, , , 11, 5, 4
2017/7/14, 206, , , 35, 6, 6
2017/7/15, 217, , , 13, 2, 5
2017/7/16, 191, , , 19, 5, 5
2017/7/17, 262, , , 13, 5, 5
2017/7/18, 315, , , 11, 4, 4
2017/7/19, 235, , , 9, 8, 5
2017/7/20, 108, , , 9, 5, 5
2017/7/21, 124, , , 9, 5, 5
2017/7/22, 97, , , 9, 5, 5
2017/7/23, 100, , , 12, 4, 4
2017/7/24, 162, , , 12, 5, 5
2017/7/25, 106, , , 12, 12, 5
2017/7/26, 116, , , 12, 27, 4
2017/7/27, 121, , , 13, 12, 5
2017/7/28, 114, , , 16, 21, 4
2017/7/29, 112, , , 14, 8, 4
2017/7/30, 122, , , 14, 6, 5
2017/7/31, 95, , , 13, 4, 5
2017/8/1, 83, , , 13, 5, 5
2017/8/2, 98, , , 8, 7, 4
2017/8/3, 100, , , 10, 5, 7
2017/8/4, 106, , , 7, 26, 9
2017/8/5, 96, , , 20, 10, 5
2017/8/6, 100, , , 7, 6, 5
2017/8/7, 93, , , 10, 8, 4
2017/8/8, 129, , , 9, 7, 5
2017/8/9, 109, , , 7, 5, 5
2017/8/10, 85, , , 9, 5, 5
2017/8/11, 120, , , 6, 3, 5
2017/8/12, 97, , , 5, 5, 5
2017/8/13, 74, , , 8, 5, 5
2017/8/14, 123, , , 8, 4, 5
2017/8/15, 95, , , 10, 5, 6
2017/8/16, 79, , , 14, 4, 5
2017/8/17, 90, , , 7, 3, 7
2017/8/18, 127, , , 8, 1, 5
2017/8/19, 84, , , 7, 2, 5
2017/8/20, 63, , , 6, 4, 6
2017/8/21, 101, , , 14, 5, 6
2017/8/22, 89, , , 10, 5, 5
2017/8/23, 85, , , 10, 7, 5
2017/8/24, 71, , , 11, 4, 5
2017/8/25, 74, , , 14, 5, 5
2017/8/26, 101, , , 6, 6, 5
2017/8/27, 63, , , 7, 6, 5
2017/8/28, 72, , , 7, 6, 5
2017/8/29, 93, , , 6, 6, 4
2017/8/30, 86, , , 6, 6, 5
2017/8/31, 81, , , 8, 5, 6
2017/9/1, 95, , , 10, 5, 4
2017/9/2, 116, , , 9, 5, 5
2017/9/3, 104, , , 9, 4, 4
2017/9/4, 112, , , 7, 4, 4
2017/9/5, 134, , , 8, 2, 3
2017/9/6, 102, , , , , 
2017/9/11, 56, , , 6, 8, 5
2017/9/12, 57, , , 4, 8, 5
2017/9/13, 69, , , 6, 8, 5
2017/9/14, 82, , , 9, 7, 5
2017/9/15, 87, , , 15, 6, 5
2017/9/16, 116, , , 8, 6, 4
2017/9/17, 42, , , 7, 6, 6
2017/9/18, 133, , , 7, 6, 5
2017/9/19, 110, , , 7, 6, 5
2017/9/20, 90, , , 6, 7, 4
2017/9/21, 75, , , 8, 5, 6
2017/9/22, 126, , , 11, 5, 4
2017/9/23, 146, , , 8, 6, 4
2017/9/24, 138, , , 9, 6, 4
2017/9/25, 92, , , 10, 6, 6
2017/9/26, 152, , , 12, 8, 5
2017/9/27, 132, , , 11, 6, 5
2017/9/28, 133, , , 8, 8, 4
2017/9/29, 116, , , 8, 6, 5
2017/9/30, 117, , , 7, 6, 6
2017/4/2, 169, , , 12, 2, 4
2017/4/3, 133, , , 11, 2, 4
2017/4/4, 160, , , 11, 2, 4
2017/4/5, 128, , , 11, 3, 5
2017/4/6, 155, , , 11, 3, 6
2017/4/7, 147, , , 10, 4, 6
2017/4/8, 138, , , 11, 7, 6
2017/4/9, 126, , , 10, 6, 6
2017/4/10, 132, , , 10, 2, 6
2017/4/11, 137, , , 13, 4, 6
2017/4/12, 132, , , 11, 11, 6
2017/4/13, 166, , , 11, 10, 6
2017/4/14, 133, , , 13, 19, 6
2017/4/15, 175, , , 11, 7, 6
2017/4/16, 193, , , 14, 8, 6
2017/4/17, 258, , , 12, 4, 5
2017/4/18, 218, , , 10, 2, 6
2017/4/19, 166, , , 12, 3, 6
2017/4/20, 163, , , 13, 6, 6
2017/4/21, 228, , , 14, 12, 6
2017/4/22, 279, , , 11, 9, 7
2017/4/23, 232, , , 11, 4, 6
2017/4/24, 174, , , 12, 2, 6
2017/4/25, 165, , , 13, 8, 6
2017/4/26, 237, , , 9, 2, 3
2017/4/27, 147, , , 10, 4, 4
2017/4/28, 150, , , 11, 6, 10
2017/4/29, 144, , , 8, 6, 3
2017/4/30, 139, , , 6, 4, 5
2017/5/1, 122, , , 7, 6, 5
2017/5/2, 115, , , 9, 7, 5
2017/5/3, 140, , , 10, 10, 6
2017/5/4, 159, , , 7, 4, 5
2017/5/5, 112, , , 5, 3, 7
2017/5/6, 115, , , 6, 2, 3
2017/5/7, 105, , , 9, 2, 4
2017/5/8, 137, , , 9, 2, 4
2017/5/9, 134, , , 16, 2, 5
2017/5/10, 157, , , 9, 2, 
2017/5/11, 99, , , 6, 2, 4
2017/5/12, 91, , , 7, 2, 5
2017/5/13, 92, , , 8, 1, 5
2017/5/14, 165, , , 15, 1, 5
2017/5/15, 192, , , 17, 2, 5
2017/5/16, 225, , , 17, 2, 5
2017/5/17, 180, , , 17, 2, 5
2017/5/18, 66, , , 20, 3, 5
2017/5/19, 155, , , 22, 9, 9
2017/5/20, 268, , , 14, 2, 5
2017/5/21, 228, , , 10, 2, 4
2017/5/22, 181, , , 14, 1, 5
2017/5/23, 193, , , 11, 2, 5
2017/5/24, 204, , , 11, 2, 5
2017/5/25, 112, , , 22, 27, 4
2017/5/26, 261, , , 18, 2, 5
2017/5/27, 155, , , 14, 2, 11
2017/5/28, 167, , , 21, 4, 7
2017/5/29, 251, , , 15, 12, 7
2017/5/30, 245, , , 26, 1, 13
2017/5/31, 175, , , 14, 1, 7
2017/6/1, 173, , , 9, 1, 6
2017/6/2, 147, , , 11, 1, 6
2017/6/3, 150, , , 13, 17, 7
2017/6/4, 162, , , 12, 9, 7
2017/6/5, 164, , , 15, 2, 9
2017/6/6, 152, , , 10, 2, 6
2017/6/7, 108, , , 10, 1, 8
2017/6/8, 165, , , 18, 1, 7
2017/6/9, 216, , , 11, 8, 8
2017/6/10, 186, , , 10, 1, 7
2017/6/11, 203, , , 9, 3, 6
2017/6/12, 178, , , 11, 1, 6
2017/6/13, 148, , , 7, 1, 6
2017/6/14, 117, , , 8, 2, 6
2017/6/15, 109, , , 8, 1, 7
2017/6/16, 140, , , 9, 1, 5
2017/6/17, 175, , , 9, 2, 5
2017/6/18, 204, , , 18, 3, 5
2017/6/19, 157, , , 12, 3, 6
2017/6/20, 85, , , 15, 3, 5
2017/6/21, 244, , , 14, 2, 5
2017/6/22, 180, , , 9, 5, 4
2017/6/23, 130, , , 12, 3, 6
2017/6/24, 203, , , 14, 6, 5
2017/6/25, 167, , , 13, 6, 5
2017/6/26, 161, , , 15, 3, 7
2017/6/27, 139, , , 7, 3, 5
2017/6/28, 158, , , 14, 2, 7
2017/6/29, 174, , , 12, 3, 5
2017/6/30, 169, , , 15, 4, 4
2017/1/2, 124, , , 12, 22, 4
2017/1/3, 132, , , 16, 23, 4
2017/1/4, 165, , , 16, 33, 5
2017/1/5, 205, , , 30, 34, 5
2017/1/6, 373, , , 20, 49, 4
2017/1/7, 166, , , 18, 18, 4
2017/1/8, 145, , , 22, 30, 4
2017/1/9, 154, , , 26, 49, 4
2017/1/10, 168, , , 23, 39, 5
2017/1/11, 164, , , 22, 26, 4
2017/1/12, 176, , , 25, 25, 5
2017/1/13, 341, , , 18, 23, 4
2017/1/14, 151, , , 15, 23, 4
2017/1/15, 165, , , 17, 26, 4
2017/1/16, 161, , , 20, 27, 5
2017/1/17, 174, , , 18, 25, 5
2017/1/18, 138, , , 17, 11, 4
2017/1/19, 137, , , 29, 20, 3
2017/1/20, 160, , , 14, 3, 3
2017/1/21, 123, , , 20, 10, 4
2017/1/22, 144, , , 25, 18, 5
2017/1/23, 142, , , 22, 11, 4
2017/1/24, 138, , , 16, 11, 3
2017/1/25, 163, , , 15, 2, 3
2017/1/26, 148, , , 17, 1, 4
2017/1/27, 130, , , 15, 22, 4
2017/1/28, 109, , , 19, 21, 4
2017/1/29, 108, , , 14, 12, 4
2017/1/30, 99, , , 21, 15, 6
2017/1/31, 150, , , 18, 12, 5
2017/2/1, 186, , , 19, 13, 2
2017/2/2, 158, , , 19, 14, 6
2017/2/3, 154, , , 18, 7, 5
2017/2/4, 164, , , 17, 12, 6
2017/2/5, 172, , , 24, 29, 8
2017/2/6, 167, , , 29, 26, 9
2017/2/7, 172, , , 21, 16, 9
2017/2/8, 186, , , 23, 14, 7
2017/2/9, 178, , , 22, 16, 7
2017/2/10, 170, , , 19, 16, 6
2017/2/11, 173, , , 14, 16, 7
2017/2/12, 128, , , 14, 6, 8
2017/2/13, 113, , , 11, 4, 6
2017/2/14, 123, , , 10, , 6
2017/2/15, 144, , , 12, 1, 6
2017/2/16, 158, , , 28, 4, 7
2017/2/17, 171, , , 18, 4, 6
2017/2/18, 163, , , 18, 4, 8
2017/2/19, 165, , , 20, 9, 7
2017/2/20, 286, , , 15, 2, 5
2017/2/21, 148, , , 14, 3, 5
2017/2/22, 138, , , 12, 4, 5
2017/2/23, 110, , , 11, 6, 5
2017/2/24, 115, , , 11, 11, 4
2017/2/25, 101, , , 10, 8, 5
2017/2/26, 111, , , 12, 10, 4
2017/2/27, 130, , , 17, 22, 5
2017/2/28, 171, , , 18, 12, 10
2017/3/1, 168, , , 18, 14, 4
2017/3/2, 156, , , 17, 23, 4
2017/3/3, 167, , , 10, 2, 4
2017/3/4, 117, , , 9, 1, 4
2017/3/5, 92, , , 9, 1, 4
2017/3/6, 101, , , 11, 1, 4
2017/3/7, 84, , , 8, 1, 4
2017/3/8, 101, , , 10, 1, 4
2017/3/9, 74, , , 9, 3, 4
2017/3/10, 102, , , 11, 4, 4
2017/3/11, 263, , , 9, 3, 4
2017/3/12, 261, , , 9, 5, 4
2017/3/13, 118, , , 7, 3, 4
2017/3/14, 71, , , 8, 13, 3
2017/3/15, 107, , , 10, 5, 4
2017/3/16, 126, , , 11, 3, 4
2017/3/17, 149, , , 10, 1, 4
2017/3/18, 166, , , 9, 1, 4
2017/3/19, 156, , , 11, 8, 5
2017/3/20, 156, , , 9, 5, 4
2017/3/21, 177, , , 12, 57, 4
2017/3/22, 152, , , 11, 12, 4
2017/3/23, 154, , , 14, 9, 4
2017/3/24, 174, , , 14, 7, 4
2017/3/25, 158, , , 12, 4, 4
2017/3/26, 160, , , 11, 5, 4
2017/3/27, 183, , , 9, 4, 4
2017/3/28, 131, , , 10, 6, 5
2017/3/29, 144, , , 10, 3, 2
2017/3/30, 116, , , , , 
2016/10/1, 152, , , 11, 5, 8
2016/10/2, 122, , , 12, 3, 9
2016/10/3, 97, , , 17, 2, 10
2016/10/4, 111, , , 19, 6, 10
2016/10/5, 137, , , 19, 13, 12
2016/10/6, 161, , , 18, 2, 12
2016/10/7, 146, , , 16, 2, 10
2016/10/8, 152, , , 15, 3, 10
2016/10/9, 146, , , 19, 27, 8
2016/10/10, 120, , , 14, 2, 8
2016/10/11, 100, , , 20, 6, 8
2016/10/12, 151, , , 19, 2, 9
2016/10/13, 182, , , 21, 1, 11
2016/10/14, 187, , , 18, 1, 11
2016/10/15, 167, , , 21, 1, 9
2016/10/16, 161, , , 20, , 11
2016/10/17, 181, , , 28, 6, 11
2016/10/18, 220, , , 31, 14, 11
2016/10/19, 180, , , 30, 1, 10
2016/10/20, 178, , , 29, 20, 10
2016/10/21, 227, , , 34, 26, 10
2016/10/22, 193, , , 31, 15, 9
2016/10/23, 468, , , 33, 20, 8
2016/10/24, 178, , , 34, 27, 9
2016/10/25, 165, , , 31, 15, 11
2016/10/26, 186, , , 28, 15, 10
2016/10/27, 200, , , 28, 11, 12
2016/10/28, 198, , , 15, 5, 14
2016/10/29, 246, , , 8, 2, 11
2016/10/30, 115, , , 9, 3, 9
2016/10/31, 137, , , 9, 1, 9
2016/11/1, 112, , , 14, 1, 9
2016/11/2, 104, , , 10, , 10
2016/11/3, 108, , , 18, 5, 11
2016/11/4, 171, , , 20, 12, 12
2016/11/5, 183, , , 15, 10, 12
2016/11/6, 189, , , 14, 6, 11
2016/11/7, 185, , , 18, 22, 9
2016/11/8, 196, , , 21, 27, 9
2016/11/9, 177, , , 25, 30, 9
2016/11/10, 173, , , 21, 21, 9
2016/11/11, 174, , , 7, 23, 12
2016/11/12, 259, , , 8, 8, 9
2016/11/13, 142, , , 10, 4, 8
2016/11/14, 81, , , 12, 8, 8
2016/11/15, 81, , , 13, 2, 10
2016/11/16, 157, , , 13, 9, 9
2016/11/17, 183, , , 18, 9, 9
2016/11/18, 165, , , 18, 15, 9
2016/11/19, 175, , , 18, 15, 9
2016/11/20, 170, , , 22, 9, 9
2016/11/21, 165, , , 18, 16, 9
2016/11/22, 181, , , 27, 22, 9
2016/11/23, 187, , , 31, 26, 10
2016/11/24, 196, , , 23, 16, 10
2016/11/25, 198, , , 33, 18, 10
2016/11/26, 185, , , 26, 13, 11
2016/11/27, 183, , , 28, 28, 10
2016/11/28, 202, , , 29, 25, 10
2016/11/29, 214, , , 26, 13, 8
2016/11/30, 202, , , 22, 5, 7
2016/12/1, 168, , , 15, 3, 7
2016/12/2, 252, , , 10, 6, 
2016/12/3, 94, , , 9, 1, 
2016/12/4, 85, , , 11, 1, 
2016/12/5, 131, , , , , 
2016/12/7, 171, , , 21, , 
2016/12/8, 162, , , 35, 21, 
2016/12/9, 178, , , 25, 10, 
2016/12/10, 204, , , 14, 5, 
2016/12/11, 197, , , 8, 5, 
2016/12/12, 134, , , , , 
2016/12/26, 509, , , 44, 5, 3
2016/12/27, 408, , , 33, 14, 3
2016/12/28, 140, , , 19, 14, 5
2016/12/29, 170, , , 17, 11, 4
2016/12/30, 389, , , 19, 13, 4
2016/12/31, 176, , , 11, 10, 3
2017/1/1, 123, , , 11, 15, 4
2016/7/1, 139, , , 3, 3, 12
2016/7/2, 154, , , 4, 2, 5
2016/7/3, 99, , , 6, 5, 9
2016/7/4, 224, , , 7, 11, 12
2016/7/5, 505, , , 6, 5, 9
2016/7/6, 71, , , 6, , 14
2016/7/7, 97, , , 6, , 10
2016/7/8, 62, , , 6, 1, 9
2016/7/9, 78, , , 5, 1, 9
2016/7/10, 70, , , 6, , 8
2016/7/11, 66, , , 7, 1, 8
2016/7/12, 75, , , 7, , 8
2016/7/13, 71, , , 7, 2, 9
2016/7/14, 67, , , 8, 2, 9
2016/7/15, 81, , , 8, 1, 10
2016/7/16, 73, , , 7, , 9
2016/7/17, 81, , , 6, 3, 10
2016/7/18, 96, , , 8, 2, 11
2016/7/19, 78, , , 9, 2, 13
2016/7/20, 106, , , 5, 3, 16
2016/7/21, 108, , , 5, 1, 11
2016/7/22, 79, , , 5, 1, 8
2016/7/23, 84, , , 3, 3, 9
2016/7/24, 106, , , 3, 3, 11
2016/7/25, 99, , , 3, 1, 11
2016/7/26, 79, , , 4, 1, 10
2016/7/27, 68, , , 7, 2, 12
2016/7/28, 110, , , 7, 1, 11
2016/7/29, 58, , , 8, 1, 11
2016/7/30, 74, , , 7, 1, 9
2016/7/31, 73, , , 7, 1, 9
2016/8/1, 95, , , 7, 1, 6
2016/8/2, 87, , , 5, 1, 6
2016/8/3, 118, , , 3, 1, 7
2016/8/4, 91, , , 5, 1, 8
2016/8/5, 61, , , 5, 1, 8
2016/8/6, 64, , , 5, 1, 9
2016/8/7, 112, , , 5, 1, 8
2016/8/8, 111, , , 10, 1, 8
2016/8/9, 108, , , 10, 3, 9
2016/8/10, 110, , , 10, 3, 8
2016/8/11, 103, , , 10, 1, 9
2016/8/12, 112, , , 9, 2, 8
2016/8/13, 117, , , 8, 2, 9
2016/8/14, 99, , , 7, 1, 8
2016/8/15, 105, , , 10, 1, 11
2016/8/16, 79, , , 10, 1, 10
2016/8/17, 88, , , 10, 1, 9
2016/8/18, 106, , , 10, 10, 8
2016/8/19, 111, , , 10, 2, 8
2016/8/20, 124, , , 9, 1, 8
2016/8/21, 121, , , 10, 2, 10
2016/8/22, 127, , , 10, 6, 12
2016/8/23, 123, , , 11, 3, 12
2016/8/24, 106, , , 10, 1, 14
2016/8/25, 102, , , 14, 3, 15
2016/8/26, 133, , , 11, 1, 13
2016/8/27, 118, , , 11, , 15
2016/8/28, 114, , , 10, 1, 11
2016/8/29, 98, , , 13, 2, 14
2016/8/30, 105, , , 11, , 12
2016/8/31, 85, , , 10, 2, 10
2016/9/1, 113, , , 9, 1, 12
2016/9/2, 87, , , 10, 1, 13
2016/9/3, 102, , , 10, 1, 16
2016/9/4, 98, , , 11, 1, 14
2016/9/5, 95, , , 11, 3, 12
2016/9/6, 116, , , 8, 4, 10
2016/9/7, 79, , , 9, 4, 10
2016/9/8, 101, , , 11, 1, 13
2016/9/9, 133, , , 10, 1, 11
2016/9/10, 130, , , 11, 1, 8
2016/9/11, 92, , , 12, 1, 9
2016/9/12, 109, , , 11, 1, 11
2016/9/13, 169, , , 13, 1, 12
2016/9/14, 166, , , 18, , 3
2016/9/15, 150, , , 18, , 6
2016/9/16, 89, , , 10, , 9
2016/9/17, 115, , , 8, 1, 9
2016/9/18, 153, , , 9, 1, 7
2016/9/19, 97, , , 10, 5, 12
2016/9/20, 133, , , 6, 2, 7
2016/9/21, 108, , , 13, 4, 7
2016/9/22, 90, , , 11, 1, 5
2016/9/23, 84, , , 12, 2, 8
2016/9/24, 92, , , 11, 2, 5
2016/9/25, 115, , , 12, 2, 7
2016/9/26, 117, , , 13, 2, 7
2016/9/27, 136, , , 18, 4, 9
2016/9/28, 149, , , 16, 2, 10
2016/9/29, 123, , , 13, 2, 9
2016/9/30, 142, , , 14, 5, 9
2016/4/1, 171, , , 1, 2, 4
2016/4/2, 172, , , 1, 2, 7
2016/4/3, 173, , , 2, 3, 8
2016/4/4, 171, , , 1, 4, 12
2016/4/5, 172, , , 5, 2, 15
2016/4/6, 174, , , 10, 2, 12
2016/4/7, 171, , , 4, 1, 7
2016/4/8, 170, , , 3, 2, 4
2016/4/9, 171, , , 4, 2, 3
2016/4/10, 167, , , 4, 2, 4
2016/4/11, 173, , , 2, 2, 3
2016/4/12, 173, , , 6, 2, 5
2016/4/13, 173, , , 5, 2, 3
2016/4/14, 173, , , 6, 2, 3
2016/4/15, 166, , , 5, 3, 5
2016/4/16, 171, , , 5, 1, 5
2016/4/17, 171, , , 7, 2, 5
2016/4/18, 169, , , 9, 2, 4
2016/4/19, 168, , , 10, 2, 6
2016/4/20, 172, , , 4, 2, 10
2016/4/21, 170, , , 2, 2, 9
2016/4/22, 175, , , 1, 2, 7
2016/4/23, 175, , , 2, 2, 5
2016/4/24, 174, , , 5, 2, 8
2016/4/25, 172, , , 5, 2, 6
2016/4/26, 170, , , 6, 2, 5
2016/4/27, 171, , , 9, 2, 11
2016/4/28, 174, , , 8, 2, 9
2016/4/29, 173, , , 8, 2, 10
2016/4/30, 174, , , 8, 2, 9
2016/5/1, 174, , , 8, 2, 11
2016/5/2, 174, , , 9, 2, 7
2016/5/3, 173, , , 8, 2, 11
2016/5/4, 172, , , 5, 2, 6
2016/5/5, 173, , , 4, 2, 9
2016/5/6, 175, , , 6, 2, 9
2016/5/7, 173, , , 6, 2, 9
2016/5/8, 171, , , 7, 2, 9
2016/5/9, 170, , , 9, 2, 8
2016/5/10, 172, , , 6, 2, 8
2016/5/11, 174, , , 7, 2, 9
2016/5/12, 173, , , 7, 2, 9
2016/5/13, 172, , , 7, 2, 9
2016/5/14, 171, , , 7, 2, 8
2016/5/15, 167, , , 7, 2, 8
2016/5/16, 167, , , 7, 2, 8
2016/5/17, 200, , , 6, 1, 9
2016/5/18, 181, , , 7, 1, 10
2016/5/19, 154, , , 8, 1, 10
2016/5/20, 151, , , 6, 3, 9
2016/5/21, 148, , , 8, 3, 9
2016/5/22, 147, , , 10, 3, 9
2016/5/23, 140, , , 10, 3, 9
2016/5/24, 149, , , 10, 5, 14
2016/5/25, 128, , , 10, 2, 47
2016/5/26, 134, , , 10, 1, 15
2016/5/27, 134, , , 10, 2, 19
2016/5/28, 144, , , 9, 2, 16
2016/5/29, 144, , , 4, 2, 
2016/5/30, 140, , , 4, 2, 15
2016/5/31, 140, , , 4, 3, 26
2016/6/1, 109, , , 4, 2, 20
2016/6/2, 90, , , , , 
2016/6/15, 103, , , 5, 3, 30
2016/6/16, 105, , , 5, 2, 30
2016/6/17, 107, , , 5, 3, 28
2016/6/18, 121, , , 4, 2, 26
2016/6/19, 130, , , 4, 2, 22
2016/6/20, 105, , , 11, 1, 17
2016/6/21, 150, , , 7, 3, 15
2016/6/22, 96, , , 3, 3, 8
2016/6/23, 110, , , 2, 2, 6
2016/6/24, 102, , , , , 
2016/6/26, 139, , , 3, , 12
2016/6/27, 64, , , 3, 1, 7
2016/6/28, 141, , , 5, , 7
2016/6/29, 130, , , 5, , 
2016/6/30, 395, , , 4, 3, 
2016/1/4, 110, , , 3, 1, 6
2016/1/5, 110, , , 3, 2, 4
2016/1/6, 111, , , 2, 1, 5
2016/1/7, 116, , , 3, 1, 5
2016/1/8, 119, , , 3, 2, 4
2016/1/9, 121, , , 3, 3, 5
2016/1/10, 116, , , 3, 4, 4
2016/1/11, 112, , , 3, 2, 4
2016/1/12, 133, , , 3, 4, 5
2016/1/13, 131, , , 4, 6, 9
2016/1/14, 145, , , 2, 2, 4
2016/1/15, 109, , , 2, 1, 2
2016/1/16, 106, , , 2, 1, 2
2016/1/17, 107, , , 2, 2, 2
2016/1/18, 106, , , 2, 8, 1
2016/1/19, 109, , , 2, 2, 1
2016/1/20, 101, , , 2, 2, 1
2016/1/21, 105, , , 2, 2, 1
2016/1/22, 108, , , 2, 26, 1
2016/1/23, 100, , , 2, 3, 1
2016/1/24, 99, , , 2, 2, 1
2016/1/25, 99, , , 2, 3, 1
2016/1/26, 101, , , 2, 2, 1
2016/1/27, 100, , , 2, 2, 1
2016/1/28, 103, , , 2, 2, 1
2016/1/29, 109, , , 3, 2, 1
2016/1/30, 102, , , 3, 3, 1
2016/1/31, 104, , , 2, 3, 1
2016/2/1, 92, , , 2, 3, 1
2016/2/2, 101, , , 2, 2, 1
2016/2/3, 101, , , 2, 7, 1
2016/2/4, 122, , , 1, 8, 1
2016/2/5, 109, , , 1, 108, 1
2016/2/6, 108, , , 1, 23, 1
2016/2/7, 106, , , 1, 90, 1
2016/2/8, 106, , , 1, 24, 1
2016/2/9, 117, , , 1, 1, 
2016/2/10, 187, , , 1, 1, 
2016/2/11, 151, , , 1, 2, 
2016/2/12, 169, , , 1, 1, 21
2016/2/13, 161, , , , 2, 21
2016/2/14, 155, , , , 30, 21
2016/2/15, 155, , , 1, 56, 21
2016/2/16, 182, , , 1, 78, 22
2016/2/17, 179, , , 5, 4, 21
2016/2/18, 156, , , , 1, 21
2016/2/19, 182, , , , 51, 21
2016/2/20, 178, , , , 35, 21
2016/2/21, 153, , , , 8, 21
2016/2/22, 122, , , , 62, 21
2016/2/23, 144, , , , 1, 23
2016/2/24, 124, , , , 1, 22
2016/2/25, 141, , , , 3, 22
2016/2/26, 101, , , , 1, 22
2016/2/27, 147, , , , 1, 22
2016/2/28, 124, , , , 1, 22
2016/2/29, 136, , , , 13, 21
2016/3/1, 165, , , 51, 15, 21
2016/3/2, 160, , , 5, , 21
2016/3/3, 161, , , 5, 1, 21
2016/3/4, 179, , , 5, 11, 21
2016/3/5, 175, , , 4, 18, 21
2016/3/6, 172, , , 4, , 13
2016/3/7, 162, , , 5, 1, 7
2016/3/8, 159, , , 4, 2, 9
2016/3/9, 163, , , , , 
2016/3/14, 177, , , 4, 7, 4
2016/3/15, 173, , , 4, 3, 7
2016/3/16, 175, , , 4, 2, 8
2016/3/17, 173, , , 4, 2, 11
2016/3/18, 174, , , 4, 1, 11
2016/3/19, 181, , , 3, , 10
2016/3/20, 174, , , 3, 1, 12
2016/3/21, 179, , , 4, 2, 11
2016/3/22, 178, , , 5, 2, 9
2016/3/23, 176, , , 5, 2, 7
2016/3/24, 174, , , , , 
2016/3/27, 168, , , 2, 2, 7
2016/3/28, 171, , , 2, 2, 8
2016/3/29, 170, , , 2, 3, 7
2016/3/30, 171, , , 2, 2, 4
2016/3/31, 170, , , 2, 2, 7
2015/10/1, 148, , , 5, 3, 9
2015/10/2, 147, , , 5, 3, 8
2015/10/3, 146, , , 5, 3, 8
2015/10/4, 148, , , 5, 3, 9
2015/10/5, 154, , , 4, 3, 8
2015/10/6, 113, , , 5, 3, 8
2015/10/7, 97, , , 5, 4, 8
2015/10/8, 113, , , 4, 3, 8
2015/10/9, 107, , , 5, 3, 7
2015/10/10, 98, , , , , 
2015/10/12, 108, , , 5, 3, 8
2015/10/13, 102, , , 5, 2, 7
2015/10/14, 102, , , 5, 2, 7
2015/10/15, 99, , , 5, 2, 7
2015/10/16, 107, , , 5, 3, 6
2015/10/17, 114, , , 5, 2, 6
2015/10/18, 100, , , 4, 2, 7
2015/10/19, 106, , , , 4, 8
2015/10/20, 139, , , , 4, 8
2015/10/21, 147, , , , 3, 8
2015/10/22, 160, , , , , 
2015/10/24, 159, , , 4, 7, 7
2015/10/25, 158, , , 4, 5, 6
2015/10/26, 156, , , 4, 2, 7
2015/10/27, 165, , , 4, 3, 7
2015/10/28, 146, , , 9, 3, 7
2015/10/29, 163, , , 4, 3, 7
2015/10/30, 172, , , 4, 3, 7
2015/10/31, 159, , , 4, 2, 22
2015/11/1, 167, , , 4, 2, 9
2015/11/2, 161, , , 4, 2, 14
2015/11/3, 159, , , 4, 1, 14
2015/11/4, 162, , , 4, 1, 15
2015/11/5, 150, , , 17, 1, 14
2015/11/6, 158, , , 11, 3, 11
2015/11/7, 166, , , 11, 9, 11
2015/11/8, 123, , , 8, 13, 10
2015/11/9, 83, , , 9, 2, 12
2015/11/10, 101, , , 11, 2, 12
2015/11/11, 118, , , 10, 2, 14
2015/11/12, 116, , , 8, 2, 12
2015/11/13, 94, , , 7, 2, 12
2015/11/14, 90, , , 7, 2, 11
2015/11/15, 90, , , 6, 6, 12
2015/11/16, 87, , , 6, 2, 9
2015/11/17, 83, , , 7, 2, 11
2015/11/18, 85, , , 5, 3, 12
2015/11/19, 70, , , 3, 2, 13
2015/11/20, 56, , , 3, 2, 11
2015/11/21, 52, , , 3, 3, 10
2015/11/22, 52, , , 2, 2, 12
2015/11/23, 51, , , 2, 3, 12
2015/11/24, 51, , , 3, 1, 12
2015/11/25, 53, , , 2, 2, 12
2015/11/26, 52, , , 2, 2, 12
2015/11/27, 51, , , 3, 2, 13
2015/11/28, 55, , , , , 
2015/11/30, 53, , , 2, 2, 13
2015/12/1, 54, , , , , 
2015/12/9, 51, , , 1, , 11
2015/12/10, 54, , , 1, , 13
2015/12/11, 57, , , 2, , 12
2015/12/12, 53, , , 2, 1, 11
2015/12/13, 54, , , 2, 1, 11
2015/12/14, 56, , , 2, , 9
2015/12/15, 57, , , 1, 2, 11
2015/12/16, 56, , , 2, 1, 14
2015/12/17, 55, , , 2, 1, 14
2015/12/18, 56, , , 2, , 16
2015/12/19, 54, , , 2, , 17
2015/12/20, 55, , , 1, , 22
2015/12/21, 90, , , 2, , 24
2015/12/22, 114, , , 2, 1, 5
2015/12/23, 122, , , 2, 1, 7
2015/12/24, 91, , , 2, 1, 6
2015/12/25, 128, , , 1, 1, 6
2015/12/26, 121, , , 3, 1, 12
2015/12/27, 168, , , 3, 2, 119
2015/12/28, 101, , , 3, 2, 18
2015/12/29, 116, , , 3, 1, 5
2015/12/30, 103, , , 4, 1, 2
2015/12/31, 108, , , , , 
2016/1/2, 116, , , 2, 1, 11
2016/1/3, 104, , , 3, 1, 3
2015/7/1, 179, , , 6, 6, 25
2015/7/2, 171, , , 6, 5, 22
2015/7/3, 176, , , 6, 5, 24
2015/7/4, 180, , , 6, 5, 25
2015/7/5, 182, , , 6, 6, 26
2015/7/6, 179, , , 6, 9, 24
2015/7/7, 177, , , 6, 8, 26
2015/7/8, 181, , , 6, 6, 24
2015/7/9, 177, , , 6, 6, 25
2015/7/10, 179, , , 6, 6, 25
2015/7/11, 178, , , 6, 6, 25
2015/7/12, 179, , , 6, 8, 26
2015/7/13, 182, , , 6, 8, 24
2015/7/14, 177, , , 6, 7, 25
2015/7/15, 179, , , 6, 6, 25
2015/7/16, 179, , , 6, 6, 26
2015/7/17, 182, , , 6, 8, 23
2015/7/18, 166, , , 6, 9, 18
2015/7/19, 149, , , 6, 7, 19
2015/7/20, 146, , , 6, 8, 16
2015/7/21, 169, , , 6, 3, 16
2015/7/22, 160, , , 6, 4, 16
2015/7/23, 152, , , 6, 7, 16
2015/7/24, 146, , , 6, 7, 16
2015/7/25, 154, , , 6, 11, 17
2015/7/26, 152, , , 6, 10, 26
2015/7/27, 149, , , 6, 5, 17
2015/7/28, 151, , , 6, 5, 17
2015/7/29, 151, , , 6, 10, 19
2015/7/30, 154, , , 6, 14, 17
2015/7/31, 158, , , 6, 10, 19
2015/8/1, 150, , , 6, 15, 20
2015/8/2, 149, , , 6, 5, 20
2015/8/3, 145, , , 6, 6, 
2015/8/4, 165, , , 6, 8, 23
2015/8/5, 155, , , 6, 5, 73
2015/8/6, 154, , , 6, 6, 20
2015/8/7, 148, , , 6, 5, 82
2015/8/8, 161, , , 6, 7, 
2015/8/9, 157, , , 6, 6, 
2015/8/10, 153, , , 6, 5, 
2015/8/11, 158, , , 6, 6, 
2015/8/12, 141, , , 6, 7, 10
2015/8/13, 153, , , 6, 5, 10
2015/8/14, 157, , , 6, 5, 10
2015/8/15, 150, , , 6, 6, 10
2015/8/16, 157, , , 6, 6, 10
2015/8/17, 142, , , 6, 6, 10
2015/8/18, 143, , , 6, 5, 10
2015/8/19, 150, , , 6, 4, 10
2015/8/20, 138, , , 6, 5, 
2015/8/21, 148, , , 6, 2, 18
2015/8/22, 162, , , , , 
2015/8/24, 151, , , 7, 2, 66
2015/8/25, 164, , , 5, 5, 18
2015/8/26, 163, , , 6, 6, 11
2015/8/27, 130, , , 6, 6, 16
2015/8/28, 148, , , 5, 3, 7
2015/8/29, 94, , , 6, 3, 34
2015/8/30, 214, , , 6, 2, 22
2015/8/31, 167, , , 6, 3, 15
2015/9/1, 143, , , 6, 3, 7
2015/9/2, 60, , , 6, 6, 10
2015/9/3, 77, , , 6, 3, 11
2015/9/4, 84, , , 6, 3, 10
2015/9/5, 78, , , 7, 4, 10
2015/9/6, 78, , , 6, 5, 9
2015/9/7, 71, , , 6, 3, 16
2015/9/8, 105, , , 7, 3, 8
2015/9/9, 70, , , 6, 3, 9
2015/9/10, 75, , , 5, 5, 10
2015/9/11, 81, , , 5, 3, 12
2015/9/12, 93, , , 6, 3, 11
2015/9/13, 85, , , 6, 4, 13
2015/9/14, 96, , , 6, 3, 11
2015/9/15, 83, , , 6, 4, 13
2015/9/16, 97, , , 7, 3, 12
2015/9/17, 87, , , 7, 3, 14
2015/9/18, 105, , , 6, 12, 22
2015/9/19, 126, , , 6, 3, 10
2015/9/20, 80, , , 6, 3, 11
2015/9/21, 85, , , 6, 3, 15
2015/9/22, 96, , , 6, 3, 8
2015/9/23, 129, , , 5, 2, 10
2015/9/24, 148, , , 5, 3, 10
2015/9/25, 157, , , 4, 3, 9
2015/9/26, 152, , , 5, 9, 10
2015/9/27, 148, , , 5, 3, 9
2015/9/28, 148, , , 5, 8, 9
2015/9/29, 148, , , 5, 5, 8
2015/9/30, 142, , , 4, 4, 8
2015/5/13, 179, , , 9, 6, 16
2015/5/14, 205, , , 8, 6, 15
2015/5/15, 158, , , 6, 6, 20
2015/5/16, 160, , , 6, 6, 32
2015/5/17, 160, , , 6, 6, 14
2015/5/18, 161, , , 6, 6, 15
2015/5/19, 159, , , 6, 6, 21
2015/5/20, 160, , , 6, 6, 16
2015/5/21, 163, , , 6, 6, 16
2015/5/22, 161, , , 6, 6, 22
2015/5/23, 161, , , 6, 5, 19
2015/5/24, 160, , , 6, 5, 15
2015/5/25, 160, , , 6, 5, 18
2015/5/26, 210, , , 6, 39, 44
2015/5/27, 161, , , 6, 5, 113
2015/5/28, 162, , , 6, 5, 18
2015/5/29, 161, , , 6, 5, 9
2015/5/30, 162, , , 6, 5, 11
2015/5/31, 161, , , 6, 5, 12
2015/6/1, 159, , , 6, 5, 10
2015/6/2, 162, , , 6, 5, 17
2015/6/3, 162, , , 6, 5, 10
2015/6/4, 164, , , 6, 5, 12
2015/6/5, 163, , , 6, 5, 10
2015/6/6, 162, , , 6, 5, 11
2015/6/7, 162, , , 6, 5, 13
2015/6/8, 161, , , 6, 5, 18
2015/6/9, 165, , , 6, 8, 18
2015/6/10, 161, , , 6, 6, 60
2015/6/11, 163, , , 6, 4, 21
2015/6/12, 165, , , 6, 5, 20
2015/6/13, 159, , , 6, 5, 19
2015/6/14, 160, , , 6, 4, 24
2015/6/15, 164, , , 6, 5, 20
2015/6/16, 162, , , 6, 5, 19
2015/6/17, 152, , , 6, 6, 33
2015/6/18, 162, , , 6, 5, 18
2015/6/19, 162, , , 6, 7, 40
2015/6/20, 161, , , 6, 7, 22
2015/6/21, 159, , , 6, 6, 25
2015/6/22, 159, , , 6, 5, 51
2015/6/23, 164, , , 6, 8, 16
2015/6/24, 160, , , 6, 6, 16
2015/6/25, 161, , , 6, 7, 16
2015/6/26, 169, , , 6, 9, 28
2015/6/27, 179, , , 6, 6, 25
2015/6/29, 174, , , 6, 5, 23
2015/6/30, 183, , , 6, 6, 27
2019/12/31, , 33, 15, 5, 8, 5
2019/11/14, , 53, 65, 5, 3, 2
2019/10/3, , , , 3, 2, 4
2019/10/6, , , , 24, 2, 7
2019/10/13, , , , 1, 2, 4
2019/10/20, , , , 2, 3, 7
2019/10/27, , , , 25, 7, 13
2019/11/3, , , , 11, 6, 8
2019/8/13, , , , 6, 9, 11
2019/8/18, , , , 12, 4, 14
2019/9/1, , , , 12, 3, 17
2019/9/8, , , , 5, 3, 6
2019/9/16, , , , 3, 3, 4
2019/5/22, , , , 6, 4, 14
2019/6/28, , , , 10, 3, 10
2018/12/31, , , , 5, 11, 11
2019/1/19, , , , 5, 5, 11
2019/1/20, , , , 5, 5, 10
2019/2/12, , , , 5, 3, 10
2018/12/14, , , , 6, 5, 13
2018/9/13, , , , 6, 2, 8
2018/9/26, , , , 5, 2, 8
2018/5/9, , , , 11, 3, 8
2017/11/16, , , , 8, 6, 4
2017/9/10, , , , 4, 8, 5
2017/4/1, , , , 9, 1, 4
2016/12/6, , , , 9, 1, 
2016/6/14, , , , 5, 3, 28
2016/6/25, , , , 16, , 1
2016/3/13, , , , 3, 1, 5
2015/10/11, , , , 4, 3, 8
2015/10/23, , , , 4, 3, 7
2015/11/29, , , , 2, 2, 11
2015/12/8, , , , 1, 1, 17
2016/1/1, , , , 3, 10, 5
2015/8/23, , , , 6, 4, 15
2015/4/1, , , , 5, 5, 17
2015/4/2, , , , 5, 3, 19
2015/4/3, , , , 5, 2, 21
2015/4/4, , , , 5, 1, 18
2015/4/5, , , , 4, 1, 18
2015/4/6, , , , 5, 2, 15
2015/4/7, , , , 5, 3, 12
2015/4/8, , , , 5, , 10
2015/4/9, , , , 5, , 19
2015/4/10, , , , 5, 1, 16
2015/4/11, , , , 5, 1, 18
2015/4/12, , , , 4, , 12
2015/4/13, , , , 6, 2, 15
2015/4/14, , , , 7, 3, 15
2015/4/15, , , , 5, 1, 14
2015/4/16, , , , 6, 1, 16
2015/4/17, , , , 6, 1, 13
2015/4/18, , , , 9, 1, 14
2015/4/19, , , , 5, 2, 15
2015/4/20, , , , 5, 3, 19
2015/4/21, , , , 5, 2, 9
2015/4/22, , , , 5, 4, 14
2015/4/23, , , , 4, 1, 3
2015/4/24, , , , 5, , 6
2015/4/25, , , , 5, 5, 7
2015/4/26, , , , 5, , 13
2015/4/27, , , , 5, , 15
2015/4/28, , , , 5, 16, 22
2015/4/29, , , , 5, 4, 26
2015/4/30, , , , 4, 5, 15
2015/5/1, , , , 5, 2, 13
2015/5/2, , , , 4, 1, 11
2015/5/3, , , , 4, 2, 15
2015/5/4, , , , 5, 2, 11
2015/5/5, , , , 4, 1, 14
2015/5/6, , , , 4, 3, 12
2015/5/7, , , , 8, 6, 11
2015/5/8, , , , 8, 9, 11
2015/5/9, , , , 7, 8, 11
2015/5/10, , , , 7, 6, 11
2015/5/11, , , , 8, 6, 13
2015/5/12, , , , 8, 6, 15
2015/1/1, , , , 5, 4, 13
2015/1/2, , , , 3, 2, 12
2015/1/3, , , , 5, , 
2015/1/5, , , , 3, 2, 8
2015/1/6, , , , 5, 4, 14
2015/1/7, , , , 3, 5, 14
2015/1/8, , , , 3, 4, 16
2015/1/9, , , , 5, , 
2015/1/11, , , , 3, 4, 15
2015/1/12, , , , 5, 5, 12
2015/1/13, , , , 5, 2, 17
2015/1/14, , , , 5, 5, 12
2015/1/15, , , , 3, 4, 13
2015/1/16, , , , 3, , 
2015/1/19, , , , 6, 3, 24
2015/1/20, , , , 7, 10, 13
2015/1/21, , , , 2, 5, 17
2015/1/22, , , , 3, 13, 14
2015/1/23, , , , 2, , 
2015/1/27, , , , 3, 3, 10
2015/1/28, , , , 3, 8, 11
2015/1/29, , , , 3, , 17
2015/1/30, , , , 2, 4, 14
2015/1/31, , , , 3, , 
2015/2/2, , , , 4, 1, 10
2015/2/3, , , , 3, 2, 7
2015/2/4, , , , 4, 4, 12
2015/2/5, , , , 2, 2, 16
2015/2/6, , , , 4, , 
2015/2/9, , , , 4, 4, 17
2015/2/10, , , , 3, 4, 24
2015/2/11, , , , 2, 2, 17
2015/2/12, , , , 2, 3, 19
2015/2/13, , , , 1, , 
2015/2/16, , , , 1, , 
2015/2/18, , , , 2, , 
2015/2/20, , , , 1, 2, 11
2015/2/21, , , , 2, 2, 10
2015/2/22, , , , 2, 2, 12
2015/2/23, , , , 1, 4, 14
2015/2/24, , , , 1, 2, 21
2015/2/25, , , , , , 
2015/3/2, , , , , 3, 22
2015/3/10, , , , 7, 1, 17
2015/3/11, , , , 7, 4, 12
2015/3/12, , , , 10, 2, 17
2015/3/13, , , , 6, 2, 15
2015/3/14, , , , 5, 2, 16
2015/3/15, , , , 4, , 
2015/3/18, , , , 9, 2, 17
2015/3/19, , , , 7, , 
2015/3/23, , , , 7, , 
2015/3/25, , , , 5, 4, 25
2015/3/26, , , , 16, 36, 21
2015/3/27, , , , 5, 7, 23
2015/3/28, , , , 5, , 
2015/3/30, , , , 5, 4, 14
2015/3/31, , , , 4, 2, 19
2014/10/4, , , , 2, , 
2014/10/15, , , , 1, , 
2014/10/21, , , , 3, 1, 13
2014/10/22, , , , 2, , 
2014/10/24, , , , 4, , 
2014/10/27, , , , 2, 8, 12
2014/10/28, , , , 2, 14, 11
2014/10/29, , , , 2, 4, 14
2014/10/30, , , , 2, 4, 15
2014/10/31, , , , 2, , 
2014/11/5, , , , 9, 2, 11
2014/11/6, , , , 10, , 
2014/11/13, , , , 2, , 
2014/11/18, , , , 6, , 
2014/11/24, , , , 3, , 
2014/11/27, , , , 3, 11, 18
2014/11/28, , , , 4, , 
2014/11/29, , , , 4, , 
2014/12/1, , , , 2, , 
2014/12/4, , , , 4, 3, 15
2014/12/5, , , , 3, 3, 14
2014/12/6, , , , 3, 4, 14
2014/12/7, , , , 3, 3, 13
2014/12/8, , , , 3, 3, 14
2014/12/9, , , , 2, 2, 13
2014/12/10, , , , 2, , 
2014/12/12, , , , 2, 3, 15
2014/12/13, , , , 3, 3, 15
2014/12/14, , , , 2, 3, 13
2014/12/15, , , , 2, 5, 8
2014/12/16, , , , 1, 3, 14
2014/12/17, , , , 1, 3, 14
2014/12/18, , , , 5, 4, 17
2014/12/19, , , , 3, , 
2014/12/22, , , , 2, 3, 10
2014/12/23, , , , 2, 4, 14
2014/12/24, , , , 2, , 
2014/12/26, , , , 2, 2, 15
2014/12/27, , , , 4, , 
2014/7/3, , , , 20, , 5
2014/7/4, , , , 20, , 
2014/7/6, , , , 26, , 6
2014/7/7, , , , 20, 13, 13
2014/7/8, , , , 22, , 5
2014/7/9, , , , 21, , 14
2014/7/10, , , , 13, , 9
2014/7/11, , , , 15, , 
2014/7/14, , , , 17, 5, 9
2014/7/15, , , , 17, 1, 11
2014/7/16, , , , 17, , 
2014/7/18, , , , 20, , 
2014/8/2, , , , 20, , 
2014/8/5, , , , 19, , 
2014/8/8, , , , 14, , 
2014/8/27, , , , 20, , 
2014/9/16, , , , 4, , 
2014/4/1, , , , 23, 6, 
2014/4/2, , , , 20, 6, 
2014/4/3, , , , 21, 7, 
2014/4/4, , , , 22, , 
2014/4/7, , , , 21, 6, 
2014/4/8, , , , 21, 6, 
2014/4/9, , , , 21, 7, 
2014/4/10, , , , 24, 6, 
2014/4/11, , , , 20, 6, 
2014/4/12, , , , 21, 8, 
2014/4/13, , , , 26, , 
2014/4/15, , , , 23, , 
2014/4/16, , , , 23, , 
2014/4/17, , , , 22, , 
2014/4/18, , , , 22, , 
2014/4/19, , , , 23, , 
2014/4/20, , , , 22, , 
2014/4/21, , , , 22, 6, 
2014/4/22, , , , 21, 6, 
2014/4/23, , , , 21, 6, 
2014/4/24, , , , 21, 7, 
2014/4/25, , , , 22, 7, 
2014/4/26, , , , 23, 6, 
2014/4/27, , , , 21, 6, 
2014/4/28, , , , 18, , 
2014/5/8, , , , 20, 6, 
2014/5/9, , , , 20, , 
2014/5/27, , , , 18, , 
2014/5/29, , , , 17, 6, 15
2014/5/30, , , , 19, , 
2014/6/1, , , , 22, 7, 5
2014/6/2, , , , 22, 7, 1
2014/6/3, , , , 23, 7, 3
2014/6/4, , , , 22, 6, 4
2014/6/5, , , , 21, 6, 5
2014/6/6, , , , 20, 6, 4
2014/6/7, , , , 21, 6, 6
2014/6/8, , , , 19, 6, 5
2014/6/9, , , , 19, , 
2014/6/11, , , , 23, 6, 4
2014/6/12, , , , 21, 7, 3
2014/6/13, , , , 22, 7, 2
2014/6/14, , , , 24, 7, 2
2014/6/15, , , , 23, 7, 2
2014/6/16, , , , 24, 8, 
2014/6/17, , , , 28, 5, 7
2014/6/18, , , , 18, 5, 8
2014/6/19, , , , 18, 4, 7
2014/6/20, , , , 15, 6, 7
2014/6/21, , , , 19, , 
2014/1/1, , , , 14, , 6
2014/1/2, , , , 13, , 5
2014/1/3, , , , 13, , 5
2014/1/4, , , , 14, , 
2014/1/6, , , , 13, , 6
2014/1/7, , , , 13, , 10
2014/1/8, , , , 12, , 21
2014/1/9, , , , 14, , 
2014/1/15, , , , 11, 4, 
2014/1/16, , , , 14, , 
2014/1/18, , , , 12, 3, 10
2014/1/19, , , , 12, 4, 
2014/1/20, , , , 12, 3, 4
2014/1/21, , , , 11, 4, 
2014/1/22, , , , 12, 4, 
2014/1/23, , , , 12, 3, 
2014/1/24, , , , 11, , 
2014/1/28, , , , 13, 3, 
2014/1/29, , , , 12, 4, 
2014/1/30, , , , 13, 3, 
2014/1/31, , , , 11, , 
2014/2/4, , , , 13, 4, 
2014/2/5, , , , 13, 4, 
2014/2/6, , , , 14, 4, 
2014/2/7, , , , 15, , 
2014/2/9, , , , 15, 4, 
2014/2/10, , , , 14, 7, 2
2014/2/11, , , , 23, 4, 
2014/2/12, , , , 14, 4, 
2014/2/13, , , , 14, 4, 
2014/2/14, , , , 13, 4, 
2014/2/15, , , , 14, , 
2014/2/17, , , , 14, 7, 
2014/2/18, , , , 24, 3, 
2014/2/19, , , , 11, 17, 26
2014/2/20, , , , 15, 28, 
2014/2/21, , , , 65, , 
2014/2/24, , , , 2, 1, 
2014/2/25, , , , 4, , 
2014/2/26, , , , 1, , 
2014/3/2, , , , , , 
2014/3/11, , , , 1, , 
2014/3/24, , , , 17, 5, 
2014/3/25, , , , 18, 6, 
2014/3/26, , , , 20, 6, 
2014/3/27, , , , 20, 6, 
2014/3/28, , , , 21, 7, 
2014/3/29, , , , 23, 7, 
2014/3/30, , , , 24, 6, 
2014/3/31, , , , 21, 7, 
2016/12/25, , , , , 4, 15
2016/3/26, , , , , 2, 6
2014/12/31, , , , , 4, 11
2015/1/4, , , , , 6, 16
2015/1/10, , , , , 1, 12
2015/1/18, , , , , 5, 13
2015/1/26, , , , , 2, 15
2015/2/1, , , , , 4, 12
2015/2/8, , , , , 4, 30
2015/2/15, , , , , 2, 10
2015/2/17, , , , , 3, 7
2015/2/19, , , , , 2, 17
2015/3/1, , , , , 2, 13
2015/3/9, , , , , 1, 18
2015/3/17, , , , , 2, 22
2015/3/22, , , , , 2, 4
2015/3/24, , , , , 2, 34
2015/3/29, , , , , 6, 19
2014/10/23, , , , , 13, 11
2014/10/26, , , , , 3, 11
2014/11/4, , , , , 4, 17
2014/11/12, , , , , 4, 4
2014/11/17, , , , , 4, 14
2014/11/23, , , , , , 18
2014/11/26, , , , , 4, 13
2014/11/30, , , , , 6, 12
2014/12/3, , , , , 2, 8
2014/12/11, , , , , 4, 16
2014/12/21, , , , , 4, 13
2014/12/25, , , , , 7, 18
2014/7/2, , , , , 6, 5
2014/7/5, , , , , 1, 3
2014/7/13, , , , , 4, 10
2014/7/17, , , , , 8, 6
2014/8/1, , , , , 1, 4
2014/8/4, , , , , 8, 5
2014/8/7, , , , , 6, 14
2014/8/26, , , , , 1, 4
2014/4/6, , , , , 6, 
2014/5/7, , , , , 6, 
2014/5/26, , , , , 5, 17
2014/5/28, , , , , 5, 18
2014/5/31, , , , , 7, 9
2014/6/10, , , , , 7, 3
2013/12/31, , , , , , 12
2014/1/5, , , , , , 8
2014/1/14, , , , , 3, 
2014/1/17, , , , , 4, 26
2014/1/27, , , , , 4, 
2014/2/3, , , , , 4, 1
2014/2/8, , , , , 4, 
2014/2/16, , , , , 4, 
2014/2/23, , , , , , 
2014/3/10, , , , , , 
2014/3/23, , , , , 5, 
2014/10/3, , , , , , 11
2014/10/14, , , , , , 18
2014/10/20, , , , , , 17
2014/9/15, , , , , , 13
2014/9/29, , , , , , 12