date,state,pm2_5, pm10, o3,no2,so2, co,AQI
5/1/2020,Tamil Nadu,59, ,46,1,1,7,81.16666667
5/2/2020,Tamil Nadu,56, ,49,1,1,8,77.16666667
5/3/2020,Tamil Nadu,46, ,48,1,1,7,63.83333333
5/4/2020,Tamil Nadu,38, , , , , ,#VALUE!
4/1/2020,Tamil Nadu,116,50,47,4,2,4,162.1666667
4/2/2020,Tamil Nadu,84,72,52,3,2,4,118.25
4/3/2020,Tamil Nadu,80,127,53,3,1,4,111.6666667
4/4/2020,Tamil Nadu,78,39,52,4,2,5,111.5
4/5/2020,Tamil Nadu,84,53,39,3,2,5,118.25
4/6/2020,Tamil Nadu,53,51,41,3,2,4,76.91666667
4/7/2020,Tamil Nadu,49,139,41,3,2,4,71.58333333
4/8/2020,Tamil Nadu,55,133,41,5,2,4,82.08333333
4/9/2020,Tamil Nadu,50, ,36,4,1,4,72.91666667
4/10/2020,Tamil Nadu,54, ,40,4,1,4,78.25
4/11/2020,Tamil Nadu,69, ,41,5,1,6,99.5
4/12/2020,Tamil Nadu,70, ,48,6,1,7,102.0833333
4/13/2020,Tamil Nadu,84, ,54,3,2,5,118.25
4/14/2020,Tamil Nadu,74, ,45,1,2,4,102.4166667
4/15/2020,Tamil Nadu,53, ,45,2,2,4,75.66666667
4/16/2020,Tamil Nadu,47, ,42,3,2,4,68.91666667
4/17/2020,Tamil Nadu,34, ,41,4,1,6,51.58333333
4/18/2020,Tamil Nadu,44, ,47,4,1,5,64.91666667
4/19/2020,Tamil Nadu,44, ,49,2,2,4,63.66666667
4/20/2020,Tamil Nadu,45, ,51,3,1,6,65
4/21/2020,Tamil Nadu,67, ,45,6,1,4,98.08333333
4/22/2020,Tamil Nadu,65, ,43,9,1,4,99.16666667
4/23/2020,Tamil Nadu,41, ,45,7,2,5,65.91666667
4/24/2020,Tamil Nadu,36, ,45,9,1,7,60.5
4/25/2020,Tamil Nadu,60, ,48,4,1,8,86.25
4/26/2020,Tamil Nadu,67, ,46,5,1,8,96.83333333
4/27/2020,Tamil Nadu,46, ,48,3,1,7,66.33333333
4/28/2020,Tamil Nadu,31, ,48,4,1,6,47.58333333
4/29/2020,Tamil Nadu,49, ,51,8,1,6,76.58333333
4/30/2020,Tamil Nadu,53, ,44,2,1,8,74.41666667
3/1/2020,Tamil Nadu,115,53,20,10,19,11,189.5833333
3/2/2020,Tamil Nadu,136,52,20,6,29,8,225.0833333
3/3/2020,Tamil Nadu,84,53,17,9,5,14,129.5
3/4/2020,Tamil Nadu,74,29,22,8,2,10,111.1666667
3/5/2020,Tamil Nadu,60,23,24,5,1,8,87.5
3/6/2020,Tamil Nadu,82,23,12,5,1,8,116.8333333
3/7/2020,Tamil Nadu,87,24,19,3,3,7,123.5
3/8/2020,Tamil Nadu,79,27,16,6,2,8,115.3333333
3/9/2020,Tamil Nadu,114,36,24,3,2,3,158.25
3/10/2020,Tamil Nadu,108,35,32,5,3,4,154
3/11/2020,Tamil Nadu,57,37,28,5,3,3,86
3/12/2020,Tamil Nadu,64, , ,6,3,12,96.58333333
3/13/2020,Tamil Nadu,117,41,20,7,20,8,189.75
3/14/2020,Tamil Nadu,116,41,23,5,14,3,178.4166667
3/15/2020,Tamil Nadu,101,18,24,5,20,8,165.9166667
3/16/2020,Tamil Nadu,105,42,39,6,3,7,151.25
3/17/2020,Tamil Nadu,113,4,61,5,2,6,159.4166667
3/18/2020,Tamil Nadu,106,6,140,6,2,8,151.3333333
3/19/2020,Tamil Nadu,98,5,180,4,2,11,138.1666667
3/20/2020,Tamil Nadu,99,3,99,4,2,12,139.5
3/21/2020,Tamil Nadu,89,2,51,2,1,10,122.4166667
3/22/2020,Tamil Nadu,107,5,36,4,2,10,150.1666667
3/23/2020,Tamil Nadu,83,3,46,1,2,2,114.4166667
3/24/2020,Tamil Nadu,58,2,52, ,2,3,#VALUE!
3/25/2020,Tamil Nadu,59,2,57,1,3,3,83.66666667
3/26/2020,Tamil Nadu,71,2,50, ,1,4,#VALUE!
3/27/2020,Tamil Nadu,88, , , , ,5,#VALUE!
3/28/2020,Tamil Nadu,121,8,34,3,2,4,167.5833333
3/29/2020,Tamil Nadu,76,54,42,6,1,5,110.0833333
3/30/2020,Tamil Nadu,96,57,41,5,1,4,135.5
3/31/2020,Tamil Nadu,103,5,48,7,1,5,147.3333333
2/1/2020,Tamil Nadu,94,35,10,6,18,9,155.3333333
2/2/2020,Tamil Nadu,151,50,10,8,17,12,232.5833333
2/3/2020,Tamil Nadu,141,52,10,8,18,11,220.5
2/4/2020,Tamil Nadu,143,50,10,8,12,9,215.6666667
2/5/2020,Tamil Nadu,161,46,10,16,7,10,243.4166667
2/6/2020,Tamil Nadu,114,47,10,4,7,6,165.75
2/7/2020,Tamil Nadu,87,42,10,3,7,6,128.5
2/8/2020,Tamil Nadu,69,37,10,3,21,6,122
2/9/2020,Tamil Nadu,76,52,10,7,20,6,135.0833333
2/10/2020,Tamil Nadu,103,56,10,11,7,7,159.8333333
2/11/2020,Tamil Nadu,78,63,10,12,8,8,129
2/12/2020,Tamil Nadu,94,70,10,12,19,10,164.0833333
2/13/2020,Tamil Nadu,149,73,10,10,22,13,238.6666667
2/14/2020,Tamil Nadu,142,46,6,9,5,9,206.8333333
2/15/2020,Tamil Nadu,108,42,6,7,14,9,170.25
2/16/2020,Tamil Nadu,97,53,7,9,14,8,158.0833333
2/17/2020,Tamil Nadu,116,63,8,11,6,11,175.9166667
2/18/2020,Tamil Nadu,107,69,4,7,12,7,166.4166667
2/19/2020,Tamil Nadu,114,57,3,5,21,6,184.5
2/20/2020,Tamil Nadu,114,81,11,10,4,9,169.5
2/21/2020,Tamil Nadu,100,47,5,5,6,14,147.0833333
2/22/2020,Tamil Nadu,90,47,8,4,20,9,150
2/23/2020,Tamil Nadu,91,59,9,6,11,14,142.5833333
2/24/2020,Tamil Nadu,70,47,15,7,8,16,112.0833333
2/25/2020,Tamil Nadu,92,52,24,7,5,6,137.6666667
2/26/2020,Tamil Nadu,128,57,21,5,8,11,186.9166667
2/27/2020,Tamil Nadu,142,43,21,7,17,14,219.3333333
2/28/2020,Tamil Nadu,73,63,22,9,14,9,126.0833333
2/29/2020,Tamil Nadu,123,40,25,5,10,5,182.75
1/1/2020,Tamil Nadu,91,21,15,5,4,7,132.5833333
1/2/2020,Tamil Nadu,62,28,15,8,10,10,105.1666667
1/3/2020,Tamil Nadu,89,39,15,3,8,4,132.4166667
1/4/2020,Tamil Nadu,81,28,15,3,5,6,118
1/5/2020,Tamil Nadu,65,23,15,3,6,5,97.91666667
1/6/2020,Tamil Nadu,61,38,15,4,11,5,100.0833333
1/7/2020,Tamil Nadu,107,52,15,8,14,5,170.1666667
1/8/2020,Tamil Nadu,138,58,15,11,17,8,219
1/9/2020,Tamil Nadu,132,56,15,6,5,5,189.75
1/10/2020,Tamil Nadu,115,59,15,11,7,8,175.8333333
1/11/2020,Tamil Nadu,143,59,15,7,5,9,205.6666667
1/12/2020,Tamil Nadu,155,83,15,8,13,9,232.9166667
1/13/2020,Tamil Nadu,169,86,15,16,17,16,266.5833333
1/14/2020,Tamil Nadu,240,50,15,4,10,5,337.5
1/15/2020,Tamil Nadu,126,39,15,3,12,4,186.75
1/16/2020,Tamil Nadu,103,44,15,3,12,4,156.0833333
1/17/2020,Tamil Nadu,104,25,15,9,28,9,184.9166667
1/18/2020,Tamil Nadu,109,27,14,13,26,8,194.0833333
1/19/2020,Tamil Nadu,118,47,15,18,18,9,202.3333333
1/20/2020,Tamil Nadu,132,52,15,12,14,7,208.5
1/21/2020,Tamil Nadu,129,51,15,10,8,7,194.5
1/22/2020,Tamil Nadu,118,66,15,11,15,10,189.8333333
1/23/2020,Tamil Nadu,169,79,15,19,20,10,274.0833333
1/24/2020,Tamil Nadu,166,71,15,18,24,10,273.8333333
1/25/2020,Tamil Nadu,201,65,15,10,6,9,288
1/26/2020,Tamil Nadu,227,60,15,12,4,13,322.6666667
1/27/2020,Tamil Nadu,161,56,15,9,4,13,230.9166667
1/28/2020,Tamil Nadu,162,55,15,9,4,11,232.25
1/29/2020,Tamil Nadu,150,51,9,8,4,10,215
1/30/2020,Tamil Nadu,117,44,10,10,6,17,176
1/31/2020,Tamil Nadu,140,44,10,6,7,10,202.9166667
10/4/2019,Tamil Nadu,88, , ,3,3,2,124.8333333
10/5/2019,Tamil Nadu,44, , , , , ,#VALUE!
10/7/2019,Tamil Nadu,250, , ,14,2,5,353.3333333
10/8/2019,Tamil Nadu,137, , ,16,2,5,205.1666667
10/9/2019,Tamil Nadu,113, , ,15,2,5,171.9166667
10/10/2019,Tamil Nadu,102, , ,4,2,4,143.5
10/11/2019,Tamil Nadu,99, , ,5,2,4,140.75
10/12/2019,Tamil Nadu,163, , , , , ,#VALUE!
10/14/2019,Tamil Nadu,88, , ,4,2,6,124.8333333
10/15/2019,Tamil Nadu,84, , ,1,3,6,117
10/16/2019,Tamil Nadu,74, , ,1,3,7,103.6666667
10/17/2019,Tamil Nadu,84, , ,1,3,7,117
10/18/2019,Tamil Nadu,93, , ,1,5,28,131.5
10/19/2019,Tamil Nadu,72, , , , , ,#VALUE!
10/21/2019,Tamil Nadu,78, , ,2,2,7,109
10/22/2019,Tamil Nadu,95, , ,2,3,10,132.9166667
10/23/2019,Tamil Nadu,110, , ,17,3,7,171.6666667
10/24/2019,Tamil Nadu,101, , ,30,4,13,177.1666667
10/25/2019,Tamil Nadu,119, , ,36,7,20,212.4166667
10/26/2019,Tamil Nadu,199, , , , , ,#VALUE!
10/28/2019,Tamil Nadu,103, , ,21,2,8,166.0833333
10/29/2019,Tamil Nadu,116, , ,24,4,6,189.6666667
10/30/2019,Tamil Nadu,124, , ,25,2,10,199.0833333
10/31/2019,Tamil Nadu,312, , ,20,3,13,444.75
11/1/2019,Tamil Nadu,144, , ,2,4,10,199.5
11/2/2019,Tamil Nadu,44, , , , , ,#VALUE!
11/4/2019,Tamil Nadu,189, , ,9,6,12,270.75
11/5/2019,Tamil Nadu,184, , ,11,6,9,266.5833333
11/6/2019,Tamil Nadu,190, , ,10,4,7,270.8333333
11/7/2019,Tamil Nadu,202, , ,9,3,8,284.3333333
11/8/2019,Tamil Nadu,232, , ,6,1,6,318.0833333
11/9/2019,Tamil Nadu,323, , , , , ,#VALUE!
11/15/2019,Tamil Nadu,78,65,42,4,3,3,112.75
11/16/2019,Tamil Nadu,96,119,80,3,3,3,135.5
11/17/2019,Tamil Nadu,160,76,17,5,3,1,223.3333333
11/18/2019,Tamil Nadu,71,28,34,4,3,2,103.4166667
11/19/2019,Tamil Nadu,66,31,18,3,3,1,95.5
11/20/2019,Tamil Nadu,73,54,9,5,3,1,107.3333333
11/21/2019,Tamil Nadu,130,46,17,3,3,1,180.8333333
11/22/2019,Tamil Nadu,85,49,6,3,3,1,120.8333333
11/23/2019,Tamil Nadu,114,51,24,3,3,2,159.5
11/24/2019,Tamil Nadu,131,53,19,3,4,1,183.4166667
11/25/2019,Tamil Nadu,110,70,9,2,4,1,154.1666667
11/26/2019,Tamil Nadu,144,58,24,1,4,2,198.25
11/27/2019,Tamil Nadu,107,51,23,5,4,2,153.9166667
11/28/2019,Tamil Nadu,76,46,18,3,4,2,110.0833333
11/29/2019,Tamil Nadu,86,47,22,4,4,2,124.6666667
11/30/2019,Tamil Nadu,66,53,29,5,4,3,99.25
12/1/2019,Tamil Nadu,50,33,28,4,5,2,77.91666667
12/2/2019,Tamil Nadu,56,72,5,4,3,5,83.41666667
12/3/2019,Tamil Nadu,83,61,9,3,4,10,119.4166667
12/4/2019,Tamil Nadu,148,61,13,3,4,3,206.0833333
12/5/2019,Tamil Nadu,151,66,10,3,5,6,211.3333333
12/6/2019,Tamil Nadu,148,29,4,7,4,11,211.0833333
12/7/2019,Tamil Nadu,109,39,4,13,2,9,164.0833333
12/8/2019,Tamil Nadu,99,36,7,11,3,6,149.5
12/9/2019,Tamil Nadu,92, , ,8,5,5,138.9166667
12/10/2019,Tamil Nadu,114,27, ,11,5,8,172
12/11/2019,Tamil Nadu,106,34,11,6,5,5,155.0833333
12/12/2019,Tamil Nadu,87,40,15,5,5,5,128.5
12/13/2019,Tamil Nadu,98,42,15,8,9,6,151.9166667
12/14/2019,Tamil Nadu,124,35,15,6,4,4,177.8333333
12/15/2019,Tamil Nadu,93,29,15,8,3,8,137.75
12/16/2019,Tamil Nadu,84,50,15,9,3,5,127
12/17/2019,Tamil Nadu,133,42,16,10,5,5,196.0833333
12/18/2019,Tamil Nadu,131,50,16,10,7,6,195.9166667
12/19/2019,Tamil Nadu,145,64,15,10,6,8,213.3333333
12/20/2019,Tamil Nadu,164,62,15,12,13,8,249.9166667
12/21/2019,Tamil Nadu,167,51,15,11,17,8,257.6666667
12/22/2019,Tamil Nadu,152,51,15,13,5,9,225.1666667
12/23/2019,Tamil Nadu,160,65,15,4,3,3,222.0833333
12/24/2019,Tamil Nadu,127,48,15,14,8,12,196.8333333
12/25/2019,Tamil Nadu,150, , ,13,21,10,242.5
12/26/2019,Tamil Nadu,137,45,15,13,8,6,208.9166667
12/27/2019,Tamil Nadu,112,54,15,9,6,5,168.0833333
12/28/2019,Tamil Nadu,124,55,15,6,5,5,179.0833333
12/29/2019,Tamil Nadu,145, , , , , ,#VALUE!
7/1/2019,Tamil Nadu,119, , ,9,2,9,172.4166667
7/2/2019,Tamil Nadu,128, , ,10,7,9,191.9166667
7/3/2019,Tamil Nadu,127, , ,7,1,9,179.3333333
7/4/2019,Tamil Nadu,130, , ,8,1,11,184.5833333
7/5/2019,Tamil Nadu,120, , ,8,3,13,173.75
7/6/2019,Tamil Nadu,121, , ,7,2,9,172.5833333
7/7/2019,Tamil Nadu,131, , ,7,2,8,185.9166667
7/8/2019,Tamil Nadu,121, , ,8,2,8,173.8333333
7/9/2019,Tamil Nadu,115, , ,8,3,11,167.0833333
7/10/2019,Tamil Nadu,106, , ,9,3,10,156.3333333
7/11/2019,Tamil Nadu,115, , ,9,5,9,170.8333333
7/12/2019,Tamil Nadu,136, , ,6,3,10,192.5833333
7/13/2019,Tamil Nadu,100, , ,4,3,8,142.0833333
7/14/2019,Tamil Nadu,111, , ,8,3,9,161.75
7/15/2019,Tamil Nadu,109, , ,12,2,10,162.8333333
7/16/2019,Tamil Nadu,100, , ,14,2,14,153.3333333
7/17/2019,Tamil Nadu,126, , ,12,2,10,185.5
7/18/2019,Tamil Nadu,148, , ,11,5,10,217.3333333
7/19/2019,Tamil Nadu,117, , ,12,5,8,177.25
7/20/2019,Tamil Nadu,124, , ,9,1,11,177.8333333
7/21/2019,Tamil Nadu,116, , ,12,5,16,175.9166667
7/22/2019,Tamil Nadu,93, , ,12,9,13,150.25
7/23/2019,Tamil Nadu,105, , ,10,11,10,166.25
7/24/2019,Tamil Nadu,109, , ,10,6,10,165.3333333
7/25/2019,Tamil Nadu,112, , ,8,4,11,164.3333333
7/26/2019,Tamil Nadu,112, , ,9,3,10,164.3333333
7/27/2019,Tamil Nadu,124, , ,5,3,11,175.3333333
7/28/2019,Tamil Nadu,145, , ,4,2,10,200.8333333
7/29/2019,Tamil Nadu,127, , ,8,2,12,181.8333333
7/30/2019,Tamil Nadu,143, , ,13,2,8,209.4166667
7/31/2019,Tamil Nadu,146, , ,9,2,9,208.4166667
8/1/2019,Tamil Nadu,132, , ,12,2,10,193.5
8/2/2019,Tamil Nadu,130, , ,26,2,12,208.3333333
8/3/2019,Tamil Nadu,134, , ,42,3,11,234.9166667
8/4/2019,Tamil Nadu,124, , ,24,2,8,197.8333333
8/5/2019,Tamil Nadu,141, , ,19,3,9,215.5
8/6/2019,Tamil Nadu,124, , ,12,8,7,190.3333333
8/7/2019,Tamil Nadu,104, , ,12,4,16,158.6666667
8/8/2019,Tamil Nadu,112, , ,10,2,8,164.3333333
8/9/2019,Tamil Nadu,114, , ,11,10,7,178.25
8/10/2019,Tamil Nadu,105, , , , , ,#VALUE!
8/14/2019,Tamil Nadu,129, , ,9,12,12,198.25
8/15/2019,Tamil Nadu,78, , ,12,7,12,127.75
8/16/2019,Tamil Nadu,108, , ,14,8,9,171.5
8/17/2019,Tamil Nadu,104, , , , , ,#VALUE!
8/19/2019,Tamil Nadu,106, , ,13,7,15,166.3333333
8/20/2019,Tamil Nadu,103, , ,13,3,19,157.3333333
8/21/2019,Tamil Nadu,102, , ,12,8,11,161
8/22/2019,Tamil Nadu,130, , , , , ,#VALUE!
9/2/2019,Tamil Nadu,119, , ,11,3,18,176.1666667
9/3/2019,Tamil Nadu,126, , ,12,4,15,188
9/4/2019,Tamil Nadu,134, , ,13,4,12,199.9166667
9/5/2019,Tamil Nadu,102, , ,18,3,8,162.25
9/6/2019,Tamil Nadu,99, , ,16,6,11,159.5
9/7/2019,Tamil Nadu,75, , , , , ,#VALUE!
9/9/2019,Tamil Nadu,129, , ,3,3,2,179.5
9/10/2019,Tamil Nadu,121, , ,4,3,3,170.0833333
9/11/2019,Tamil Nadu,157, , ,3,3,2,216.8333333
9/12/2019,Tamil Nadu,98, , ,3,3,3,138.1666667
9/13/2019,Tamil Nadu,107, , ,3,4,2,151.4166667
9/14/2019,Tamil Nadu,140, , , , , ,#VALUE!
9/17/2019,Tamil Nadu,106, , ,3,4,5,150.0833333
9/18/2019,Tamil Nadu,119, , ,3,3,6,166.1666667
9/19/2019,Tamil Nadu,108, , ,4,4,6,154
9/20/2019,Tamil Nadu,151, , ,5,7,4,216.3333333
9/21/2019,Tamil Nadu,121, , , , , ,#VALUE!
4/1/2019,Tamil Nadu,165, , ,8,4,9,235
4/2/2019,Tamil Nadu,153, , ,8,5,9,220.25
4/3/2019,Tamil Nadu,124, , ,8,3,11,179.0833333
4/4/2019,Tamil Nadu,69, , ,8,4,10,107
4/5/2019,Tamil Nadu,75, , ,9,5,10,117.5
4/6/2019,Tamil Nadu,63, , ,9,5,8,101.5
4/7/2019,Tamil Nadu,54, , ,9,5,9,89.5
4/8/2019,Tamil Nadu,67, , ,9,5,9,106.8333333
4/9/2019,Tamil Nadu,68, , ,9,5,10,108.1666667
4/10/2019,Tamil Nadu,89, , ,9,5,10,136.1666667
4/11/2019,Tamil Nadu,144, , ,9,4,10,208.25
4/12/2019,Tamil Nadu,108, , ,8,5,9,160.25
4/13/2019,Tamil Nadu,107, , ,8,5,8,158.9166667
4/14/2019,Tamil Nadu,94, , ,8,5,9,141.5833333
4/15/2019,Tamil Nadu,74, , ,8,5,10,114.9166667
4/16/2019,Tamil Nadu,78, , ,8,5,9,120.25
4/17/2019,Tamil Nadu,76, , ,8,5,9,117.5833333
4/18/2019,Tamil Nadu,60, , ,9,5,10,97.5
4/19/2019,Tamil Nadu,69, , ,9,5,9,109.5
4/20/2019,Tamil Nadu,68, , ,8,5,9,106.9166667
4/21/2019,Tamil Nadu,53, , ,10,4,7,88.16666667
4/22/2019,Tamil Nadu,69, , ,10,4,9,109.5
4/23/2019,Tamil Nadu,78, , ,10,4,10,121.5
4/24/2019,Tamil Nadu,71, , ,10,5,10,113.4166667
4/25/2019,Tamil Nadu,86, , ,9,3,9,129.6666667
4/26/2019,Tamil Nadu,93, , ,9,5,11,141.5
4/27/2019,Tamil Nadu,68, , ,9,4,10,106.9166667
4/28/2019,Tamil Nadu,71, , ,9,5,10,112.1666667
4/29/2019,Tamil Nadu,61, , ,9,4,11,97.58333333
4/30/2019,Tamil Nadu,94, , ,9,4,14,141.5833333
5/1/2019,Tamil Nadu,50, , ,9,5,11,84.16666667
5/2/2019,Tamil Nadu,57, , ,10,4,10,93.5
5/3/2019,Tamil Nadu,52, , ,9,3,10,84.33333333
5/4/2019,Tamil Nadu,100, , ,9,4,10,149.5833333
5/5/2019,Tamil Nadu,129, , ,9,5,8,189.5
5/6/2019,Tamil Nadu,99, , ,10,5,11,150.75
5/7/2019,Tamil Nadu,121, , ,8,4,11,176.3333333
5/8/2019,Tamil Nadu,122, , ,7,4,12,176.4166667
5/9/2019,Tamil Nadu,119, , ,7,4,12,172.4166667
5/10/2019,Tamil Nadu,134, , ,44,5,10,239.9166667
5/11/2019,Tamil Nadu,184, , ,27,5,9,285.3333333
5/12/2019,Tamil Nadu,166, , ,26,5,10,260.0833333
5/13/2019,Tamil Nadu,178, , ,21,4,11,268.5833333
5/14/2019,Tamil Nadu,159, , ,7,5,9,227
5/15/2019,Tamil Nadu,163, , ,5,5,8,229.8333333
5/16/2019,Tamil Nadu,151, , , , , ,#VALUE!
5/23/2019,Tamil Nadu,195, , ,4,5,10,271.25
5/24/2019,Tamil Nadu,164, , ,4,5,11,229.9166667
5/25/2019,Tamil Nadu,158, , ,5,5,10,223.1666667
5/26/2019,Tamil Nadu,162, , ,4,5,12,227.25
5/27/2019,Tamil Nadu,160, , ,5,5,11,225.8333333
5/28/2019,Tamil Nadu,160, , ,6,5,11,227.0833333
5/29/2019,Tamil Nadu,170, , ,5,6,9,240.4166667
5/30/2019,Tamil Nadu,178, , ,7,5,8,252.3333333
5/31/2019,Tamil Nadu,153, , ,6,5,8,217.75
6/1/2019,Tamil Nadu,139, , ,6,5,6,199.0833333
6/2/2019,Tamil Nadu,149, , ,4,7,8,212.4166667
6/3/2019,Tamil Nadu,139, , ,3,6,9,196.5833333
6/4/2019,Tamil Nadu,151, , ,3,7,7,213.8333333
6/5/2019,Tamil Nadu,136, , ,4,6,7,193.8333333
6/6/2019,Tamil Nadu,124, , ,5,6,7,179.0833333
6/7/2019,Tamil Nadu,111, , ,3,5,7,158
6/8/2019,Tamil Nadu,149, , ,3,5,6,208.6666667
6/9/2019,Tamil Nadu,126, , ,17,4,9,194.25
6/10/2019,Tamil Nadu,135, , ,17,1,10,202.5
6/11/2019,Tamil Nadu,130, , ,9,3,9,188.3333333
6/12/2019,Tamil Nadu,142, , ,8,1,8,200.5833333
6/13/2019,Tamil Nadu,129, , ,19,3,11,199.5
6/14/2019,Tamil Nadu,117, , ,11,3,10,173.5
6/15/2019,Tamil Nadu,131, , ,10,7,10,195.9166667
6/16/2019,Tamil Nadu,119, , ,12,9,9,184.9166667
6/17/2019,Tamil Nadu,130, , ,12,7,12,197.0833333
6/18/2019,Tamil Nadu,140, , ,12,10,11,214.1666667
6/19/2019,Tamil Nadu,142, , ,12,8,10,214.3333333
6/20/2019,Tamil Nadu,135, , ,15,4,13,203.75
6/21/2019,Tamil Nadu,133, , ,11,5,11,197.3333333
6/22/2019,Tamil Nadu,122, , ,11,1,12,177.6666667
6/23/2019,Tamil Nadu,95, , ,13,1,10,144.1666667
6/24/2019,Tamil Nadu,104, , ,29,1,10,176.1666667
6/25/2019,Tamil Nadu,177, , , , , ,#VALUE!
6/29/2019,Tamil Nadu,175, , ,11,5,14,253.3333333
6/30/2019,Tamil Nadu,184, , ,10,1,13,259.0833333
1/1/2019,Tamil Nadu,231, , ,6,9,11,326.75
1/2/2019,Tamil Nadu,123, , ,5,7,11,179
1/3/2019,Tamil Nadu,212, , ,6,13,11,306.4166667
1/4/2019,Tamil Nadu,154, , ,5,7,11,220.3333333
1/5/2019,Tamil Nadu,154, , ,5,11,10,225.3333333
1/6/2019,Tamil Nadu,215, , ,5,10,10,305.4166667
1/7/2019,Tamil Nadu,160, , ,5,10,10,232.0833333
1/8/2019,Tamil Nadu,109, , ,5,11,11,165.3333333
1/9/2019,Tamil Nadu,214, , ,5,11,10,305.3333333
1/10/2019,Tamil Nadu,206, , ,5,14,10,298.4166667
1/11/2019,Tamil Nadu,299, , ,5,6,10,412.4166667
1/12/2019,Tamil Nadu,154, , ,5,7,11,220.3333333
1/13/2019,Tamil Nadu,46, , ,5,14,10,85.08333333
1/14/2019,Tamil Nadu,88, , ,4,15,10,141.0833333
1/15/2019,Tamil Nadu,60, , ,5,13,10,102.5
1/16/2019,Tamil Nadu,94, , ,5,15,11,150.3333333
1/17/2019,Tamil Nadu,160, , ,4,17,10,239.5833333
1/18/2019,Tamil Nadu,172, , , , , ,#VALUE!
1/21/2019,Tamil Nadu,168, , ,5,16,9,250.25
1/22/2019,Tamil Nadu,115, , ,5,17,9,180.8333333
1/23/2019,Tamil Nadu,84, , ,5,17,11,139.5
1/24/2019,Tamil Nadu,146, , ,5,5,9,207.1666667
1/25/2019,Tamil Nadu,105, , ,5,5,9,152.5
1/26/2019,Tamil Nadu,91, , ,5,9,9,138.8333333
1/27/2019,Tamil Nadu,78, , ,5,17,9,131.5
1/28/2019,Tamil Nadu,86, , ,5,10,10,133.4166667
1/29/2019,Tamil Nadu,143, , ,5,6,9,204.4166667
1/30/2019,Tamil Nadu,165, , ,5,9,10,237.5
1/31/2019,Tamil Nadu,237, , ,5,23,10,351
2/1/2019,Tamil Nadu,152, , ,5,18,10,231.4166667
2/2/2019,Tamil Nadu,145, , ,5,6,9,207.0833333
2/3/2019,Tamil Nadu,115, , ,5,4,10,164.5833333
2/4/2019,Tamil Nadu,151, , ,5,3,9,211.3333333
2/5/2019,Tamil Nadu,158, , ,5,5,9,223.1666667
2/6/2019,Tamil Nadu,183, , ,5,6,9,257.75
2/7/2019,Tamil Nadu,140, , ,5,6,9,200.4166667
2/8/2019,Tamil Nadu,28, , ,4,7,9,51.08333333
2/9/2019,Tamil Nadu,21, , , , , ,#VALUE!
2/13/2019,Tamil Nadu,169, , ,5,10,9,244.0833333
2/14/2019,Tamil Nadu,203, , ,4,12,9,290.6666667
2/15/2019,Tamil Nadu,130, , ,5,4,10,184.5833333
2/16/2019,Tamil Nadu,132, , ,5,6,10,189.75
2/17/2019,Tamil Nadu,103, , ,4,10,10,154.8333333
2/18/2019,Tamil Nadu,107, , ,5,8,10,158.9166667
2/19/2019,Tamil Nadu,92, , ,5,27,9,162.6666667
2/20/2019,Tamil Nadu,73, , ,5,24,10,133.5833333
2/21/2019,Tamil Nadu,125, , ,5,27,9,206.6666667
2/22/2019,Tamil Nadu,116, , ,4,15,10,178.4166667
2/23/2019,Tamil Nadu,80, , ,5,8,10,122.9166667
2/24/2019,Tamil Nadu,136, , ,4,6,10,193.8333333
2/25/2019,Tamil Nadu,145, , ,4,8,9,208.3333333
2/26/2019,Tamil Nadu,127, , ,4,8,9,184.3333333
2/27/2019,Tamil Nadu,93, , ,3,8,6,137.75
2/28/2019,Tamil Nadu,102, , ,4,12,7,156
3/1/2019,Tamil Nadu,113, , ,21,37,7,223.1666667
3/2/2019,Tamil Nadu,104, , ,16,27,7,192.4166667
3/3/2019,Tamil Nadu,118, , ,8,4,8,172.3333333
3/4/2019,Tamil Nadu,123, , ,66,19,7,270.25
3/5/2019,Tamil Nadu,159, , ,10,11,7,238.25
3/6/2019,Tamil Nadu,171, , ,15,1,8,248
3/7/2019,Tamil Nadu,149, , ,9,3,7,213.6666667
3/8/2019,Tamil Nadu,141, , ,16,2,8,210.5
3/9/2019,Tamil Nadu,141, , ,61,6,7,271.75
3/10/2019,Tamil Nadu,114, , ,13,9,7,179.5
3/11/2019,Tamil Nadu,122, , ,19,11,7,200.1666667
3/12/2019,Tamil Nadu,166, , ,20,8,7,256.3333333
3/13/2019,Tamil Nadu,204, , ,15,6,7,298.25
3/14/2019,Tamil Nadu,149, , ,17,6,7,227.4166667
3/15/2019,Tamil Nadu,126, , ,20,13,7,209.25
3/16/2019,Tamil Nadu,119, , ,14,12,7,191.1666667
3/17/2019,Tamil Nadu,151, , ,33,7,8,251.3333333
3/18/2019,Tamil Nadu,70, , ,30,3,5,134.5833333
3/19/2019,Tamil Nadu,123, , ,22, ,6,#VALUE!
3/20/2019,Tamil Nadu,191, , ,11,3,6,272.1666667
3/21/2019,Tamil Nadu,166, , ,10,10,6,246.3333333
3/22/2019,Tamil Nadu,148, , ,14,6,5,222.3333333
3/23/2019,Tamil Nadu,134, , ,21,5,6,211.1666667
3/24/2019,Tamil Nadu,147, , ,13,5,6,218.5
3/25/2019,Tamil Nadu,136, , ,22,6,9,216.3333333
3/26/2019,Tamil Nadu,137, , ,9,4,6,198.9166667
3/27/2019,Tamil Nadu,124, , ,9,5,6,182.8333333
3/28/2019,Tamil Nadu,136, , ,9,4,6,197.5833333
3/29/2019,Tamil Nadu,119, , ,9,5,6,176.1666667
3/30/2019,Tamil Nadu,127, , ,9,4,9,185.5833333
3/31/2019,Tamil Nadu,142, , ,8,5,11,205.5833333
10/1/2018,Tamil Nadu,101, , ,5,4,9,145.9166667
10/2/2018,Tamil Nadu,110, , ,4,3,8,155.4166667
10/3/2018,Tamil Nadu,94, , ,6,2,7,135.3333333
10/4/2018,Tamil Nadu,88, , ,5,2,7,126.0833333
10/5/2018,Tamil Nadu,93, , ,5,4,9,135.25
10/6/2018,Tamil Nadu,77, , ,5,2,8,111.4166667
10/7/2018,Tamil Nadu,127, , ,5,3,8,179.3333333
10/8/2018,Tamil Nadu,120, , ,7,2,9,171.25
10/9/2018,Tamil Nadu,169, , ,8,2,8,237.8333333
10/10/2018,Tamil Nadu,180, , ,7,2,9,251.25
10/11/2018,Tamil Nadu,175, , ,5,3,8,243.3333333
10/12/2018,Tamil Nadu,129, , ,4,2,8,179.5
10/13/2018,Tamil Nadu,116, , ,5,5,8,167.1666667
10/14/2018,Tamil Nadu,109, , ,4,3,8,154.0833333
10/15/2018,Tamil Nadu,115, , ,5,3,8,163.3333333
10/16/2018,Tamil Nadu,95, , ,5,2,9,135.4166667
10/17/2018,Tamil Nadu,111, , ,5,2,9,156.75
10/18/2018,Tamil Nadu,94, , ,5,3,8,135.3333333
10/19/2018,Tamil Nadu,124, , ,6,2,8,175.3333333
10/20/2018,Tamil Nadu,151, , ,4,3,9,210.0833333
10/21/2018,Tamil Nadu,154, , ,5,5,9,217.8333333
10/22/2018,Tamil Nadu,140, , ,6,2,8,196.6666667
10/23/2018,Tamil Nadu,138, , ,6,3,8,195.25
10/24/2018,Tamil Nadu,163, , ,5,2,9,226.0833333
10/25/2018,Tamil Nadu,162, , ,5,4,9,227.25
10/26/2018,Tamil Nadu,146, , ,6,11,9,215.9166667
10/27/2018,Tamil Nadu,153, , ,6,2,8,214
10/28/2018,Tamil Nadu,161, , ,6,3,9,225.9166667
10/29/2018,Tamil Nadu,159, , ,5,2,8,220.75
10/30/2018,Tamil Nadu,115, , ,6,2,7,163.3333333
10/31/2018,Tamil Nadu,94, , ,6,1,9,134.0833333
11/1/2018,Tamil Nadu,104, , ,4,1,7,144.9166667
11/2/2018,Tamil Nadu,94, , ,5,2,7,134.0833333
11/3/2018,Tamil Nadu,87, , ,4,31,7,159.75
11/4/2018,Tamil Nadu,95, , ,7,11,10,149.1666667
11/5/2018,Tamil Nadu,103, , ,7,8,12,156.0833333
11/6/2018,Tamil Nadu,117, , ,8,10,9,178.5
11/7/2018,Tamil Nadu,141, , ,7,6,10,204.25
11/8/2018,Tamil Nadu,107, , ,7,2,11,153.9166667
11/9/2018,Tamil Nadu,147, , ,11,2,11,212.25
11/10/2018,Tamil Nadu,167, , ,8,11,10,246.4166667
11/11/2018,Tamil Nadu,149, , ,8,2,11,211.1666667
11/12/2018,Tamil Nadu,177, , ,8,4,12,251
11/13/2018,Tamil Nadu,208, , ,6,5,11,291.0833333
11/14/2018,Tamil Nadu,178, , ,6,5,10,251.0833333
11/15/2018,Tamil Nadu,115, , ,5,10,11,172.0833333
11/16/2018,Tamil Nadu,67, , ,5,5,17,101.8333333
11/17/2018,Tamil Nadu,91, , ,6,10,11,141.3333333
11/18/2018,Tamil Nadu,75, , ,5,12,8,121.25
11/19/2018,Tamil Nadu,80, , ,6,6,10,121.6666667
11/20/2018,Tamil Nadu,133, , ,5,6,11,191.0833333
11/21/2018,Tamil Nadu,83, , ,6,6,11,125.6666667
11/22/2018,Tamil Nadu,74, , ,5,5,12,111.1666667
11/23/2018,Tamil Nadu,125, , ,5,4,11,177.9166667
11/24/2018,Tamil Nadu,178, , ,5,2,10,246.0833333
11/25/2018,Tamil Nadu,192, , ,6,3,10,267.25
11/26/2018,Tamil Nadu,176, , ,6,4,11,247.1666667
11/27/2018,Tamil Nadu,138, , ,5,6,10,197.75
11/28/2018,Tamil Nadu,128, , ,5,5,9,183.1666667
11/29/2018,Tamil Nadu,142, , ,5,12,10,210.5833333
11/30/2018,Tamil Nadu,138, , ,5,10,10,202.75
12/1/2018,Tamil Nadu,160, , ,5,9,10,230.8333333
12/2/2018,Tamil Nadu,101, , ,6,7,10,150.9166667
12/3/2018,Tamil Nadu,111, , ,6,5,11,161.75
12/4/2018,Tamil Nadu,78, , ,5,5,11,116.5
12/5/2018,Tamil Nadu,90, , ,6,5,7,133.75
12/6/2018,Tamil Nadu,108, , ,5,4,11,155.25
12/7/2018,Tamil Nadu,177, , ,5,3,13,246
12/8/2018,Tamil Nadu,181, , ,5,3,11,251.3333333
12/9/2018,Tamil Nadu,187, , ,5,4,13,260.5833333
12/10/2018,Tamil Nadu,183, , ,5,6,12,257.75
12/11/2018,Tamil Nadu,173, , , , , ,#VALUE!
12/15/2018,Tamil Nadu,176, , ,6,5,12,248.4166667
12/16/2018,Tamil Nadu,147, , ,5,6,12,209.75
12/17/2018,Tamil Nadu,127, , ,5,7,12,184.3333333
12/18/2018,Tamil Nadu,158, , ,5,7,14,225.6666667
12/19/2018,Tamil Nadu,100, , ,5,8,12,149.5833333
12/20/2018,Tamil Nadu,123, , ,5,6,9,177.75
12/21/2018,Tamil Nadu,122, , ,5,6,10,176.4166667
12/22/2018,Tamil Nadu,147, , ,5,5,10,208.5
12/23/2018,Tamil Nadu,176, , ,5,8,10,250.9166667
12/24/2018,Tamil Nadu,169, , ,5,10,10,244.0833333
12/25/2018,Tamil Nadu,175, , ,5,3,10,243.3333333
12/26/2018,Tamil Nadu,180, , ,5,16,10,266.25
12/27/2018,Tamil Nadu,166, , ,5,9,10,238.8333333
12/28/2018,Tamil Nadu,170, , ,5,8,10,242.9166667
12/29/2018,Tamil Nadu,173, , ,5,5,10,243.1666667
12/30/2018,Tamil Nadu,161, , , , , ,#VALUE!
7/1/2018,Tamil Nadu,154, , ,11,3,9,222.8333333
7/2/2018,Tamil Nadu,175, , ,10,4,9,250.8333333
7/3/2018,Tamil Nadu,128, , ,11,3,9,188.1666667
7/4/2018,Tamil Nadu,118, , ,10,2,9,172.3333333
7/5/2018,Tamil Nadu,113, , ,11,4,9,169.4166667
7/6/2018,Tamil Nadu,157, , ,11,2,9,225.5833333
7/7/2018,Tamil Nadu,126, , ,11,4,9,186.75
7/8/2018,Tamil Nadu,137, , ,10,3,8,198.9166667
7/9/2018,Tamil Nadu,132, , ,11,3,8,193.5
7/10/2018,Tamil Nadu,124, , ,11,4,8,184.0833333
7/11/2018,Tamil Nadu,106, , ,11,4,9,160.0833333
7/12/2018,Tamil Nadu,101, , ,11,3,8,152.1666667
7/13/2018,Tamil Nadu,101, , ,11,3,8,152.1666667
7/14/2018,Tamil Nadu,118, , ,11,3,8,174.8333333
7/15/2018,Tamil Nadu,140, , ,10,4,7,204.1666667
7/16/2018,Tamil Nadu,125, , ,10,5,9,185.4166667
7/17/2018,Tamil Nadu,119, , ,12,8,9,183.6666667
7/18/2018,Tamil Nadu,118, , ,11,4,8,176.0833333
7/19/2018,Tamil Nadu,142, , ,10,4,8,206.8333333
7/20/2018,Tamil Nadu,127, , ,11,4,9,188.0833333
7/21/2018,Tamil Nadu,133, , ,10,6,9,197.3333333
7/22/2018,Tamil Nadu,149, , ,11,6,8,219.9166667
7/23/2018,Tamil Nadu,135, , ,11,4,8,198.75
7/24/2018,Tamil Nadu,127, , ,11,6,8,190.5833333
7/25/2018,Tamil Nadu,111, , ,10,10,9,173
7/26/2018,Tamil Nadu,117, , ,14,3,9,177.25
7/27/2018,Tamil Nadu,115, , ,14,4,9,175.8333333
7/28/2018,Tamil Nadu,145, , ,13,9,9,220.8333333
7/29/2018,Tamil Nadu,146, , ,13,5,8,217.1666667
7/30/2018,Tamil Nadu,129, , ,14,3,8,193.25
7/31/2018,Tamil Nadu,147, , ,13,3,8,216
8/1/2018,Tamil Nadu,128, , ,13,4,8,191.9166667
8/2/2018,Tamil Nadu,118, , ,13,6,8,181.0833333
8/3/2018,Tamil Nadu,129, , ,13,3,8,192
8/4/2018,Tamil Nadu,134, , ,13,3,8,198.6666667
8/5/2018,Tamil Nadu,156, , ,13,3,8,228
8/6/2018,Tamil Nadu,156, , ,12,3,8,226.75
8/7/2018,Tamil Nadu,121, , ,14,3,8,182.5833333
8/8/2018,Tamil Nadu,101, , ,11,4,8,153.4166667
8/9/2018,Tamil Nadu,101, , ,14,4,8,157.1666667
8/10/2018,Tamil Nadu,131, , ,14,4,8,197.1666667
8/11/2018,Tamil Nadu,96, , ,12,2,9,145.5
8/12/2018,Tamil Nadu,87, , ,10,3,9,132.25
8/13/2018,Tamil Nadu,113, , ,8,3,8,164.4166667
8/14/2018,Tamil Nadu,107, , ,8,3,10,156.4166667
8/15/2018,Tamil Nadu,48, , ,7,14,9,90.25
8/16/2018,Tamil Nadu,89, , ,9,13,9,146.1666667
8/17/2018,Tamil Nadu,162, , ,10,12,9,243.5
8/18/2018,Tamil Nadu,145, , ,8,13,8,219.5833333
8/19/2018,Tamil Nadu,144, , ,10,12,9,219.5
8/20/2018,Tamil Nadu,178, , ,8,12,8,262.3333333
8/21/2018,Tamil Nadu,204, , ,9,12,8,298.25
8/22/2018,Tamil Nadu,153, , ,8,13,8,230.25
8/23/2018,Tamil Nadu,120, , ,8,11,14,183.75
8/24/2018,Tamil Nadu,131, , ,8,11,8,198.4166667
8/25/2018,Tamil Nadu,158, , ,8,12,8,235.6666667
8/26/2018,Tamil Nadu,113, , ,10,10,9,175.6666667
8/27/2018,Tamil Nadu,124, , ,8,12,7,190.3333333
8/28/2018,Tamil Nadu,106, , ,11,11,8,168.8333333
8/29/2018,Tamil Nadu,98, , ,7,10,8,151.9166667
8/30/2018,Tamil Nadu,97, , ,7,12,8,153.0833333
8/31/2018,Tamil Nadu,88, , ,9,11,8,142.3333333
9/1/2018,Tamil Nadu,102, , ,9,14,8,164.75
9/2/2018,Tamil Nadu,146, , ,7,11,9,217.1666667
9/3/2018,Tamil Nadu,107, , ,7,12,7,166.4166667
9/4/2018,Tamil Nadu,137, , ,6,7,8,198.9166667
9/5/2018,Tamil Nadu,138, , ,6,1,8,192.75
9/6/2018,Tamil Nadu,136, , ,7,5,8,196.3333333
9/7/2018,Tamil Nadu,128, , ,7,15,8,198.1666667
9/8/2018,Tamil Nadu,128, , ,7,2,8,181.9166667
9/9/2018,Tamil Nadu,96, , ,7,2,9,139.25
9/10/2018,Tamil Nadu,136, , ,7,3,8,193.8333333
9/11/2018,Tamil Nadu,96, , ,2,2,8,133
9/12/2018,Tamil Nadu,165, , , , , ,#VALUE!
9/14/2018,Tamil Nadu,182, , ,7,4,8,256.4166667
9/15/2018,Tamil Nadu,138, , ,8,2,8,196.5
9/16/2018,Tamil Nadu,160, , ,11,3,10,230.8333333
9/17/2018,Tamil Nadu,114, , ,10,2,8,167
9/18/2018,Tamil Nadu,139, , ,7,1,9,195.3333333
9/19/2018,Tamil Nadu,88, , ,10,3,10,133.5833333
9/20/2018,Tamil Nadu,156, , ,7,2,7,219.25
9/21/2018,Tamil Nadu,148, , ,11,2,8,213.5833333
9/22/2018,Tamil Nadu,163, , ,7,3,8,229.8333333
9/23/2018,Tamil Nadu,171, , ,5,2,9,236.75
9/24/2018,Tamil Nadu,150, , ,7,2,8,211.25
9/25/2018,Tamil Nadu,236, , , , , ,#VALUE!
9/27/2018,Tamil Nadu,138, , ,5,3,9,194
9/28/2018,Tamil Nadu,93, , ,5,3,8,134
9/29/2018,Tamil Nadu,93, , ,5,4,9,135.25
9/30/2018,Tamil Nadu,90, , ,5,2,8,128.75
4/1/2018,Tamil Nadu,145, , ,7,5,6,208.3333333
4/2/2018,Tamil Nadu,103, , ,6,4,6,149.8333333
4/3/2018,Tamil Nadu,123, , ,6,4,6,176.5
4/4/2018,Tamil Nadu,118, , ,6,6,5,172.3333333
4/5/2018,Tamil Nadu,121, , ,7,5,6,176.3333333
4/6/2018,Tamil Nadu,140, , ,6,3,5,197.9166667
4/7/2018,Tamil Nadu,139, , ,5,10,6,204.0833333
4/8/2018,Tamil Nadu,114, , ,11,33,6,207
4/9/2018,Tamil Nadu,124, , ,4,32,9,210.3333333
4/10/2018,Tamil Nadu,129, , ,5,22,9,205.75
4/11/2018,Tamil Nadu,121, , ,4,4,8,171.3333333
4/12/2018,Tamil Nadu,104, , ,6,3,9,149.9166667
4/13/2018,Tamil Nadu,104, , ,5,2,9,147.4166667
4/14/2018,Tamil Nadu,101, , ,5,2,8,143.4166667
4/15/2018,Tamil Nadu,87, , ,5,2,8,124.75
4/16/2018,Tamil Nadu,95, , ,5,1,9,134.1666667
4/17/2018,Tamil Nadu,103, , ,5,2,8,146.0833333
4/18/2018,Tamil Nadu,110, , ,5,1,9,154.1666667
4/19/2018,Tamil Nadu,109, , ,5,2,7,154.0833333
4/20/2018,Tamil Nadu,106, , ,5,1,8,148.8333333
4/21/2018,Tamil Nadu,104, , ,5,1,8,146.1666667
4/22/2018,Tamil Nadu,77, , ,5,1,7,110.1666667
4/23/2018,Tamil Nadu,93, , ,7,2,8,135.25
4/24/2018,Tamil Nadu,115, , ,5,1,8,160.8333333
4/25/2018,Tamil Nadu,92, , ,6,2,7,132.6666667
4/26/2018,Tamil Nadu,94, , ,11,3,8,142.8333333
4/27/2018,Tamil Nadu,97, , ,13,2,7,148.0833333
4/28/2018,Tamil Nadu,86, , ,13,2,7,133.4166667
4/29/2018,Tamil Nadu,87, , ,14,1,9,134.75
4/30/2018,Tamil Nadu,87, , ,12,2,44,133.5
5/1/2018,Tamil Nadu,103, , ,24,9,10,178.5833333
5/2/2018,Tamil Nadu,112, , ,19,5,7,179.3333333
5/3/2018,Tamil Nadu,109, , ,77,2,7,244.0833333
5/4/2018,Tamil Nadu,153, , ,49,2,8,267.75
5/5/2018,Tamil Nadu,86, , ,11,3,8,132.1666667
5/6/2018,Tamil Nadu,97, , ,12,5,8,150.5833333
5/7/2018,Tamil Nadu,117, , ,10,8,7,178.5
5/8/2018,Tamil Nadu,80, , , , , ,#VALUE!
5/10/2018,Tamil Nadu,69, , ,14,3,8,113.25
5/11/2018,Tamil Nadu,82, , ,12,4,8,129.3333333
5/12/2018,Tamil Nadu,73, , ,10,3,8,113.5833333
5/13/2018,Tamil Nadu,77, , ,11,3,8,120.1666667
5/14/2018,Tamil Nadu,74, , ,12,4,8,118.6666667
5/15/2018,Tamil Nadu,76, , ,13,6,8,125.0833333
5/16/2018,Tamil Nadu,89, , ,12,5,8,139.9166667
5/17/2018,Tamil Nadu,84, , ,13,4,8,133.25
5/18/2018,Tamil Nadu,107, , ,12,4,8,162.6666667
5/19/2018,Tamil Nadu,93, , ,12,5,8,145.25
5/20/2018,Tamil Nadu,85, , ,11,4,8,132.0833333
5/21/2018,Tamil Nadu,88, , ,17,4,8,143.5833333
5/22/2018,Tamil Nadu,109, , ,11,3,8,162.8333333
5/23/2018,Tamil Nadu,97, , ,11,4,8,148.0833333
5/24/2018,Tamil Nadu,97, , ,10,3,8,145.5833333
5/25/2018,Tamil Nadu,79, , ,10,4,9,122.8333333
5/26/2018,Tamil Nadu,86, , ,10,2,8,129.6666667
5/27/2018,Tamil Nadu,120, , ,9,2,8,173.75
5/28/2018,Tamil Nadu,96, , ,10,3,8,144.25
5/29/2018,Tamil Nadu,92, , ,10,3,8,138.9166667
5/30/2018,Tamil Nadu,99, , ,11,3,9,149.5
5/31/2018,Tamil Nadu,115, , ,12,2,8,170.8333333
6/1/2018,Tamil Nadu,112, , ,11,2,8,165.5833333
6/2/2018,Tamil Nadu,133, , ,11,4,8,196.0833333
6/3/2018,Tamil Nadu,108, , ,11,3,8,161.5
6/4/2018,Tamil Nadu,103, , ,12,3,8,156.0833333
6/5/2018,Tamil Nadu,93, , ,12,3,8,142.75
6/6/2018,Tamil Nadu,70, , ,12,2,8,110.8333333
6/7/2018,Tamil Nadu,74, , ,11,3,8,116.1666667
6/8/2018,Tamil Nadu,109, , ,10,3,7,161.5833333
6/9/2018,Tamil Nadu,102, , ,10,4,8,153.5
6/10/2018,Tamil Nadu,61, , ,12,3,7,100.0833333
6/11/2018,Tamil Nadu,73, , ,12,3,8,116.0833333
6/12/2018,Tamil Nadu,68, , ,19,3,9,118.1666667
6/13/2018,Tamil Nadu,83, , ,12,3,8,129.4166667
6/14/2018,Tamil Nadu,93, , ,11,3,9,141.5
6/15/2018,Tamil Nadu,122, , ,10,2,8,177.6666667
6/16/2018,Tamil Nadu,98, , ,11,3,8,148.1666667
6/17/2018,Tamil Nadu,123, , ,11,3,8,181.5
6/18/2018,Tamil Nadu,103, , ,10,3,9,153.5833333
6/19/2018,Tamil Nadu,92, , ,11,3,8,140.1666667
6/20/2018,Tamil Nadu,106, , ,11,3,8,158.8333333
6/21/2018,Tamil Nadu,134, , ,11,3,9,196.1666667
6/22/2018,Tamil Nadu,125, , ,11,2,9,182.9166667
6/23/2018,Tamil Nadu,129, , ,11,3,9,189.5
6/24/2018,Tamil Nadu,113, , ,12,3,8,169.4166667
6/25/2018,Tamil Nadu,127, , ,13,3,8,189.3333333
6/26/2018,Tamil Nadu,129, , ,12,3,8,190.75
6/27/2018,Tamil Nadu,136, , ,12,3,8,200.0833333
6/28/2018,Tamil Nadu,114, , ,13,2,8,170.75
6/29/2018,Tamil Nadu,121, , ,12,4,8,181.3333333
6/30/2018,Tamil Nadu,146, , ,11,3,8,212.1666667
1/1/2018,Tamil Nadu,126, , ,7,3,5,180.5
1/2/2018,Tamil Nadu,200, , ,9,5,5,284.1666667
1/3/2018,Tamil Nadu,203, , ,10,13,4,299.4166667
1/4/2018,Tamil Nadu,293, , ,9,15,5,420.6666667
1/5/2018,Tamil Nadu,185, , ,10,31,8,297.9166667
1/6/2018,Tamil Nadu,169, , ,6,20,4,257.8333333
1/7/2018,Tamil Nadu,159, , ,7,11,4,234.5
1/8/2018,Tamil Nadu,157, , ,7,13,3,234.3333333
1/9/2018,Tamil Nadu,159, , ,5,3,4,222
1/10/2018,Tamil Nadu,148, , ,6,7,4,213.5833333
1/11/2018,Tamil Nadu,170, , ,7,12,3,250.4166667
1/12/2018,Tamil Nadu,176, , ,10,22,7,274.6666667
1/13/2018,Tamil Nadu,346, , ,4,31,4,505.0833333
1/14/2018,Tamil Nadu,192, , ,3,17,3,281
1/15/2018,Tamil Nadu,163, , ,3,13,3,237.3333333
1/16/2018,Tamil Nadu,173, , ,6,33,4,279.4166667
1/17/2018,Tamil Nadu,176, , ,9,33,4,287.1666667
1/18/2018,Tamil Nadu,189, , ,10,38,4,312
1/19/2018,Tamil Nadu,187, , ,11,36,6,308.0833333
1/20/2018,Tamil Nadu,164, , ,10,31,5,269.9166667
1/21/2018,Tamil Nadu,192, , ,9,6,6,274.75
1/22/2018,Tamil Nadu,157, , ,10,4,6,226.8333333
1/23/2018,Tamil Nadu,218, , ,12,4,6,310.6666667
1/24/2018,Tamil Nadu,205, , ,11,4,7,292.0833333
1/25/2018,Tamil Nadu,197, , ,9,4,6,278.9166667
1/26/2018,Tamil Nadu,181, , ,10,4,7,258.8333333
1/27/2018,Tamil Nadu,174, , ,7,4,6,245.75
1/28/2018,Tamil Nadu,181, , ,7,4,6,255.0833333
1/29/2018,Tamil Nadu,179, , ,10,4,7,256.1666667
1/30/2018,Tamil Nadu,180, , ,13,4,7,261.25
1/31/2018,Tamil Nadu,189, , ,9,4,7,268.25
2/1/2018,Tamil Nadu,144, , ,11,4,7,210.75
2/2/2018,Tamil Nadu,177, , ,10,3,6,252.25
2/3/2018,Tamil Nadu,211, , ,6,4,6,293.8333333
2/4/2018,Tamil Nadu,150, , ,11,4,7,218.75
2/5/2018,Tamil Nadu,143, , ,15,4,6,214.4166667
2/6/2018,Tamil Nadu,155, , ,12,3,6,225.4166667
2/7/2018,Tamil Nadu,131, , ,12,4,7,194.6666667
2/8/2018,Tamil Nadu,120, , ,10,3,7,176.25
2/9/2018,Tamil Nadu,192, , ,11,4,6,274.75
2/10/2018,Tamil Nadu,162, , ,7,4,6,229.75
2/11/2018,Tamil Nadu,165, , ,8,3,6,233.75
2/12/2018,Tamil Nadu,161, , ,10,3,7,230.9166667
2/13/2018,Tamil Nadu,190, , ,13,5,6,275.8333333
2/14/2018,Tamil Nadu,150, , ,13,6,5,223.75
2/15/2018,Tamil Nadu,165, , ,10,7,5,241.25
2/16/2018,Tamil Nadu,160, , ,10,6,5,233.3333333
2/17/2018,Tamil Nadu,160, , ,9,6,5,232.0833333
2/18/2018,Tamil Nadu,182, , ,9,7,6,262.6666667
2/19/2018,Tamil Nadu,172, , ,12,7,5,253.0833333
2/20/2018,Tamil Nadu,168, , ,13,7,5,249
2/21/2018,Tamil Nadu,169, , ,12,7,5,249.0833333
2/22/2018,Tamil Nadu,160, , ,12,6,5,235.8333333
2/23/2018,Tamil Nadu,146, , ,10,7,5,215.9166667
2/24/2018,Tamil Nadu,148, , ,8,7,5,216.0833333
2/25/2018,Tamil Nadu,122, , ,10,7,6,183.9166667
2/26/2018,Tamil Nadu,139, , ,12,7,8,209.0833333
2/27/2018,Tamil Nadu,178, , ,13,7,5,262.3333333
2/28/2018,Tamil Nadu,218, , ,10,7,6,311.9166667
3/1/2018,Tamil Nadu,232, , ,10,7,6,330.5833333
3/2/2018,Tamil Nadu,155, , ,11,7,6,229.1666667
3/3/2018,Tamil Nadu,136, , ,10,6,5,201.3333333
3/4/2018,Tamil Nadu,168, , ,8,6,5,241.5
3/5/2018,Tamil Nadu,137, , ,8,7,6,201.4166667
3/6/2018,Tamil Nadu,144, , ,10,4,6,209.5
3/7/2018,Tamil Nadu,173, , ,13,8,7,256.9166667
3/8/2018,Tamil Nadu,197, , ,11,7,5,285.1666667
3/9/2018,Tamil Nadu,160, , ,13,7,5,238.3333333
3/10/2018,Tamil Nadu,164, , ,10,21,5,257.4166667
3/11/2018,Tamil Nadu,166, , ,10,26,6,266.3333333
3/12/2018,Tamil Nadu,277, , ,6,6,5,384.3333333
3/13/2018,Tamil Nadu,118, , ,8,6,5,174.8333333
3/14/2018,Tamil Nadu,138, , ,7,5,6,199
3/15/2018,Tamil Nadu,84, , ,7,4,5,125.75
3/16/2018,Tamil Nadu,95, , ,13,7,6,151.6666667
3/17/2018,Tamil Nadu,129, , ,11,27,6,219.5
3/18/2018,Tamil Nadu,139, , ,10,10,5,210.3333333
3/19/2018,Tamil Nadu,137, , ,10,13,6,211.4166667
3/20/2018,Tamil Nadu,178, , ,8,10,7,259.8333333
3/21/2018,Tamil Nadu,148, , ,6,7,11,213.5833333
3/22/2018,Tamil Nadu,122, , ,7,2,8,173.9166667
3/23/2018,Tamil Nadu,160, , ,6,3,9,224.5833333
3/24/2018,Tamil Nadu,196, , ,5,1,9,268.8333333
3/25/2018,Tamil Nadu,171, , ,7,11,8,250.5
3/26/2018,Tamil Nadu,159, , ,6,6,9,227
3/27/2018,Tamil Nadu,191, , ,5,2,13,263.4166667
3/28/2018,Tamil Nadu,86, , ,6,5,6,128.4166667
3/29/2018,Tamil Nadu,77, , ,5,5,5,115.1666667
3/30/2018,Tamil Nadu,128, , ,5,5,6,183.1666667
3/31/2018,Tamil Nadu,143, , ,5,6,5,204.4166667
10/1/2017,Tamil Nadu,106, , ,5,8,4,157.5833333
10/2/2017,Tamil Nadu,65, , ,7,7,5,104.1666667
10/3/2017,Tamil Nadu,103, , ,8,8,5,157.3333333
10/4/2017,Tamil Nadu,69, , ,7,7,4,109.5
10/5/2017,Tamil Nadu,74, , ,7,7,5,116.1666667
10/6/2017,Tamil Nadu,136, , ,6,7,5,197.5833333
10/7/2017,Tamil Nadu,131, , ,6,8,7,192.1666667
10/8/2017,Tamil Nadu,92, , , ,7,4,#VALUE!
10/9/2017,Tamil Nadu,161, , ,8,2,2,227.1666667
10/10/2017,Tamil Nadu,91, , ,11,2,2,137.5833333
10/11/2017,Tamil Nadu,116, , ,11,2,5,170.9166667
10/12/2017,Tamil Nadu,104, , ,13,2,4,157.4166667
10/13/2017,Tamil Nadu,125, , ,12,4,5,186.6666667
10/14/2017,Tamil Nadu,150, , ,11,5,5,220
10/15/2017,Tamil Nadu,97, , ,11,6,7,150.5833333
10/16/2017,Tamil Nadu,82, , ,10,4,9,126.8333333
10/17/2017,Tamil Nadu,127, , ,11,7,11,191.8333333
10/18/2017,Tamil Nadu,222, , ,13,8,8,322.25
10/19/2017,Tamil Nadu,335, , ,11,4,7,465.4166667
10/20/2017,Tamil Nadu,91, , ,17,3,7,146.3333333
10/21/2017,Tamil Nadu,102, , ,14,3,7,157.25
10/22/2017,Tamil Nadu,103, , ,17,3,7,162.3333333
10/23/2017,Tamil Nadu,156, , ,12,2,7,225.5
10/24/2017,Tamil Nadu,139, , ,12,3,15,204.0833333
10/25/2017,Tamil Nadu,98, , ,10,3,7,146.9166667
10/26/2017,Tamil Nadu,78, , ,13,2,8,122.75
10/27/2017,Tamil Nadu,83, , ,13,1,7,128.1666667
10/28/2017,Tamil Nadu,145, , ,12,3,7,212.0833333
10/29/2017,Tamil Nadu,117, , ,9,5,8,173.5
10/30/2017,Tamil Nadu,55, , ,11,3,7,90.83333333
10/31/2017,Tamil Nadu,100, , ,8,2,7,145.8333333
11/1/2017,Tamil Nadu,52, , ,9,2,8,83.08333333
11/2/2017,Tamil Nadu,77, , ,10,2,7,117.6666667
11/3/2017,Tamil Nadu,101, , ,14,3,11,155.9166667
11/4/2017,Tamil Nadu,85, , ,9,3,7,128.3333333
11/5/2017,Tamil Nadu,95, , ,10,3,7,142.9166667
11/6/2017,Tamil Nadu,88, , ,10,3,7,133.5833333
11/7/2017,Tamil Nadu,88, , ,9,3,7,132.3333333
11/8/2017,Tamil Nadu,93, , ,10,3,7,140.25
11/9/2017,Tamil Nadu,86, , ,12,2,8,132.1666667
11/10/2017,Tamil Nadu,132, , ,7,2,7,187.25
11/11/2017,Tamil Nadu,152, , ,7,2,7,213.9166667
11/12/2017,Tamil Nadu,155, , ,6,3,7,217.9166667
11/13/2017,Tamil Nadu,127, , ,5,3,7,179.3333333
11/14/2017,Tamil Nadu,76, , ,6,3,7,112.5833333
11/15/2017,Tamil Nadu,106, , , , , ,#VALUE!
11/17/2017,Tamil Nadu,110, , ,11,13,5,176.6666667
11/18/2017,Tamil Nadu,82, , ,9,6,5,128.0833333
11/19/2017,Tamil Nadu,72, , ,10,6,5,116
11/20/2017,Tamil Nadu,73, , ,9,7,5,117.3333333
11/21/2017,Tamil Nadu,65, , ,12,6,4,109.1666667
11/22/2017,Tamil Nadu,118, , ,13,5,4,179.8333333
11/23/2017,Tamil Nadu,164, , ,10,3,4,234.9166667
11/24/2017,Tamil Nadu,160, , ,17,4,4,239.5833333
11/25/2017,Tamil Nadu,185, , ,12,4,5,266.6666667
11/26/2017,Tamil Nadu,152, , ,13,5,5,225.1666667
11/27/2017,Tamil Nadu,113, , ,15,5,6,175.6666667
11/28/2017,Tamil Nadu,113, , ,14,3,7,171.9166667
11/29/2017,Tamil Nadu,113, , ,13,5,4,173.1666667
11/30/2017,Tamil Nadu,113, , ,14,4,4,173.1666667
12/1/2017,Tamil Nadu,113, , ,12,5,4,171.9166667
12/2/2017,Tamil Nadu,113, , ,10,5,4,169.4166667
12/3/2017,Tamil Nadu,113, , ,12,6,5,173.1666667
12/4/2017,Tamil Nadu,112, , ,12,6,5,171.8333333
12/5/2017,Tamil Nadu,110, , ,11,6,4,167.9166667
12/6/2017,Tamil Nadu,120, , ,11,4,5,178.75
12/7/2017,Tamil Nadu,142, , ,13,3,5,209.3333333
12/8/2017,Tamil Nadu,141, , ,14,10,5,218
12/9/2017,Tamil Nadu,148, , ,16,9,4,228.5833333
12/10/2017,Tamil Nadu,156, , ,12,13,5,239.25
12/11/2017,Tamil Nadu,150, , ,9,3,5,215
12/12/2017,Tamil Nadu,142, , ,6,5,5,203.0833333
12/13/2017,Tamil Nadu,147, , ,6,4,5,208.5
12/14/2017,Tamil Nadu,144, , ,10,4,4,209.5
12/15/2017,Tamil Nadu,153, , ,23,7,5,241.5
12/16/2017,Tamil Nadu,162, , ,7,5,4,231
12/17/2017,Tamil Nadu,133, , ,9,5,6,194.8333333
12/18/2017,Tamil Nadu,141, , ,12,9,4,214.25
12/19/2017,Tamil Nadu,134, , ,12,6,5,201.1666667
12/20/2017,Tamil Nadu,111, , ,8,5,5,164.25
12/21/2017,Tamil Nadu,163, , ,9,5,5,234.8333333
12/22/2017,Tamil Nadu,140, , ,11,3,6,204.1666667
12/23/2017,Tamil Nadu,114, , ,11,4,5,170.75
12/24/2017,Tamil Nadu,131, , ,9,5,4,192.1666667
12/25/2017,Tamil Nadu,126, , ,9,4,4,184.25
12/26/2017,Tamil Nadu,163, , ,10,13,4,246.0833333
12/27/2017,Tamil Nadu,187, , ,12,10,4,276.8333333
12/28/2017,Tamil Nadu,148, , ,10,4,5,214.8333333
12/29/2017,Tamil Nadu,140, , ,7,4,5,200.4166667
12/30/2017,Tamil Nadu,123, , ,12,4,5,184
12/31/2017,Tamil Nadu,61, , ,5,2,4,90.08333333
7/1/2017,Tamil Nadu,164, , ,9,4,5,234.9166667
7/2/2017,Tamil Nadu,174, , ,10,3,5,248.25
7/3/2017,Tamil Nadu,145, , ,11,2,6,209.5833333
7/4/2017,Tamil Nadu,115, , ,8,3,4,167.0833333
7/5/2017,Tamil Nadu,142, , ,8,4,5,204.3333333
7/6/2017,Tamil Nadu,196, , ,10,3,5,277.5833333
7/7/2017,Tamil Nadu,124, , ,10,10,7,190.3333333
7/8/2017,Tamil Nadu,146, , ,11,8,5,218.4166667
7/9/2017,Tamil Nadu,136, , ,11,8,6,205.0833333
7/10/2017,Tamil Nadu,89, , ,10,2,5,133.6666667
7/11/2017,Tamil Nadu,191, , ,9,2,5,268.4166667
7/12/2017,Tamil Nadu,82, , ,7,4,4,123.0833333
7/13/2017,Tamil Nadu,160, , ,11,5,4,233.3333333
7/14/2017,Tamil Nadu,206, , ,35,6,6,325.9166667
7/15/2017,Tamil Nadu,217, , ,13,2,5,308.0833333
7/16/2017,Tamil Nadu,191, , ,19,5,5,284.6666667
7/17/2017,Tamil Nadu,262, , ,13,5,5,371.8333333
7/18/2017,Tamil Nadu,315, , ,11,4,4,438.75
7/19/2017,Tamil Nadu,235, , ,9,8,5,334.5833333
7/20/2017,Tamil Nadu,108, , ,9,5,5,161.5
7/21/2017,Tamil Nadu,124, , ,9,5,5,182.8333333
7/22/2017,Tamil Nadu,97, , ,9,5,5,146.8333333
7/23/2017,Tamil Nadu,100, , ,12,4,4,153.3333333
7/24/2017,Tamil Nadu,162, , ,12,5,5,237.25
7/25/2017,Tamil Nadu,106, , ,12,12,5,171.3333333
7/26/2017,Tamil Nadu,116, , ,12,27,4,203.4166667
7/27/2017,Tamil Nadu,121, , ,13,12,5,192.5833333
7/28/2017,Tamil Nadu,114, , ,16,21,4,198.25
7/29/2017,Tamil Nadu,112, , ,14,8,4,176.8333333
7/30/2017,Tamil Nadu,122, , ,14,6,5,187.6666667
7/31/2017,Tamil Nadu,95, , ,13,4,5,147.9166667
8/1/2017,Tamil Nadu,83, , ,13,5,5,133.1666667
8/2/2017,Tamil Nadu,98, , ,8,7,4,149.4166667
8/3/2017,Tamil Nadu,100, , ,10,5,7,152.0833333
8/4/2017,Tamil Nadu,106, , ,7,26,9,182.5833333
8/5/2017,Tamil Nadu,96, , ,20,10,5,165.5
8/6/2017,Tamil Nadu,100, , ,7,6,5,149.5833333
8/7/2017,Tamil Nadu,93, , ,10,8,4,146.5
8/8/2017,Tamil Nadu,129, , ,9,7,5,192
8/9/2017,Tamil Nadu,109, , ,7,5,5,160.3333333
8/10/2017,Tamil Nadu,85, , ,9,5,5,130.8333333
8/11/2017,Tamil Nadu,120, , ,6,3,5,171.25
8/12/2017,Tamil Nadu,97, , ,5,5,5,141.8333333
8/13/2017,Tamil Nadu,74, , ,8,5,5,114.9166667
8/14/2017,Tamil Nadu,123, , ,8,4,5,179
8/15/2017,Tamil Nadu,95, , ,10,5,6,145.4166667
8/16/2017,Tamil Nadu,79, , ,14,4,5,127.8333333
8/17/2017,Tamil Nadu,90, , ,7,3,7,132.5
8/18/2017,Tamil Nadu,127, , ,8,1,5,180.5833333
8/19/2017,Tamil Nadu,84, , ,7,2,5,123.25
8/20/2017,Tamil Nadu,63, , ,6,4,6,96.5
8/21/2017,Tamil Nadu,101, , ,14,5,6,158.4166667
8/22/2017,Tamil Nadu,89, , ,10,5,5,137.4166667
8/23/2017,Tamil Nadu,85, , ,10,7,5,134.5833333
8/24/2017,Tamil Nadu,71, , ,11,4,5,113.4166667
8/25/2017,Tamil Nadu,74, , ,14,5,5,122.4166667
8/26/2017,Tamil Nadu,101, , ,6,6,5,149.6666667
8/27/2017,Tamil Nadu,63, , ,7,6,5,100.25
8/28/2017,Tamil Nadu,72, , ,7,6,5,112.25
8/29/2017,Tamil Nadu,93, , ,6,6,4,139
8/30/2017,Tamil Nadu,86, , ,6,6,5,129.6666667
8/31/2017,Tamil Nadu,81, , ,8,5,6,124.25
9/1/2017,Tamil Nadu,95, , ,10,5,4,145.4166667
9/2/2017,Tamil Nadu,116, , ,9,5,5,172.1666667
9/3/2017,Tamil Nadu,104, , ,9,4,4,154.9166667
9/4/2017,Tamil Nadu,112, , ,7,4,4,163.0833333
9/5/2017,Tamil Nadu,134, , ,8,2,3,191.1666667
9/6/2017,Tamil Nadu,102, , , , , ,#VALUE!
9/11/2017,Tamil Nadu,56, , ,6,8,5,92.16666667
9/12/2017,Tamil Nadu,57, , ,4,8,5,91
9/13/2017,Tamil Nadu,69, , ,6,8,5,109.5
9/14/2017,Tamil Nadu,82, , ,9,7,5,129.3333333
9/15/2017,Tamil Nadu,87, , ,15,6,5,142.25
9/16/2017,Tamil Nadu,116, , ,8,6,4,172.1666667
9/17/2017,Tamil Nadu,42, , ,7,6,6,72.25
9/18/2017,Tamil Nadu,133, , ,7,6,5,193.5833333
9/19/2017,Tamil Nadu,110, , ,7,6,5,162.9166667
9/20/2017,Tamil Nadu,90, , ,6,7,4,136.25
9/21/2017,Tamil Nadu,75, , ,8,5,6,116.25
9/22/2017,Tamil Nadu,126, , ,11,5,4,188
9/23/2017,Tamil Nadu,146, , ,8,6,4,212.1666667
9/24/2017,Tamil Nadu,138, , ,9,6,4,202.75
9/25/2017,Tamil Nadu,92, , ,10,6,6,142.6666667
9/26/2017,Tamil Nadu,152, , ,12,8,5,227.6666667
9/27/2017,Tamil Nadu,132, , ,11,6,5,197.25
9/28/2017,Tamil Nadu,133, , ,8,8,4,197.3333333
9/29/2017,Tamil Nadu,116, , ,8,6,5,172.1666667
9/30/2017,Tamil Nadu,117, , ,7,6,6,172.25
4/2/2017,Tamil Nadu,169, , ,12,2,4,242.8333333
4/3/2017,Tamil Nadu,133, , ,11,2,4,193.5833333
4/4/2017,Tamil Nadu,160, , ,11,2,4,229.5833333
4/5/2017,Tamil Nadu,128, , ,11,3,5,188.1666667
4/6/2017,Tamil Nadu,155, , ,11,3,6,224.1666667
4/7/2017,Tamil Nadu,147, , ,10,4,6,213.5
4/8/2017,Tamil Nadu,138, , ,11,7,6,206.5
4/9/2017,Tamil Nadu,126, , ,10,6,6,188
4/10/2017,Tamil Nadu,132, , ,10,2,6,191
4/11/2017,Tamil Nadu,137, , ,13,4,6,203.9166667
4/12/2017,Tamil Nadu,132, , ,11,11,6,203.5
4/13/2017,Tamil Nadu,166, , ,11,10,6,247.5833333
4/14/2017,Tamil Nadu,133, , ,13,19,6,217.3333333
4/15/2017,Tamil Nadu,175, , ,11,7,6,255.8333333
4/16/2017,Tamil Nadu,193, , ,14,8,6,284.8333333
4/17/2017,Tamil Nadu,258, , ,12,4,5,364
4/18/2017,Tamil Nadu,218, , ,10,2,6,305.6666667
4/19/2017,Tamil Nadu,166, , ,12,3,6,240.0833333
4/20/2017,Tamil Nadu,163, , ,13,6,6,241.0833333
4/21/2017,Tamil Nadu,228, , ,14,12,6,336.5
4/22/2017,Tamil Nadu,279, , ,11,9,7,397
4/23/2017,Tamil Nadu,232, , ,11,4,6,328.0833333
4/24/2017,Tamil Nadu,174, , ,12,2,6,249.5
4/25/2017,Tamil Nadu,165, , ,13,8,6,246.25
4/26/2017,Tamil Nadu,237, , ,9,2,3,329.75
4/27/2017,Tamil Nadu,147, , ,10,4,4,213.5
4/28/2017,Tamil Nadu,150, , ,11,6,10,221.25
4/29/2017,Tamil Nadu,144, , ,8,6,3,209.5
4/30/2017,Tamil Nadu,139, , ,6,4,5,197.8333333
5/1/2017,Tamil Nadu,122, , ,7,6,5,178.9166667
5/2/2017,Tamil Nadu,115, , ,9,7,5,173.3333333
5/3/2017,Tamil Nadu,140, , ,10,10,6,211.6666667
5/4/2017,Tamil Nadu,159, , ,7,4,5,225.75
5/5/2017,Tamil Nadu,112, , ,5,3,7,159.3333333
5/6/2017,Tamil Nadu,115, , ,6,2,3,163.3333333
5/7/2017,Tamil Nadu,105, , ,9,2,4,153.75
5/8/2017,Tamil Nadu,137, , ,9,2,4,196.4166667
5/9/2017,Tamil Nadu,134, , ,16,2,5,201.1666667
5/10/2017,Tamil Nadu,157, , ,9,2, ,223.0833333
5/11/2017,Tamil Nadu,99, , ,6,2,4,142
5/12/2017,Tamil Nadu,91, , ,7,2,5,132.5833333
5/13/2017,Tamil Nadu,92, , ,8,1,5,133.9166667
5/14/2017,Tamil Nadu,165, , ,15,1,5,240
5/15/2017,Tamil Nadu,192, , ,17,2,5,279.75
5/16/2017,Tamil Nadu,225, , ,17,2,5,323.75
5/17/2017,Tamil Nadu,180, , ,17,2,5,263.75
5/18/2017,Tamil Nadu,66, , ,20,3,5,116.75
5/19/2017,Tamil Nadu,155, , ,22,9,9,245.4166667
5/20/2017,Tamil Nadu,268, , ,14,2,5,377.3333333
5/21/2017,Tamil Nadu,228, , ,10,2,4,319
5/22/2017,Tamil Nadu,181, , ,14,1,5,260.0833333
5/23/2017,Tamil Nadu,193, , ,11,2,5,273.5833333
5/24/2017,Tamil Nadu,204, , ,11,2,5,288.25
5/25/2017,Tamil Nadu,112, , ,22,27,4,210.5833333
5/26/2017,Tamil Nadu,261, , ,18,2,5,373
5/27/2017,Tamil Nadu,155, , ,14,2,11,226.6666667
5/28/2017,Tamil Nadu,167, , ,21,4,7,253.9166667
5/29/2017,Tamil Nadu,251, , ,15,12,7,368.4166667
5/30/2017,Tamil Nadu,245, , ,26,1,13,360.4166667
5/31/2017,Tamil Nadu,175, , ,14,1,7,252.0833333
6/1/2017,Tamil Nadu,173, , ,9,1,6,243.1666667
6/2/2017,Tamil Nadu,147, , ,11,1,6,211
6/3/2017,Tamil Nadu,150, , ,13,17,7,237.5
6/4/2017,Tamil Nadu,162, , ,12,9,7,242.25
6/5/2017,Tamil Nadu,164, , ,15,2,9,239.9166667
6/6/2017,Tamil Nadu,152, , ,10,2,6,217.6666667
6/7/2017,Tamil Nadu,108, , ,10,1,8,157.75
6/8/2017,Tamil Nadu,165, , ,18,1,7,243.75
6/9/2017,Tamil Nadu,216, , ,11,8,8,311.75
6/10/2017,Tamil Nadu,186, , ,10,1,7,261.75
6/11/2017,Tamil Nadu,203, , ,9,3,6,285.6666667
6/12/2017,Tamil Nadu,178, , ,11,1,6,252.3333333
6/13/2017,Tamil Nadu,148, , ,7,1,6,207.3333333
6/14/2017,Tamil Nadu,117, , ,8,2,6,168.5
6/15/2017,Tamil Nadu,109, , ,8,1,7,156.5833333
6/16/2017,Tamil Nadu,140, , ,9,1,5,199.1666667
6/17/2017,Tamil Nadu,175, , ,9,2,5,247.0833333
6/18/2017,Tamil Nadu,204, , ,18,3,5,298.25
6/19/2017,Tamil Nadu,157, , ,12,3,6,228.0833333
6/20/2017,Tamil Nadu,85, , ,15,3,5,135.8333333
6/21/2017,Tamil Nadu,244, , ,14,2,5,345.3333333
6/22/2017,Tamil Nadu,180, , ,9,5,4,257.5
6/23/2017,Tamil Nadu,130, , ,12,3,6,192.0833333
6/24/2017,Tamil Nadu,203, , ,14,6,5,295.6666667
6/25/2017,Tamil Nadu,167, , ,13,6,5,246.4166667
6/26/2017,Tamil Nadu,161, , ,15,3,7,237.1666667
6/27/2017,Tamil Nadu,139, , ,7,3,5,197.8333333
6/28/2017,Tamil Nadu,158, , ,14,2,7,230.6666667
6/29/2017,Tamil Nadu,174, , ,12,3,5,250.75
6/30/2017,Tamil Nadu,169, , ,15,4,4,249.0833333
1/2/2017,Tamil Nadu,124, , ,12,22,4,207.8333333
1/3/2017,Tamil Nadu,132, , ,16,23,4,224.75
1/4/2017,Tamil Nadu,165, , ,16,33,5,281.25
1/5/2017,Tamil Nadu,205, , ,30,34,5,353.3333333
1/6/2017,Tamil Nadu,373, , ,20,49,4,583.5833333
1/7/2017,Tamil Nadu,166, , ,18,18,4,266.3333333
1/8/2017,Tamil Nadu,145, , ,22,30,4,258.3333333
1/9/2017,Tamil Nadu,154, , ,26,49,4,299.0833333
1/10/2017,Tamil Nadu,168, , ,23,39,5,301.5
1/11/2017,Tamil Nadu,164, , ,22,26,4,278.6666667
1/12/2017,Tamil Nadu,176, , ,25,25,5,297.1666667
1/13/2017,Tamil Nadu,341, , ,18,23,4,505.9166667
1/14/2017,Tamil Nadu,151, , ,15,23,4,248.8333333
1/15/2017,Tamil Nadu,165, , ,17,26,4,273.75
1/16/2017,Tamil Nadu,161, , ,20,27,5,273.4166667
1/17/2017,Tamil Nadu,174, , ,18,25,5,285.75
1/18/2017,Tamil Nadu,138, , ,17,11,4,219
1/19/2017,Tamil Nadu,137, , ,29,20,3,243.9166667
1/20/2017,Tamil Nadu,160, , ,14,3,3,234.5833333
1/21/2017,Tamil Nadu,123, , ,20,10,4,201.5
1/22/2017,Tamil Nadu,144, , ,25,18,5,245.75
1/23/2017,Tamil Nadu,142, , ,22,11,4,230.5833333
1/24/2017,Tamil Nadu,138, , ,16,11,3,217.75
1/25/2017,Tamil Nadu,163, , ,15,2,3,238.5833333
1/26/2017,Tamil Nadu,148, , ,17,1,4,219.8333333
1/27/2017,Tamil Nadu,130, , ,15,22,4,219.5833333
1/28/2017,Tamil Nadu,109, , ,19,21,4,195.3333333
1/29/2017,Tamil Nadu,108, , ,14,12,4,176.5
1/30/2017,Tamil Nadu,99, , ,21,15,6,177
1/31/2017,Tamil Nadu,150, , ,18,12,5,237.5
2/1/2017,Tamil Nadu,186, , ,19,13,2,288
2/2/2017,Tamil Nadu,158, , ,19,14,6,251.9166667
2/3/2017,Tamil Nadu,154, , ,18,7,5,236.5833333
2/4/2017,Tamil Nadu,164, , ,17,12,6,254.9166667
2/5/2017,Tamil Nadu,172, , ,24,29,8,295.5833333
2/6/2017,Tamil Nadu,167, , ,29,26,9,291.4166667
2/7/2017,Tamil Nadu,172, , ,21,16,9,275.5833333
2/8/2017,Tamil Nadu,186, , ,23,14,7,294.25
2/9/2017,Tamil Nadu,178, , ,22,16,7,284.8333333
2/10/2017,Tamil Nadu,170, , ,19,16,6,270.4166667
2/11/2017,Tamil Nadu,173, , ,14,16,7,268.1666667
2/12/2017,Tamil Nadu,128, , ,14,6,8,195.6666667
2/13/2017,Tamil Nadu,113, , ,11,4,6,169.4166667
2/14/2017,Tamil Nadu,123, , ,10, ,6,#VALUE!
2/15/2017,Tamil Nadu,144, , ,12,1,6,208.25
2/16/2017,Tamil Nadu,158, , ,28,4,7,250.6666667
2/17/2017,Tamil Nadu,171, , ,18,4,6,255.5
2/18/2017,Tamil Nadu,163, , ,18,4,8,244.8333333
2/19/2017,Tamil Nadu,165, , ,20,9,7,256.25
2/20/2017,Tamil Nadu,286, , ,15,2,5,402.5833333
2/21/2017,Tamil Nadu,148, , ,14,3,5,218.5833333
2/22/2017,Tamil Nadu,138, , ,12,4,5,204
2/23/2017,Tamil Nadu,110, , ,11,6,5,167.9166667
2/24/2017,Tamil Nadu,115, , ,11,11,4,180.8333333
2/25/2017,Tamil Nadu,101, , ,10,8,5,157.1666667
2/26/2017,Tamil Nadu,111, , ,12,10,4,175.5
2/27/2017,Tamil Nadu,130, , ,17,22,5,222.0833333
2/28/2017,Tamil Nadu,171, , ,18,12,10,265.5
3/1/2017,Tamil Nadu,168, , ,18,14,4,264
3/2/2017,Tamil Nadu,156, , ,17,23,4,258
3/3/2017,Tamil Nadu,167, , ,10,2,4,237.6666667
3/4/2017,Tamil Nadu,117, , ,9,1,4,168.5
3/5/2017,Tamil Nadu,92, , ,9,1,4,135.1666667
3/6/2017,Tamil Nadu,101, , ,11,1,4,149.6666667
3/7/2017,Tamil Nadu,84, , ,8,1,4,123.25
3/8/2017,Tamil Nadu,101, , ,10,1,4,148.4166667
3/9/2017,Tamil Nadu,74, , ,9,3,4,113.6666667
3/10/2017,Tamil Nadu,102, , ,11,4,4,154.75
3/11/2017,Tamil Nadu,263, , ,9,3,4,365.6666667
3/12/2017,Tamil Nadu,261, , ,9,5,4,365.5
3/13/2017,Tamil Nadu,118, , ,7,3,4,169.8333333
3/14/2017,Tamil Nadu,71, , ,8,13,3,120.9166667
3/15/2017,Tamil Nadu,107, , ,10,5,4,161.4166667
3/16/2017,Tamil Nadu,126, , ,11,3,4,185.5
3/17/2017,Tamil Nadu,149, , ,10,1,4,212.4166667
3/18/2017,Tamil Nadu,166, , ,9,1,4,233.8333333
3/19/2017,Tamil Nadu,156, , ,11,8,5,231.75
3/20/2017,Tamil Nadu,156, , ,9,5,4,225.5
3/21/2017,Tamil Nadu,177, , ,12,57,4,322.25
3/22/2017,Tamil Nadu,152, , ,11,12,4,231.4166667
3/23/2017,Tamil Nadu,154, , ,14,9,4,234.0833333
3/24/2017,Tamil Nadu,174, , ,14,7,4,258.25
3/25/2017,Tamil Nadu,158, , ,12,4,4,230.6666667
3/26/2017,Tamil Nadu,160, , ,11,5,4,233.3333333
3/27/2017,Tamil Nadu,183, , ,9,4,4,260.25
3/28/2017,Tamil Nadu,131, , ,10,6,5,194.6666667
3/29/2017,Tamil Nadu,144, , ,10,3,2,208.25
3/30/2017,Tamil Nadu,116, , , , , ,#VALUE!
10/1/2016,Tamil Nadu,152, , ,11,5,8,222.6666667
10/2/2016,Tamil Nadu,122, , ,12,3,9,181.4166667
10/3/2016,Tamil Nadu,97, , ,17,2,10,153.0833333
10/4/2016,Tamil Nadu,111, , ,19,6,10,179.25
10/5/2016,Tamil Nadu,137, , ,19,13,12,222.6666667
10/6/2016,Tamil Nadu,161, , ,18,2,12,239.6666667
10/7/2016,Tamil Nadu,146, , ,16,2,10,217.1666667
10/8/2016,Tamil Nadu,152, , ,15,3,10,225.1666667
10/9/2016,Tamil Nadu,146, , ,19,27,8,252.1666667
10/10/2016,Tamil Nadu,120, , ,14,2,8,180
10/11/2016,Tamil Nadu,100, , ,20,6,8,165.8333333
10/12/2016,Tamil Nadu,151, , ,19,2,9,227.5833333
10/13/2016,Tamil Nadu,182, , ,21,1,11,270.1666667
10/14/2016,Tamil Nadu,187, , ,18,1,11,273.0833333
10/15/2016,Tamil Nadu,167, , ,21,1,9,250.1666667
10/16/2016,Tamil Nadu,161, , ,20, ,11,#VALUE!
10/17/2016,Tamil Nadu,181, , ,28,6,11,283.8333333
10/18/2016,Tamil Nadu,220, , ,31,14,11,349.5833333
10/19/2016,Tamil Nadu,180, , ,30,1,10,278.75
10/20/2016,Tamil Nadu,178, , ,29,20,10,298.5833333
10/21/2016,Tamil Nadu,227, , ,34,26,10,377.6666667
10/22/2016,Tamil Nadu,193, , ,31,15,9,314.8333333
10/23/2016,Tamil Nadu,468, , ,33,20,8,690.25
10/24/2016,Tamil Nadu,178, , ,34,27,9,313.5833333
10/25/2016,Tamil Nadu,165, , ,31,15,11,277.5
10/26/2016,Tamil Nadu,186, , ,28,15,10,301.75
10/27/2016,Tamil Nadu,200, , ,28,11,12,315.4166667
10/28/2016,Tamil Nadu,198, , ,15,5,14,289
10/29/2016,Tamil Nadu,246, , ,8,2,11,340.5
10/30/2016,Tamil Nadu,115, , ,9,3,9,168.3333333
10/31/2016,Tamil Nadu,137, , ,9,1,9,195.1666667
11/1/2016,Tamil Nadu,112, , ,14,1,9,168.0833333
11/2/2016,Tamil Nadu,104, , ,10, ,10,#VALUE!
11/3/2016,Tamil Nadu,108, , ,18,5,11,172.75
11/4/2016,Tamil Nadu,171, , ,20,12,12,268
11/5/2016,Tamil Nadu,183, , ,15,10,12,275.25
11/6/2016,Tamil Nadu,189, , ,14,6,11,277
11/7/2016,Tamil Nadu,185, , ,18,22,9,296.6666667
11/8/2016,Tamil Nadu,196, , ,21,27,9,321.3333333
11/9/2016,Tamil Nadu,177, , ,25,30,9,304.75
11/10/2016,Tamil Nadu,173, , ,21,21,9,283.1666667
11/11/2016,Tamil Nadu,174, , ,7,23,12,269.5
11/12/2016,Tamil Nadu,259, , ,8,8,9,365.3333333
11/13/2016,Tamil Nadu,142, , ,10,4,8,206.8333333
11/14/2016,Tamil Nadu,81, , ,12,8,8,133
11/15/2016,Tamil Nadu,81, , ,13,2,10,126.75
11/16/2016,Tamil Nadu,157, , ,13,9,9,236.8333333
11/17/2016,Tamil Nadu,183, , ,18,9,9,277.75
11/18/2016,Tamil Nadu,165, , ,18,15,9,261.25
11/19/2016,Tamil Nadu,175, , ,18,15,9,274.5833333
11/20/2016,Tamil Nadu,170, , ,22,9,9,265.4166667
11/21/2016,Tamil Nadu,165, , ,18,16,9,262.5
11/22/2016,Tamil Nadu,181, , ,27,22,9,302.5833333
11/23/2016,Tamil Nadu,187, , ,31,26,10,320.5833333
11/24/2016,Tamil Nadu,196, , ,23,16,10,310.0833333
11/25/2016,Tamil Nadu,198, , ,33,18,10,327.75
11/26/2016,Tamil Nadu,185, , ,26,13,11,295.4166667
11/27/2016,Tamil Nadu,183, , ,28,28,10,314
11/28/2016,Tamil Nadu,202, , ,29,25,10,336.8333333
11/29/2016,Tamil Nadu,214, , ,26,13,8,334.0833333
11/30/2016,Tamil Nadu,202, , ,22,5,7,303.0833333
12/1/2016,Tamil Nadu,168, , ,15,3,7,246.5
12/2/2016,Tamil Nadu,252, , ,10,6, ,356
12/3/2016,Tamil Nadu,94, , ,9,1, ,137.8333333
12/4/2016,Tamil Nadu,85, , ,11,1, ,128.3333333
12/5/2016,Tamil Nadu,131, , , , , ,#VALUE!
12/7/2016,Tamil Nadu,171, , ,21, , ,#VALUE!
12/8/2016,Tamil Nadu,162, , ,35,21, ,286
12/9/2016,Tamil Nadu,178, , ,25,10, ,281.0833333
12/10/2016,Tamil Nadu,204, , ,14,5, ,295.75
12/11/2016,Tamil Nadu,197, , ,8,5, ,278.9166667
12/12/2016,Tamil Nadu,134, , , , , ,#VALUE!
12/26/2016,Tamil Nadu,509, , ,44,5,3,739.9166667
12/27/2016,Tamil Nadu,408, , ,33,14,3,602.75
12/28/2016,Tamil Nadu,140, , ,19,14,5,227.9166667
12/29/2016,Tamil Nadu,170, , ,17,11,4,261.6666667
12/30/2016,Tamil Nadu,389, , ,19,13,4,558.6666667
12/31/2016,Tamil Nadu,176, , ,11,10,3,260.9166667
1/1/2017,Tamil Nadu,123, , ,11,15,4,196.5
7/1/2016,Tamil Nadu,139, , ,3,3,12,192.8333333
7/2/2016,Tamil Nadu,154, , ,4,2,5,212.8333333
7/3/2016,Tamil Nadu,99, , ,6,5,9,145.75
7/4/2016,Tamil Nadu,224, , ,7,11,12,321.1666667
7/5/2016,Tamil Nadu,505, , ,6,5,9,687.0833333
7/6/2016,Tamil Nadu,71, , ,6, ,14,#VALUE!
7/7/2016,Tamil Nadu,97, , ,6, ,10,#VALUE!
7/8/2016,Tamil Nadu,62, , ,6,1,9,91.41666667
7/9/2016,Tamil Nadu,78, , ,5,1,9,111.5
7/10/2016,Tamil Nadu,70, , ,6, ,8,#VALUE!
7/11/2016,Tamil Nadu,66, , ,7,1,8,98
7/12/2016,Tamil Nadu,75, , ,7, ,8,#VALUE!
7/13/2016,Tamil Nadu,71, , ,7,2,9,105.9166667
7/14/2016,Tamil Nadu,67, , ,8,2,9,101.8333333
7/15/2016,Tamil Nadu,81, , ,8,1,10,119.25
7/16/2016,Tamil Nadu,73, , ,7, ,9,#VALUE!
7/17/2016,Tamil Nadu,81, , ,6,3,10,119.25
7/18/2016,Tamil Nadu,96, , ,8,2,11,140.5
7/19/2016,Tamil Nadu,78, , ,9,2,13,117.75
7/20/2016,Tamil Nadu,106, , ,5,3,16,151.3333333
7/21/2016,Tamil Nadu,108, , ,5,1,11,151.5
7/22/2016,Tamil Nadu,79, , ,5,1,8,112.8333333
7/23/2016,Tamil Nadu,84, , ,3,3,9,119.5
7/24/2016,Tamil Nadu,106, , ,3,3,11,148.8333333
7/25/2016,Tamil Nadu,99, , ,3,1,11,137
7/26/2016,Tamil Nadu,79, , ,4,1,10,111.5833333
7/27/2016,Tamil Nadu,68, , ,7,2,12,101.9166667
7/28/2016,Tamil Nadu,110, , ,7,1,11,156.6666667
7/29/2016,Tamil Nadu,58, , ,8,1,11,88.58333333
7/30/2016,Tamil Nadu,74, , ,7,1,9,108.6666667
7/31/2016,Tamil Nadu,73, , ,7,1,9,107.3333333
8/1/2016,Tamil Nadu,95, , ,7,1,6,136.6666667
8/2/2016,Tamil Nadu,87, , ,5,1,6,123.5
8/3/2016,Tamil Nadu,118, , ,3,1,7,162.3333333
8/4/2016,Tamil Nadu,91, , ,5,1,8,128.8333333
8/5/2016,Tamil Nadu,61, , ,5,1,8,88.83333333
8/6/2016,Tamil Nadu,64, , ,5,1,9,92.83333333
8/7/2016,Tamil Nadu,112, , ,5,1,8,156.8333333
8/8/2016,Tamil Nadu,111, , ,10,1,8,161.75
8/9/2016,Tamil Nadu,108, , ,10,3,9,160.25
8/10/2016,Tamil Nadu,110, , ,10,3,8,162.9166667
8/11/2016,Tamil Nadu,103, , ,10,1,9,151.0833333
8/12/2016,Tamil Nadu,112, , ,9,2,8,163.0833333
8/13/2016,Tamil Nadu,117, , ,8,2,9,168.5
8/14/2016,Tamil Nadu,99, , ,7,1,8,142
8/15/2016,Tamil Nadu,105, , ,10,1,11,153.75
8/16/2016,Tamil Nadu,79, , ,10,1,10,119.0833333
8/17/2016,Tamil Nadu,88, , ,10,1,9,131.0833333
8/18/2016,Tamil Nadu,106, , ,10,10,8,166.3333333
8/19/2016,Tamil Nadu,111, , ,10,2,8,163
8/20/2016,Tamil Nadu,124, , ,9,1,8,177.8333333
8/21/2016,Tamil Nadu,121, , ,10,2,10,176.3333333
8/22/2016,Tamil Nadu,127, , ,10,6,12,189.3333333
8/23/2016,Tamil Nadu,123, , ,11,3,12,181.5
8/24/2016,Tamil Nadu,106, , ,10,1,14,155.0833333
8/25/2016,Tamil Nadu,102, , ,14,3,15,157.25
8/26/2016,Tamil Nadu,133, , ,11,1,13,192.3333333
8/27/2016,Tamil Nadu,118, , ,11, ,15,#VALUE!
8/28/2016,Tamil Nadu,114, , ,10,1,11,165.75
8/29/2016,Tamil Nadu,98, , ,13,2,14,149.4166667
8/30/2016,Tamil Nadu,105, , ,11, ,12,#VALUE!
8/31/2016,Tamil Nadu,85, , ,10,2,10,128.3333333
9/1/2016,Tamil Nadu,113, , ,9,1,12,163.1666667
9/2/2016,Tamil Nadu,87, , ,10,1,13,129.75
9/3/2016,Tamil Nadu,102, , ,10,1,16,149.75
9/4/2016,Tamil Nadu,98, , ,11,1,14,145.6666667
9/5/2016,Tamil Nadu,95, , ,11,3,12,144.1666667
9/6/2016,Tamil Nadu,116, , ,8,4,10,169.6666667
9/7/2016,Tamil Nadu,79, , ,9,4,10,121.5833333
9/8/2016,Tamil Nadu,101, , ,11,1,13,149.6666667
9/9/2016,Tamil Nadu,133, , ,10,1,11,191.0833333
9/10/2016,Tamil Nadu,130, , ,11,1,8,188.3333333
9/11/2016,Tamil Nadu,92, , ,12,1,9,138.9166667
9/12/2016,Tamil Nadu,109, , ,11,1,11,160.3333333
9/13/2016,Tamil Nadu,169, , ,13,1,12,242.8333333
9/14/2016,Tamil Nadu,166, , ,18, ,3,#VALUE!
9/15/2016,Tamil Nadu,150, , ,18, ,6,#VALUE!
9/16/2016,Tamil Nadu,89, , ,10, ,9,#VALUE!
9/17/2016,Tamil Nadu,115, , ,8,1,9,164.5833333
9/18/2016,Tamil Nadu,153, , ,9,1,7,216.5
9/19/2016,Tamil Nadu,97, , ,10,5,12,148.0833333
9/20/2016,Tamil Nadu,133, , ,6,2,7,187.3333333
9/21/2016,Tamil Nadu,108, , ,13,4,7,165.25
9/22/2016,Tamil Nadu,90, , ,11,1,5,135
9/23/2016,Tamil Nadu,84, , ,12,2,8,129.5
9/24/2016,Tamil Nadu,92, , ,11,2,5,138.9166667
9/25/2016,Tamil Nadu,115, , ,12,2,7,170.8333333
9/26/2016,Tamil Nadu,117, , ,13,2,7,174.75
9/27/2016,Tamil Nadu,136, , ,18,4,9,208.8333333
9/28/2016,Tamil Nadu,149, , ,16,2,10,221.1666667
9/29/2016,Tamil Nadu,123, , ,13,2,9,182.75
9/30/2016,Tamil Nadu,142, , ,14,5,9,213.0833333
4/1/2016,Tamil Nadu,171, , ,1,2,4,231.75
4/2/2016,Tamil Nadu,172, , ,1,2,7,233.0833333
4/3/2016,Tamil Nadu,173, , ,2,3,8,236.9166667
4/4/2016,Tamil Nadu,171, , ,1,4,12,234.25
4/5/2016,Tamil Nadu,172, , ,5,2,15,238.0833333
4/6/2016,Tamil Nadu,174, , ,10,2,12,247
4/7/2016,Tamil Nadu,171, , ,4,1,7,234.25
4/8/2016,Tamil Nadu,170, , ,3,2,4,232.9166667
4/9/2016,Tamil Nadu,171, , ,4,2,3,235.5
4/10/2016,Tamil Nadu,167, , ,4,2,4,230.1666667
4/11/2016,Tamil Nadu,173, , ,2,2,3,235.6666667
4/12/2016,Tamil Nadu,173, , ,6,2,5,240.6666667
4/13/2016,Tamil Nadu,173, , ,5,2,3,239.4166667
4/14/2016,Tamil Nadu,173, , ,6,2,3,240.6666667
4/15/2016,Tamil Nadu,166, , ,5,3,5,231.3333333
4/16/2016,Tamil Nadu,171, , ,5,1,5,235.5
4/17/2016,Tamil Nadu,171, , ,7,2,5,239.25
4/18/2016,Tamil Nadu,169, , ,9,2,4,239.0833333
4/19/2016,Tamil Nadu,168, , ,10,2,6,239
4/20/2016,Tamil Nadu,172, , ,4,2,10,236.8333333
4/21/2016,Tamil Nadu,170, , ,2,2,9,231.6666667
4/22/2016,Tamil Nadu,175, , ,1,2,7,237.0833333
4/23/2016,Tamil Nadu,175, , ,2,2,5,238.3333333
4/24/2016,Tamil Nadu,174, , ,5,2,8,240.75
4/25/2016,Tamil Nadu,172, , ,5,2,6,238.0833333
4/26/2016,Tamil Nadu,170, , ,6,2,5,236.6666667
4/27/2016,Tamil Nadu,171, , ,9,2,11,241.75
4/28/2016,Tamil Nadu,174, , ,8,2,9,244.5
4/29/2016,Tamil Nadu,173, , ,8,2,10,243.1666667
4/30/2016,Tamil Nadu,174, , ,8,2,9,244.5
5/1/2016,Tamil Nadu,174, , ,8,2,11,244.5
5/2/2016,Tamil Nadu,174, , ,9,2,7,245.75
5/3/2016,Tamil Nadu,173, , ,8,2,11,243.1666667
5/4/2016,Tamil Nadu,172, , ,5,2,6,238.0833333
5/5/2016,Tamil Nadu,173, , ,4,2,9,238.1666667
5/6/2016,Tamil Nadu,175, , ,6,2,9,243.3333333
5/7/2016,Tamil Nadu,173, , ,6,2,9,240.6666667
5/8/2016,Tamil Nadu,171, , ,7,2,9,239.25
5/9/2016,Tamil Nadu,170, , ,9,2,8,240.4166667
5/10/2016,Tamil Nadu,172, , ,6,2,8,239.3333333
5/11/2016,Tamil Nadu,174, , ,7,2,9,243.25
5/12/2016,Tamil Nadu,173, , ,7,2,9,241.9166667
5/13/2016,Tamil Nadu,172, , ,7,2,9,240.5833333
5/14/2016,Tamil Nadu,171, , ,7,2,8,239.25
5/15/2016,Tamil Nadu,167, , ,7,2,8,233.9166667
5/16/2016,Tamil Nadu,167, , ,7,2,8,233.9166667
5/17/2016,Tamil Nadu,200, , ,6,1,9,275.4166667
5/18/2016,Tamil Nadu,181, , ,7,1,10,251.3333333
5/19/2016,Tamil Nadu,154, , ,8,1,10,216.5833333
5/20/2016,Tamil Nadu,151, , ,6,3,9,212.5833333
5/21/2016,Tamil Nadu,148, , ,8,3,9,211.0833333
5/22/2016,Tamil Nadu,147, , ,10,3,9,212.25
5/23/2016,Tamil Nadu,140, , ,10,3,9,202.9166667
5/24/2016,Tamil Nadu,149, , ,10,5,14,217.4166667
5/25/2016,Tamil Nadu,128, , ,10,2,47,185.6666667
5/26/2016,Tamil Nadu,134, , ,10,1,15,192.4166667
5/27/2016,Tamil Nadu,134, , ,10,2,19,193.6666667
5/28/2016,Tamil Nadu,144, , ,9,2,16,205.75
5/29/2016,Tamil Nadu,144, , ,4,2, ,199.5
5/30/2016,Tamil Nadu,140, , ,4,2,15,194.1666667
5/31/2016,Tamil Nadu,140, , ,4,3,26,195.4166667
6/1/2016,Tamil Nadu,109, , ,4,2,20,152.8333333
6/2/2016,Tamil Nadu,90, , ,0,0, ,120
6/15/2016,Tamil Nadu,103, , ,5,3,30,147.3333333
6/16/2016,Tamil Nadu,105, , ,5,2,30,148.75
6/17/2016,Tamil Nadu,107, , ,5,3,28,152.6666667
6/18/2016,Tamil Nadu,121, , ,4,2,26,168.8333333
6/19/2016,Tamil Nadu,130, , ,4,2,22,180.8333333
6/20/2016,Tamil Nadu,105, , ,11,1,17,155
6/21/2016,Tamil Nadu,150, , ,7,3,15,212.5
6/22/2016,Tamil Nadu,96, , ,3,3,8,135.5
6/23/2016,Tamil Nadu,110, , ,2,2,6,151.6666667
6/24/2016,Tamil Nadu,102, , ,0,0, ,136
6/26/2016,Tamil Nadu,139, , ,3,0,12,189.0833333
6/27/2016,Tamil Nadu,64, , ,3,1,7,90.33333333
6/28/2016,Tamil Nadu,141, , ,5,0,7,194.25
6/29/2016,Tamil Nadu,130, , ,5,0, ,179.5833333
6/30/2016,Tamil Nadu,395, , ,4,3, ,535.4166667
1/4/2016,Tamil Nadu,110, , ,3,1,6,151.6666667
1/5/2016,Tamil Nadu,110, , ,3,2,4,152.9166667
1/6/2016,Tamil Nadu,111, , ,2,1,5,151.75
1/7/2016,Tamil Nadu,116, , ,3,1,5,159.6666667
1/8/2016,Tamil Nadu,119, , ,3,2,4,164.9166667
1/9/2016,Tamil Nadu,121, , ,3,3,5,168.8333333
1/10/2016,Tamil Nadu,116, , ,3,4,4,163.4166667
1/11/2016,Tamil Nadu,112, , ,3,2,4,155.5833333
1/12/2016,Tamil Nadu,133, , ,3,4,5,186.0833333
1/13/2016,Tamil Nadu,131, , ,4,6,9,187.1666667
1/14/2016,Tamil Nadu,145, , ,2,2,4,198.3333333
1/15/2016,Tamil Nadu,109, , ,2,1,2,149.0833333
1/16/2016,Tamil Nadu,106, , ,2,1,2,145.0833333
1/17/2016,Tamil Nadu,107, , ,2,2,2,147.6666667
1/18/2016,Tamil Nadu,106, , ,2,8,1,153.8333333
1/19/2016,Tamil Nadu,109, , ,2,2,1,150.3333333
1/20/2016,Tamil Nadu,101, , ,2,2,1,139.6666667
1/21/2016,Tamil Nadu,105, , ,2,2,1,145
1/22/2016,Tamil Nadu,108, , ,2,26,1,179
1/23/2016,Tamil Nadu,100, , ,2,3,1,139.5833333
1/24/2016,Tamil Nadu,99, , ,2,2,1,137
1/25/2016,Tamil Nadu,99, , ,2,3,1,138.25
1/26/2016,Tamil Nadu,101, , ,2,2,1,139.6666667
1/27/2016,Tamil Nadu,100, , ,2,2,1,138.3333333
1/28/2016,Tamil Nadu,103, , ,2,2,1,142.3333333
1/29/2016,Tamil Nadu,109, , ,3,2,1,151.5833333
1/30/2016,Tamil Nadu,102, , ,3,3,1,143.5
1/31/2016,Tamil Nadu,104, , ,2,3,1,144.9166667
2/1/2016,Tamil Nadu,92, , ,2,3,1,128.9166667
2/2/2016,Tamil Nadu,101, , ,2,2,1,139.6666667
2/3/2016,Tamil Nadu,101, , ,2,7,1,145.9166667
2/4/2016,Tamil Nadu,122, , ,1,8,1,173.9166667
2/5/2016,Tamil Nadu,109, , ,1,108,1,281.5833333
2/6/2016,Tamil Nadu,108, , ,1,23,1,174
2/7/2016,Tamil Nadu,106, , ,1,90,1,255.0833333
2/8/2016,Tamil Nadu,106, , ,1,24,1,172.5833333
2/9/2016,Tamil Nadu,117, , ,1,1, ,158.5
2/10/2016,Tamil Nadu,187, , ,1,1, ,251.8333333
2/11/2016,Tamil Nadu,151, , ,1,2, ,205.0833333
2/12/2016,Tamil Nadu,169, , ,1,1,21,227.8333333
2/13/2016,Tamil Nadu,161, , ,0,2,21,217.1666667
2/14/2016,Tamil Nadu,155, , ,0,30,21,244.1666667
2/15/2016,Tamil Nadu,155, , ,1,56,21,277.9166667
2/16/2016,Tamil Nadu,182, , ,1,78,22,341.4166667
2/17/2016,Tamil Nadu,179, , ,5,4,21,249.9166667
2/18/2016,Tamil Nadu,156, , ,0,1,21,209.25
2/19/2016,Tamil Nadu,182, , ,0,51,21,306.4166667
2/20/2016,Tamil Nadu,178, , ,0,35,21,281.0833333
2/21/2016,Tamil Nadu,153, , ,0,8,21,214
2/22/2016,Tamil Nadu,122, , ,0,62,21,240.1666667
2/23/2016,Tamil Nadu,144, , ,0,1,23,193.25
2/24/2016,Tamil Nadu,124, , ,0,1,22,166.5833333
2/25/2016,Tamil Nadu,141, , ,0,3,22,191.75
2/26/2016,Tamil Nadu,101, , ,0,1,22,135.9166667
2/27/2016,Tamil Nadu,147, , ,0,1,22,197.25
2/28/2016,Tamil Nadu,124, , ,0,1,22,166.5833333
2/29/2016,Tamil Nadu,136, , ,0,13,21,197.5833333
3/1/2016,Tamil Nadu,165, , ,51,15,21,302.5
3/2/2016,Tamil Nadu,160, , ,5,0,21,219.5833333
3/3/2016,Tamil Nadu,161, , ,5,1,21,222.1666667
3/4/2016,Tamil Nadu,179, , ,5,11,21,258.6666667
3/5/2016,Tamil Nadu,175, , ,4,18,21,260.8333333
3/6/2016,Tamil Nadu,172, , ,4,0,13,234.3333333
3/7/2016,Tamil Nadu,162, , ,5,1,7,223.5
3/8/2016,Tamil Nadu,159, , ,4,2,9,219.5
3/9/2016,Tamil Nadu,163, , ,0,0, ,217.3333333
3/14/2016,Tamil Nadu,177, , ,4,7,4,249.75
3/15/2016,Tamil Nadu,173, , ,4,3,7,239.4166667
3/16/2016,Tamil Nadu,175, , ,4,2,8,240.8333333
3/17/2016,Tamil Nadu,173, , ,4,2,11,238.1666667
3/18/2016,Tamil Nadu,174, , ,4,1,11,238.25
3/19/2016,Tamil Nadu,181, , ,3,0,10,245.0833333
3/20/2016,Tamil Nadu,174, , ,3,1,12,237
3/21/2016,Tamil Nadu,179, , ,4,2,11,246.1666667
3/22/2016,Tamil Nadu,178, , ,5,2,9,246.0833333
3/23/2016,Tamil Nadu,176, , ,5,2,7,243.4166667
3/24/2016,Tamil Nadu,174, , ,0,0, ,232
3/27/2016,Tamil Nadu,168, , ,2,2,7,229
3/28/2016,Tamil Nadu,171, , ,2,2,8,233
3/29/2016,Tamil Nadu,170, , ,2,3,7,232.9166667
3/30/2016,Tamil Nadu,171, , ,2,2,4,233
3/31/2016,Tamil Nadu,170, , ,2,2,7,231.6666667
10/1/2015,Tamil Nadu,148, , ,5,3,9,207.3333333
10/2/2015,Tamil Nadu,147, , ,5,3,8,206
10/3/2015,Tamil Nadu,146, , ,5,3,8,204.6666667
10/4/2015,Tamil Nadu,148, , ,5,3,9,207.3333333
10/5/2015,Tamil Nadu,154, , ,4,3,8,214.0833333
10/6/2015,Tamil Nadu,113, , ,5,3,8,160.6666667
10/7/2015,Tamil Nadu,97, , ,5,4,8,140.5833333
10/8/2015,Tamil Nadu,113, , ,4,3,8,159.4166667
10/9/2015,Tamil Nadu,107, , ,5,3,7,152.6666667
10/10/2015,Tamil Nadu,98, , ,0,0, ,130.6666667
10/12/2015,Tamil Nadu,108, , ,5,3,8,154
10/13/2015,Tamil Nadu,102, , ,5,2,7,144.75
10/14/2015,Tamil Nadu,102, , ,5,2,7,144.75
10/15/2015,Tamil Nadu,99, , ,5,2,7,140.75
10/16/2015,Tamil Nadu,107, , ,5,3,6,152.6666667
10/17/2015,Tamil Nadu,114, , ,5,2,6,160.75
10/18/2015,Tamil Nadu,100, , ,4,2,7,140.8333333
10/19/2015,Tamil Nadu,106, , ,0,4,8,146.3333333
10/20/2015,Tamil Nadu,139, , ,0,4,8,190.3333333
10/21/2015,Tamil Nadu,147, , ,0,3,8,199.75
10/22/2015,Tamil Nadu,160, , ,0,0, ,213.3333333
10/24/2015,Tamil Nadu,159, , ,4,7,7,225.75
10/25/2015,Tamil Nadu,158, , ,4,5,6,221.9166667
10/26/2015,Tamil Nadu,156, , ,4,2,7,215.5
10/27/2015,Tamil Nadu,165, , ,4,3,7,228.75
10/28/2015,Tamil Nadu,146, , ,9,3,7,209.6666667
10/29/2015,Tamil Nadu,163, , ,4,3,7,226.0833333
10/30/2015,Tamil Nadu,172, , ,4,3,7,238.0833333
10/31/2015,Tamil Nadu,159, , ,4,2,22,219.5
11/1/2015,Tamil Nadu,167, , ,4,2,9,230.1666667
11/2/2015,Tamil Nadu,161, , ,4,2,14,222.1666667
11/3/2015,Tamil Nadu,159, , ,4,1,14,218.25
11/4/2015,Tamil Nadu,162, , ,4,1,15,222.25
11/5/2015,Tamil Nadu,150, , ,17,1,14,222.5
11/6/2015,Tamil Nadu,158, , ,11,3,11,228.1666667
11/7/2015,Tamil Nadu,166, , ,11,9,11,246.3333333
11/8/2015,Tamil Nadu,123, , ,8,13,10,190.25
11/9/2015,Tamil Nadu,83, , ,9,2,12,124.4166667
11/10/2015,Tamil Nadu,101, , ,11,2,12,150.9166667
11/11/2015,Tamil Nadu,118, , ,10,2,14,172.3333333
11/12/2015,Tamil Nadu,116, , ,8,2,12,167.1666667
11/13/2015,Tamil Nadu,94, , ,7,2,12,136.5833333
11/14/2015,Tamil Nadu,90, , ,7,2,11,131.25
11/15/2015,Tamil Nadu,90, , ,6,6,12,135
11/16/2015,Tamil Nadu,87, , ,6,2,9,126
11/17/2015,Tamil Nadu,83, , ,7,2,11,121.9166667
11/18/2015,Tamil Nadu,85, , ,5,3,12,123.3333333
11/19/2015,Tamil Nadu,70, , ,3,2,13,99.58333333
11/20/2015,Tamil Nadu,56, , ,3,2,11,80.91666667
11/21/2015,Tamil Nadu,52, , ,3,3,10,76.83333333
11/22/2015,Tamil Nadu,52, , ,2,2,12,74.33333333
11/23/2015,Tamil Nadu,51, , ,2,3,12,74.25
11/24/2015,Tamil Nadu,51, , ,3,1,12,73
11/25/2015,Tamil Nadu,53, , ,2,2,12,75.66666667
11/26/2015,Tamil Nadu,52, , ,2,2,12,74.33333333
11/27/2015,Tamil Nadu,51, , ,3,2,13,74.25
11/28/2015,Tamil Nadu,55, , ,0,0, ,73.33333333
11/30/2015,Tamil Nadu,53, , ,2,2,13,75.66666667
12/1/2015,Tamil Nadu,54, , ,0,0, ,72
12/9/2015,Tamil Nadu,51, , ,1,0,11,69.25
12/10/2015,Tamil Nadu,54, , ,1,0,13,73.25
12/11/2015,Tamil Nadu,57, , ,2,0,12,78.5
12/12/2015,Tamil Nadu,53, , ,2,1,11,74.41666667
12/13/2015,Tamil Nadu,54, , ,2,1,11,75.75
12/14/2015,Tamil Nadu,56, , ,2,0,9,77.16666667
12/15/2015,Tamil Nadu,57, , ,1,2,11,79.75
12/16/2015,Tamil Nadu,56, , ,2,1,14,78.41666667
12/17/2015,Tamil Nadu,55, , ,2,1,14,77.08333333
12/18/2015,Tamil Nadu,56, , ,2,0,16,77.16666667
12/19/2015,Tamil Nadu,54, , ,2,0,17,74.5
12/20/2015,Tamil Nadu,55, , ,1,0,22,74.58333333
12/21/2015,Tamil Nadu,90, , ,2,0,24,122.5
12/22/2015,Tamil Nadu,114, , ,2,1,5,155.75
12/23/2015,Tamil Nadu,122, , ,2,1,7,166.4166667
12/24/2015,Tamil Nadu,91, , ,2,1,6,125.0833333
12/25/2015,Tamil Nadu,128, , ,1,1,6,173.1666667
12/26/2015,Tamil Nadu,121, , ,3,1,12,166.3333333
12/27/2015,Tamil Nadu,168, , ,3,2,119,230.25
12/28/2015,Tamil Nadu,101, , ,3,2,18,140.9166667
12/29/2015,Tamil Nadu,116, , ,3,1,5,159.6666667
12/30/2015,Tamil Nadu,103, , ,4,1,2,143.5833333
12/31/2015,Tamil Nadu,108, , ,0,0, ,144
1/2/2016,Tamil Nadu,116, , ,2,1,11,158.4166667
1/3/2016,Tamil Nadu,104, , ,3,1,3,143.6666667
7/1/2015,Tamil Nadu,179, , ,6,6,25,253.6666667
7/2/2015,Tamil Nadu,171, , ,6,5,22,241.75
7/3/2015,Tamil Nadu,176, , ,6,5,24,248.4166667
7/4/2015,Tamil Nadu,180, , ,6,5,25,253.75
7/5/2015,Tamil Nadu,182, , ,6,6,26,257.6666667
7/6/2015,Tamil Nadu,179, , ,6,9,24,257.4166667
7/7/2015,Tamil Nadu,177, , ,6,8,26,253.5
7/8/2015,Tamil Nadu,181, , ,6,6,24,256.3333333
7/9/2015,Tamil Nadu,177, , ,6,6,25,251
7/10/2015,Tamil Nadu,179, , ,6,6,25,253.6666667
7/11/2015,Tamil Nadu,178, , ,6,6,25,252.3333333
7/12/2015,Tamil Nadu,179, , ,6,8,26,256.1666667
7/13/2015,Tamil Nadu,182, , ,6,8,24,260.1666667
7/14/2015,Tamil Nadu,177, , ,6,7,25,252.25
7/15/2015,Tamil Nadu,179, , ,6,6,25,253.6666667
7/16/2015,Tamil Nadu,179, , ,6,6,26,253.6666667
7/17/2015,Tamil Nadu,182, , ,6,8,23,260.1666667
7/18/2015,Tamil Nadu,166, , ,6,9,18,240.0833333
7/19/2015,Tamil Nadu,149, , ,6,7,19,214.9166667
7/20/2015,Tamil Nadu,146, , ,6,8,16,212.1666667
7/21/2015,Tamil Nadu,169, , ,6,3,16,236.5833333
7/22/2015,Tamil Nadu,160, , ,6,4,16,225.8333333
7/23/2015,Tamil Nadu,152, , ,6,7,16,218.9166667
7/24/2015,Tamil Nadu,146, , ,6,7,16,210.9166667
7/25/2015,Tamil Nadu,154, , ,6,11,17,226.5833333
7/26/2015,Tamil Nadu,152, , ,6,10,26,222.6666667
7/27/2015,Tamil Nadu,149, , ,6,5,17,212.4166667
7/28/2015,Tamil Nadu,151, , ,6,5,17,215.0833333
7/29/2015,Tamil Nadu,151, , ,6,10,19,221.3333333
7/30/2015,Tamil Nadu,154, , ,6,14,17,230.3333333
7/31/2015,Tamil Nadu,158, , ,6,10,19,230.6666667
8/1/2015,Tamil Nadu,150, , ,6,15,20,226.25
8/2/2015,Tamil Nadu,149, , ,6,5,20,212.4166667
8/3/2015,Tamil Nadu,145, , ,6,6, ,208.3333333
8/4/2015,Tamil Nadu,165, , ,6,8,23,237.5
8/5/2015,Tamil Nadu,155, , ,6,5,73,220.4166667
8/6/2015,Tamil Nadu,154, , ,6,6,20,220.3333333
8/7/2015,Tamil Nadu,148, , ,6,5,82,211.0833333
8/8/2015,Tamil Nadu,161, , ,6,7, ,230.9166667
8/9/2015,Tamil Nadu,157, , ,6,6, ,224.3333333
8/10/2015,Tamil Nadu,153, , ,6,5, ,217.75
8/11/2015,Tamil Nadu,158, , ,6,6, ,225.6666667
8/12/2015,Tamil Nadu,141, , ,6,7,10,204.25
8/13/2015,Tamil Nadu,153, , ,6,5,10,217.75
8/14/2015,Tamil Nadu,157, , ,6,5,10,223.0833333
8/15/2015,Tamil Nadu,150, , ,6,6,10,215
8/16/2015,Tamil Nadu,157, , ,6,6,10,224.3333333
8/17/2015,Tamil Nadu,142, , ,6,6,10,204.3333333
8/18/2015,Tamil Nadu,143, , ,6,5,10,204.4166667
8/19/2015,Tamil Nadu,150, , ,6,4,10,212.5
8/20/2015,Tamil Nadu,138, , ,6,5, ,197.75
8/21/2015,Tamil Nadu,148, , ,6,2,18,207.3333333
8/22/2015,Tamil Nadu,162, , ,0,0,0,216
8/24/2015,Tamil Nadu,151, , ,7,2,66,212.5833333
8/25/2015,Tamil Nadu,164, , ,5,5,18,231.1666667
8/26/2015,Tamil Nadu,163, , ,6,6,11,232.3333333
8/27/2015,Tamil Nadu,130, , ,6,6,16,188.3333333
8/28/2015,Tamil Nadu,148, , ,5,3,7,207.3333333
8/29/2015,Tamil Nadu,94, , ,6,3,34,136.5833333
8/30/2015,Tamil Nadu,214, , ,6,2,22,295.3333333
8/31/2015,Tamil Nadu,167, , ,6,3,15,233.9166667
9/1/2015,Tamil Nadu,143, , ,6,3,7,201.9166667
9/2/2015,Tamil Nadu,60, , ,6,6,10,95
9/3/2015,Tamil Nadu,77, , ,6,3,11,113.9166667
9/4/2015,Tamil Nadu,84, , ,6,3,10,123.25
9/5/2015,Tamil Nadu,78, , ,7,4,10,117.75
9/6/2015,Tamil Nadu,78, , ,6,5,9,117.75
9/7/2015,Tamil Nadu,71, , ,6,3,16,105.9166667
9/8/2015,Tamil Nadu,105, , ,7,3,8,152.5
9/9/2015,Tamil Nadu,70, , ,6,3,9,104.5833333
9/10/2015,Tamil Nadu,75, , ,5,5,10,112.5
9/11/2015,Tamil Nadu,81, , ,5,3,12,118
9/12/2015,Tamil Nadu,93, , ,6,3,11,135.25
9/13/2015,Tamil Nadu,85, , ,6,4,13,125.8333333
9/14/2015,Tamil Nadu,96, , ,6,3,11,139.25
9/15/2015,Tamil Nadu,83, , ,6,4,13,123.1666667
9/16/2015,Tamil Nadu,97, , ,7,3,12,141.8333333
9/17/2015,Tamil Nadu,87, , ,7,3,14,128.5
9/18/2015,Tamil Nadu,105, , ,6,12,22,162.5
9/19/2015,Tamil Nadu,126, , ,6,3,10,179.25
9/20/2015,Tamil Nadu,80, , ,6,3,11,117.9166667
9/21/2015,Tamil Nadu,85, , ,6,3,15,124.5833333
9/22/2015,Tamil Nadu,96, , ,6,3,8,139.25
9/23/2015,Tamil Nadu,129, , ,5,2,10,180.75
9/24/2015,Tamil Nadu,148, , ,5,3,10,207.3333333
9/25/2015,Tamil Nadu,157, , ,4,3,9,218.0833333
9/26/2015,Tamil Nadu,152, , ,5,9,10,220.1666667
9/27/2015,Tamil Nadu,148, , ,5,3,9,207.3333333
9/28/2015,Tamil Nadu,148, , ,5,8,9,213.5833333
9/29/2015,Tamil Nadu,148, , ,5,5,8,209.8333333
9/30/2015,Tamil Nadu,142, , ,4,4,8,199.3333333
5/13/2015,Tamil Nadu,179, , ,9,6,16,257.4166667
5/14/2015,Tamil Nadu,205, , ,8,6,15,290.8333333
5/15/2015,Tamil Nadu,158, , ,6,6,20,225.6666667
5/16/2015,Tamil Nadu,160, , ,6,6,32,228.3333333
5/17/2015,Tamil Nadu,160, , ,6,6,14,228.3333333
5/18/2015,Tamil Nadu,161, , ,6,6,15,229.6666667
5/19/2015,Tamil Nadu,159, , ,6,6,21,227
5/20/2015,Tamil Nadu,160, , ,6,6,16,228.3333333
5/21/2015,Tamil Nadu,163, , ,6,6,16,232.3333333
5/22/2015,Tamil Nadu,161, , ,6,6,22,229.6666667
5/23/2015,Tamil Nadu,161, , ,6,5,19,228.4166667
5/24/2015,Tamil Nadu,160, , ,6,5,15,227.0833333
5/25/2015,Tamil Nadu,160, , ,6,5,18,227.0833333
5/26/2015,Tamil Nadu,210, , ,6,39,44,336.25
5/27/2015,Tamil Nadu,161, , ,6,5,113,228.4166667
5/28/2015,Tamil Nadu,162, , ,6,5,18,229.75
5/29/2015,Tamil Nadu,161, , ,6,5,9,228.4166667
5/30/2015,Tamil Nadu,162, , ,6,5,11,229.75
5/31/2015,Tamil Nadu,161, , ,6,5,12,228.4166667
6/1/2015,Tamil Nadu,159, , ,6,5,10,225.75
6/2/2015,Tamil Nadu,162, , ,6,5,17,229.75
6/3/2015,Tamil Nadu,162, , ,6,5,10,229.75
6/4/2015,Tamil Nadu,164, , ,6,5,12,232.4166667
6/5/2015,Tamil Nadu,163, , ,6,5,10,231.0833333
6/6/2015,Tamil Nadu,162, , ,6,5,11,229.75
6/7/2015,Tamil Nadu,162, , ,6,5,13,229.75
6/8/2015,Tamil Nadu,161, , ,6,5,18,228.4166667
6/9/2015,Tamil Nadu,165, , ,6,8,18,237.5
6/10/2015,Tamil Nadu,161, , ,6,6,60,229.6666667
6/11/2015,Tamil Nadu,163, , ,6,4,21,229.8333333
6/12/2015,Tamil Nadu,165, , ,6,5,20,233.75
6/13/2015,Tamil Nadu,159, , ,6,5,19,225.75
6/14/2015,Tamil Nadu,160, , ,6,4,24,225.8333333
6/15/2015,Tamil Nadu,164, , ,6,5,20,232.4166667
6/16/2015,Tamil Nadu,162, , ,6,5,19,229.75
6/17/2015,Tamil Nadu,152, , ,6,6,33,217.6666667
6/18/2015,Tamil Nadu,162, , ,6,5,18,229.75
6/19/2015,Tamil Nadu,162, , ,6,7,40,232.25
6/20/2015,Tamil Nadu,161, , ,6,7,22,230.9166667
6/21/2015,Tamil Nadu,159, , ,6,6,25,227
6/22/2015,Tamil Nadu,159, , ,6,5,51,225.75
6/23/2015,Tamil Nadu,164, , ,6,8,16,236.1666667
6/24/2015,Tamil Nadu,160, , ,6,6,16,228.3333333
6/25/2015,Tamil Nadu,161, , ,6,7,16,230.9166667
6/26/2015,Tamil Nadu,169, , ,6,9,28,244.0833333
6/27/2015,Tamil Nadu,179, , ,6,6,25,253.6666667
6/29/2015,Tamil Nadu,174, , ,6,5,23,245.75
6/30/2015,Tamil Nadu,183, , ,6,6,27,259
12/31/2019,Tamil Nadu,0,33,15,5,8,5,16.25
11/14/2019,Tamil Nadu,0,53,65,5,3,2,10
10/3/2019,Tamil Nadu,0, , ,3,2,4,6.25
10/6/2019,Tamil Nadu,0, , ,24,2,7,32.5
10/13/2019,Tamil Nadu,0, , ,1,2,4,3.75
10/20/2019,Tamil Nadu,0, , ,2,3,7,6.25
10/27/2019,Tamil Nadu,0, , ,25,7,13,40
11/3/2019,Tamil Nadu,0, , ,11,6,8,21.25
8/13/2019,Tamil Nadu,0, , ,6,9,11,18.75
8/18/2019,Tamil Nadu,0, , ,12,4,14,20
9/1/2019,Tamil Nadu,0, , ,12,3,17,18.75
9/8/2019,Tamil Nadu,0, , ,5,3,6,10
9/16/2019,Tamil Nadu,0, , ,3,3,4,7.5
5/22/2019,Tamil Nadu,0, , ,6,4,14,12.5
6/28/2019,Tamil Nadu,0, , ,10,3,10,16.25
12/31/2018,Tamil Nadu,0, , ,5,11,11,20
1/19/2019,Tamil Nadu,0, , ,5,5,11,12.5
1/20/2019,Tamil Nadu,0, , ,5,5,10,12.5
2/12/2019,Tamil Nadu,0, , ,5,3,10,10
12/14/2018,Tamil Nadu,0, , ,6,5,13,13.75
9/13/2018,Tamil Nadu,0, , ,6,2,8,10
9/26/2018,Tamil Nadu,0, , ,5,2,8,8.75
5/9/2018,Tamil Nadu,0, , ,11,3,8,17.5
11/16/2017,Tamil Nadu,0, , ,8,6,4,17.5
9/10/2017,Tamil Nadu,0, , ,4,8,5,15
4/1/2017,Tamil Nadu,0, , ,9,1,4,12.5
12/6/2016,Tamil Nadu,0, , ,9,1, ,12.5
6/14/2016,Tamil Nadu,0, , ,5,3,28,10
6/25/2016,Tamil Nadu,0, , ,16,0,1,20
3/13/2016,Tamil Nadu,0, , ,3,1,5,5
10/11/2015,Tamil Nadu,0, , ,4,3,8,8.75
10/23/2015,Tamil Nadu,0, , ,4,3,7,8.75
11/29/2015,Tamil Nadu,0, , ,2,2,11,5
12/8/2015,Tamil Nadu,0, , ,1,1,17,2.5
1/1/2016,Tamil Nadu,0, , ,3,10,5,16.25
8/23/2015,Tamil Nadu,0, , ,6,4,15,12.5
4/1/2015,Tamil Nadu,0, , ,5,5,17,12.5
4/2/2015,Tamil Nadu,0, , ,5,3,19,10
4/3/2015,Tamil Nadu,0, , ,5,2,21,8.75
4/4/2015,Tamil Nadu,0, , ,5,1,18,7.5
4/5/2015,Tamil Nadu,0, , ,4,1,18,6.25
4/6/2015,Tamil Nadu,0, , ,5,2,15,8.75
4/7/2015,Tamil Nadu,0, , ,5,3,12,10
4/8/2015,Tamil Nadu,0, , ,5,0,10,6.25
4/9/2015,Tamil Nadu,0, , ,5,0,19,6.25
4/10/2015,Tamil Nadu,0, , ,5,1,16,7.5
4/11/2015,Tamil Nadu,0, , ,5,1,18,7.5
4/12/2015,Tamil Nadu,0, , ,4,0,12,5
4/13/2015,Tamil Nadu,0, , ,6,2,15,10
4/14/2015,Tamil Nadu,0, , ,7,3,15,12.5
4/15/2015,Tamil Nadu,0, , ,5,1,14,7.5
4/16/2015,Tamil Nadu,0, , ,6,1,16,8.75
4/17/2015,Tamil Nadu,0, , ,6,1,13,8.75
4/18/2015,Tamil Nadu,0, , ,9,1,14,12.5
4/19/2015,Tamil Nadu,0, , ,5,2,15,8.75
4/20/2015,Tamil Nadu,0, , ,5,3,19,10
4/21/2015,Tamil Nadu,0, , ,5,2,9,8.75
4/22/2015,Tamil Nadu,0, , ,5,4,14,11.25
4/23/2015,Tamil Nadu,0, , ,4,1,3,6.25
4/24/2015,Tamil Nadu,0, , ,5,0,6,6.25
4/25/2015,Tamil Nadu,0, , ,5,5,7,12.5
4/26/2015,Tamil Nadu,0, , ,5,0,13,6.25
4/27/2015,Tamil Nadu,0, , ,5,0,15,6.25
4/28/2015,Tamil Nadu,0, , ,5,16,22,26.25
4/29/2015,Tamil Nadu,0, , ,5,4,26,11.25
4/30/2015,Tamil Nadu,0, , ,4,5,15,11.25
5/1/2015,Tamil Nadu,0, , ,5,2,13,8.75
5/2/2015,Tamil Nadu,0, , ,4,1,11,6.25
5/3/2015,Tamil Nadu,0, , ,4,2,15,7.5
5/4/2015,Tamil Nadu,0, , ,5,2,11,8.75
5/5/2015,Tamil Nadu,0, , ,4,1,14,6.25
5/6/2015,Tamil Nadu,0, , ,4,3,12,8.75
5/7/2015,Tamil Nadu,0, , ,8,6,11,17.5
5/8/2015,Tamil Nadu,0, , ,8,9,11,21.25
5/9/2015,Tamil Nadu,0, , ,7,8,11,18.75
5/10/2015,Tamil Nadu,0, , ,7,6,11,16.25
5/11/2015,Tamil Nadu,0, , ,8,6,13,17.5
5/12/2015,Tamil Nadu,0, , ,8,6,15,17.5
1/1/2015,Tamil Nadu,0, , ,5,4,13,11.25
1/2/2015,Tamil Nadu,0, , ,3,2,12,6.25
1/3/2015,Tamil Nadu,0, , ,5,0, ,6.25
1/5/2015,Tamil Nadu,0, , ,3,2,8,6.25
1/6/2015,Tamil Nadu,0, , ,5,4,14,11.25
1/7/2015,Tamil Nadu,0, , ,3,5,14,10
1/8/2015,Tamil Nadu,0, , ,3,4,16,8.75
1/9/2015,Tamil Nadu,0, , ,5,0, ,6.25
1/11/2015,Tamil Nadu,0, , ,3,4,15,8.75
1/12/2015,Tamil Nadu,0, , ,5,5,12,12.5
1/13/2015,Tamil Nadu,0, , ,5,2,17,8.75
1/14/2015,Tamil Nadu,0, , ,5,5,12,12.5
1/15/2015,Tamil Nadu,0, , ,3,4,13,8.75
1/16/2015,Tamil Nadu,0, , ,3,0, ,3.75
1/19/2015,Tamil Nadu,0, , ,6,3,24,11.25
1/20/2015,Tamil Nadu,0, , ,7,10,13,21.25
1/21/2015,Tamil Nadu,0, , ,2,5,17,8.75
1/22/2015,Tamil Nadu,0, , ,3,13,14,20
1/23/2015,Tamil Nadu,0, , ,2,0, ,2.5
1/27/2015,Tamil Nadu,0, , ,3,3,10,7.5
1/28/2015,Tamil Nadu,0, , ,3,8,11,13.75
1/29/2015,Tamil Nadu,0, , ,3,0,17,3.75
1/30/2015,Tamil Nadu,0, , ,2,4,14,7.5
1/31/2015,Tamil Nadu,0, , ,3,0, ,3.75
2/2/2015,Tamil Nadu,0, , ,4,1,10,6.25
2/3/2015,Tamil Nadu,0, , ,3,2,7,6.25
2/4/2015,Tamil Nadu,0, , ,4,4,12,10
2/5/2015,Tamil Nadu,0, , ,2,2,16,5
2/6/2015,Tamil Nadu,0, , ,4,0, ,5
2/9/2015,Tamil Nadu,0, , ,4,4,17,10
2/10/2015,Tamil Nadu,0, , ,3,4,24,8.75
2/11/2015,Tamil Nadu,0, , ,2,2,17,5
2/12/2015,Tamil Nadu,0, , ,2,3,19,6.25
2/13/2015,Tamil Nadu,0, , ,1,0, ,1.25
2/16/2015,Tamil Nadu,0, , ,1,0, ,1.25
2/18/2015,Tamil Nadu,0, , ,2,0, ,2.5
2/20/2015,Tamil Nadu,0, , ,1,2,11,3.75
2/21/2015,Tamil Nadu,0, , ,2,2,10,5
2/22/2015,Tamil Nadu,0, , ,2,2,12,5
2/23/2015,Tamil Nadu,0, , ,1,4,14,6.25
2/24/2015,Tamil Nadu,0, , ,1,2,21,3.75
2/25/2015,Tamil Nadu,0, , ,0,0, ,0
3/2/2015,Tamil Nadu,0, , ,0,3,22,3.75
3/10/2015,Tamil Nadu,0, , ,7,1,17,10
3/11/2015,Tamil Nadu,0, , ,7,4,12,13.75
3/12/2015,Tamil Nadu,0, , ,10,2,17,15
3/13/2015,Tamil Nadu,0, , ,6,2,15,10
3/14/2015,Tamil Nadu,0, , ,5,2,16,8.75
3/15/2015,Tamil Nadu,0, , ,4,0, ,5
3/18/2015,Tamil Nadu,0, , ,9,2,17,13.75
3/19/2015,Tamil Nadu,0, , ,7,0, ,8.75
3/23/2015,Tamil Nadu,0, , ,7,0, ,8.75
3/25/2015,Tamil Nadu,0, , ,5,4,25,11.25
3/26/2015,Tamil Nadu,0, , ,16,36,21,65
3/27/2015,Tamil Nadu,0, , ,5,7,23,15
3/28/2015,Tamil Nadu,0, , ,5,0, ,6.25
3/30/2015,Tamil Nadu,0, , ,5,4,14,11.25
3/31/2015,Tamil Nadu,0, , ,4,2,19,7.5
10/4/2014,Tamil Nadu,0, , ,2,0, ,2.5
10/15/2014,Tamil Nadu,0, , ,1,0, ,1.25
10/21/2014,Tamil Nadu,0, , ,3,1,13,5
10/22/2014,Tamil Nadu,0, , ,2,0, ,2.5
10/24/2014,Tamil Nadu,0, , ,4,0, ,5
10/27/2014,Tamil Nadu,0, , ,2,8,12,12.5
10/28/2014,Tamil Nadu,0, , ,2,14,11,20
10/29/2014,Tamil Nadu,0, , ,2,4,14,7.5
10/30/2014,Tamil Nadu,0, , ,2,4,15,7.5
10/31/2014,Tamil Nadu,0, , ,2,0, ,2.5
11/5/2014,Tamil Nadu,0, , ,9,2,11,13.75
11/6/2014,Tamil Nadu,0, , ,10,0, ,12.5
11/13/2014,Tamil Nadu,0, , ,2,0, ,2.5
11/18/2014,Tamil Nadu,0, , ,6,0, ,7.5
11/24/2014,Tamil Nadu,0, , ,3,0, ,3.75
11/27/2014,Tamil Nadu,0, , ,3,11,18,17.5
11/28/2014,Tamil Nadu,0, , ,4,0, ,5
11/29/2014,Tamil Nadu,0, , ,4,0, ,5
12/1/2014,Tamil Nadu,0, , ,2,0, ,2.5
12/4/2014,Tamil Nadu,0, , ,4,3,15,8.75
12/5/2014,Tamil Nadu,0, , ,3,3,14,7.5
12/6/2014,Tamil Nadu,0, , ,3,4,14,8.75
12/7/2014,Tamil Nadu,0, , ,3,3,13,7.5
12/8/2014,Tamil Nadu,0, , ,3,3,14,7.5
12/9/2014,Tamil Nadu,0, , ,2,2,13,5
12/10/2014,Tamil Nadu,0, , ,2,0, ,2.5
12/12/2014,Tamil Nadu,0, , ,2,3,15,6.25
12/13/2014,Tamil Nadu,0, , ,3,3,15,7.5
12/14/2014,Tamil Nadu,0, , ,2,3,13,6.25
12/15/2014,Tamil Nadu,0, , ,2,5,8,8.75
12/16/2014,Tamil Nadu,0, , ,1,3,14,5
12/17/2014,Tamil Nadu,0, , ,1,3,14,5
12/18/2014,Tamil Nadu,0, , ,5,4,17,11.25
12/19/2014,Tamil Nadu,0, , ,3,0, ,3.75
12/22/2014,Tamil Nadu,0, , ,2,3,10,6.25
12/23/2014,Tamil Nadu,0, , ,2,4,14,7.5
12/24/2014,Tamil Nadu,0, , ,2,0, ,2.5
12/26/2014,Tamil Nadu,0, , ,2,2,15,5
12/27/2014,Tamil Nadu,0, , ,4,0, ,5
7/3/2014,Tamil Nadu,0, , ,20,0,5,25
7/4/2014,Tamil Nadu,0, , ,20,0, ,25
7/6/2014,Tamil Nadu,0, , ,26,0,6,32.5
7/7/2014,Tamil Nadu,0, , ,20,13,13,41.25
7/8/2014,Tamil Nadu,0, , ,22,0,5,27.5
7/9/2014,Tamil Nadu,0, , ,21,0,14,26.25
7/10/2014,Tamil Nadu,0, , ,13,0,9,16.25
7/11/2014,Tamil Nadu,0, , ,15,0, ,18.75
7/14/2014,Tamil Nadu,0, , ,17,5,9,27.5
7/15/2014,Tamil Nadu,0, , ,17,1,11,22.5
7/16/2014,Tamil Nadu,0, , ,17,0, ,21.25
7/18/2014,Tamil Nadu,0, , ,20,0, ,25
8/2/2014,Tamil Nadu,0, , ,20,0, ,25
8/5/2014,Tamil Nadu,0, , ,19,0, ,23.75
8/8/2014,Tamil Nadu,0, , ,14,0, ,17.5
8/27/2014,Tamil Nadu,0, , ,20,0, ,25
9/16/2014,Tamil Nadu,0, , ,4,0, ,5
4/1/2014,Tamil Nadu,0, , ,23,6, ,36.25
4/2/2014,Tamil Nadu,0, , ,20,6, ,32.5
4/3/2014,Tamil Nadu,0, , ,21,7, ,35
4/4/2014,Tamil Nadu,0, , ,22,0, ,27.5
4/7/2014,Tamil Nadu,0, , ,21,6, ,33.75
4/8/2014,Tamil Nadu,0, , ,21,6, ,33.75
4/9/2014,Tamil Nadu,0, , ,21,7, ,35
4/10/2014,Tamil Nadu,0, , ,24,6, ,37.5
4/11/2014,Tamil Nadu,0, , ,20,6, ,32.5
4/12/2014,Tamil Nadu,0, , ,21,8, ,36.25
4/13/2014,Tamil Nadu,0, , ,26,0, ,32.5
4/15/2014,Tamil Nadu,0, , ,23,0, ,28.75
4/16/2014,Tamil Nadu,0, , ,23,0, ,28.75
4/17/2014,Tamil Nadu,0, , ,22,0, ,27.5
4/18/2014,Tamil Nadu,0, , ,22,0, ,27.5
4/19/2014,Tamil Nadu,0, , ,23,0, ,28.75
4/20/2014,Tamil Nadu,0, , ,22,0, ,27.5
4/21/2014,Tamil Nadu,0, , ,22,6, ,35
4/22/2014,Tamil Nadu,0, , ,21,6, ,33.75
4/23/2014,Tamil Nadu,0, , ,21,6, ,33.75
4/24/2014,Tamil Nadu,0, , ,21,7, ,35
4/25/2014,Tamil Nadu,0, , ,22,7, ,36.25
4/26/2014,Tamil Nadu,0, , ,23,6, ,36.25
4/27/2014,Tamil Nadu,0, , ,21,6, ,33.75
4/28/2014,Tamil Nadu,0, , ,18,0, ,22.5
5/8/2014,Tamil Nadu,0, , ,20,6, ,32.5
5/9/2014,Tamil Nadu,0, , ,20,0, ,25
5/27/2014,Tamil Nadu,0, , ,18,0, ,22.5
5/29/2014,Tamil Nadu,0, , ,17,6,15,28.75
5/30/2014,Tamil Nadu,0, , ,19,0, ,23.75
6/1/2014,Tamil Nadu,0, , ,22,7,5,36.25
6/2/2014,Tamil Nadu,0, , ,22,7,1,36.25
6/3/2014,Tamil Nadu,0, , ,23,7,3,37.5
6/4/2014,Tamil Nadu,0, , ,22,6,4,35
6/5/2014,Tamil Nadu,0, , ,21,6,5,33.75
6/6/2014,Tamil Nadu,0, , ,20,6,4,32.5
6/7/2014,Tamil Nadu,0, , ,21,6,6,33.75
6/8/2014,Tamil Nadu,0, , ,19,6,5,31.25
6/9/2014,Tamil Nadu,0, , ,19,0, ,23.75
6/11/2014,Tamil Nadu,0, , ,23,6,4,36.25
6/12/2014,Tamil Nadu,0, , ,21,7,3,35
6/13/2014,Tamil Nadu,0, , ,22,7,2,36.25
6/14/2014,Tamil Nadu,0, , ,24,7,2,38.75
6/15/2014,Tamil Nadu,0, , ,23,7,2,37.5
6/16/2014,Tamil Nadu,0, , ,24,8, ,40
6/17/2014,Tamil Nadu,0, , ,28,5,7,41.25
6/18/2014,Tamil Nadu,0, , ,18,5,8,28.75
6/19/2014,Tamil Nadu,0, , ,18,4,7,27.5
6/20/2014,Tamil Nadu,0, , ,15,6,7,26.25
6/21/2014,Tamil Nadu,0, , ,19,0, ,23.75
1/1/2014,Tamil Nadu,0, , ,14,0,6,17.5
1/2/2014,Tamil Nadu,0, , ,13,0,5,16.25
1/3/2014,Tamil Nadu,0, , ,13,0,5,16.25
1/4/2014,Tamil Nadu,0, , ,14,0, ,17.5
1/6/2014,Tamil Nadu,0, , ,13,0,6,16.25
1/7/2014,Tamil Nadu,0, , ,13,0,10,16.25
1/8/2014,Tamil Nadu,0, , ,12,0,21,15
1/9/2014,Tamil Nadu,0, , ,14,0, ,17.5
1/15/2014,Tamil Nadu,0, , ,11,4, ,18.75
1/16/2014,Tamil Nadu,0, , ,14,0, ,17.5
1/18/2014,Tamil Nadu,0, , ,12,3,10,18.75
1/19/2014,Tamil Nadu,0, , ,12,4, ,20
1/20/2014,Tamil Nadu,0, , ,12,3,4,18.75
1/21/2014,Tamil Nadu,0, , ,11,4, ,18.75
1/22/2014,Tamil Nadu,0, , ,12,4, ,20
1/23/2014,Tamil Nadu,0, , ,12,3, ,18.75
1/24/2014,Tamil Nadu,0, , ,11,0, ,13.75
1/28/2014,Tamil Nadu,0, , ,13,3, ,20
1/29/2014,Tamil Nadu,0, , ,12,4, ,20
1/30/2014,Tamil Nadu,0, , ,13,3, ,20
1/31/2014,Tamil Nadu,0, , ,11,0, ,13.75
2/4/2014,Tamil Nadu,0, , ,13,4, ,21.25
2/5/2014,Tamil Nadu,0, , ,13,4, ,21.25
2/6/2014,Tamil Nadu,0, , ,14,4, ,22.5
2/7/2014,Tamil Nadu,0, , ,15,0, ,18.75
2/9/2014,Tamil Nadu,0, , ,15,4, ,23.75
2/10/2014,Tamil Nadu,0, , ,14,7,2,26.25
2/11/2014,Tamil Nadu,0, , ,23,4, ,33.75
2/12/2014,Tamil Nadu,0, , ,14,4, ,22.5
2/13/2014,Tamil Nadu,0, , ,14,4, ,22.5
2/14/2014,Tamil Nadu,0, , ,13,4, ,21.25
2/15/2014,Tamil Nadu,0, , ,14,0, ,17.5
2/17/2014,Tamil Nadu,0, , ,14,7, ,26.25
2/18/2014,Tamil Nadu,0, , ,24,3, ,33.75
2/19/2014,Tamil Nadu,0, , ,11,17,26,35
2/20/2014,Tamil Nadu,0, , ,15,28, ,53.75
2/21/2014,Tamil Nadu,0, , ,65,0, ,81.25
2/24/2014,Tamil Nadu,0, , ,2,1, ,3.75
2/25/2014,Tamil Nadu,0, , ,4,0, ,5
2/26/2014,Tamil Nadu,0, , ,1,0, ,1.25
3/2/2014,Tamil Nadu,0, , ,0,0, ,0
3/11/2014,Tamil Nadu,0, , ,1,0, ,1.25
3/24/2014,Tamil Nadu,0, , ,17,5, ,27.5
3/25/2014,Tamil Nadu,0, , ,18,6, ,30
3/26/2014,Tamil Nadu,0, , ,20,6, ,32.5
3/27/2014,Tamil Nadu,0, , ,20,6, ,32.5
3/28/2014,Tamil Nadu,0, , ,21,7, ,35
3/29/2014,Tamil Nadu,0, , ,23,7, ,37.5
3/30/2014,Tamil Nadu,0, , ,24,6, ,37.5
3/31/2014,Tamil Nadu,0, , ,21,7, ,35
12/25/2016,Tamil Nadu,0, , ,0,4,15,5
3/26/2016,Tamil Nadu,0, , ,0,2,6,2.5
12/31/2014,Tamil Nadu,0, , ,0,4,11,5
1/4/2015,Tamil Nadu,0, , ,0,6,16,7.5
1/10/2015,Tamil Nadu,0, , ,0,1,12,1.25
1/18/2015,Tamil Nadu,0, , ,0,5,13,6.25
1/26/2015,Tamil Nadu,0, , ,0,2,15,2.5
2/1/2015,Tamil Nadu,0, , ,0,4,12,5
2/8/2015,Tamil Nadu,0, , ,0,4,30,5
2/15/2015,Tamil Nadu,0, , ,0,2,10,2.5
2/17/2015,Tamil Nadu,0, , ,0,3,7,3.75
2/19/2015,Tamil Nadu,0, , ,0,2,17,2.5
3/1/2015,Tamil Nadu,0, , ,0,2,13,2.5
3/9/2015,Tamil Nadu,0, , ,0,1,18,1.25
3/17/2015,Tamil Nadu,0, , ,0,2,22,2.5
3/22/2015,Tamil Nadu,0, , ,0,2,4,2.5
3/24/2015,Tamil Nadu,0, , ,0,2,34,2.5
3/29/2015,Tamil Nadu,0, , ,0,6,19,7.5
10/23/2014,Tamil Nadu,0, , ,0,13,11,16.25
10/26/2014,Tamil Nadu,0, , ,0,3,11,3.75
11/4/2014,Tamil Nadu,0, , ,0,4,17,5
11/12/2014,Tamil Nadu,0, , ,0,4,4,5
11/17/2014,Tamil Nadu,0, , ,0,4,14,5
11/23/2014,Tamil Nadu,0, , ,0,0,18,0
11/26/2014,Tamil Nadu,0, , ,0,4,13,5
11/30/2014,Tamil Nadu,0, , ,0,6,12,7.5
12/3/2014,Tamil Nadu,0, , ,0,2,8,2.5
12/11/2014,Tamil Nadu,0, , ,0,4,16,5
12/21/2014,Tamil Nadu,0, , ,0,4,13,5
12/25/2014,Tamil Nadu,0, , ,0,7,18,8.75
7/2/2014,Tamil Nadu,0, , ,0,6,5,7.5
7/5/2014,Tamil Nadu,0, , ,0,1,3,1.25
7/13/2014,Tamil Nadu,0, , ,0,4,10,5
7/17/2014,Tamil Nadu,0, , ,0,8,6,10
8/1/2014,Tamil Nadu,0, , ,0,1,4,1.25
8/4/2014,Tamil Nadu,0, , ,0,8,5,10
8/7/2014,Tamil Nadu,0, , ,0,6,14,7.5
8/26/2014,Tamil Nadu,0, , ,0,1,4,1.25
4/6/2014,Tamil Nadu,0, , ,0,6, ,7.5
5/7/2014,Tamil Nadu,0, , ,0,6, ,7.5
5/26/2014,Tamil Nadu,0, , ,0,5,17,6.25
5/28/2014,Tamil Nadu,0, , ,0,5,18,6.25
5/31/2014,Tamil Nadu,0, , ,0,7,9,8.75
6/10/2014,Tamil Nadu,0, , ,0,7,3,8.75
12/31/2013,Tamil Nadu,0, , ,0,0,12,0
1/5/2014,Tamil Nadu,0, , ,0,0,8,0
1/14/2014,Tamil Nadu,0, , ,0,3, ,3.75
1/17/2014,Tamil Nadu,0, , ,0,4,26,5
1/27/2014,Tamil Nadu,0, , ,0,4, ,5
2/3/2014,Tamil Nadu,0, , ,0,4,1,5
2/8/2014,Tamil Nadu,0, , ,0,4, ,5
2/16/2014,Tamil Nadu,0, , ,0,4, ,5
2/23/2014,Tamil Nadu,0, , ,0,0, ,0
3/10/2014,Tamil Nadu,0, , ,0,0, ,0
3/23/2014,Tamil Nadu,0, , ,0,5, ,6.25
10/3/2014,Tamil Nadu,0, , ,0,0,11,0
10/14/2014,Tamil Nadu,0, , ,0,0,18,0
10/20/2014,Tamil Nadu,0, , ,0,0,17,0
9/15/2014,Tamil Nadu,0, , ,0,0,13,0
9/29/2014,Tamil Nadu,0, , ,0,0,12,0
